restaurant,period,forecast_origin,target_date,q025,q05,q20,q25,q35,median,q65,q75,q80,q95,q975,predictive_sd,lead_days,actual_sales,actual_available,run_id
all,forecast_horizon,2025-02-28,2025-03-01,47666.315820100404,48003.800839434516,48854.398965740416,49107.49683184524,49512.92394103358,49886.7335883575,50271.25151038197,50659.15016041256,50916.71379172732,51825.114153246504,52142.587079411394,1153.082923523976,1,,False,aggregate_independent_posterior_pairing
downtown,forecast_horizon,2025-02-28,2025-03-01,9137.885013463509,9246.521393137089,9730.212502725655,9822.128371744322,10054.120505808447,10293.610017859934,10548.03797029223,10756.213011231343,10864.00656649071,11340.553784335172,11578.56702742041,648.6448585967727,1,,False,2025-02-28_downtown
fscoffee,forecast_horizon,2025-02-28,2025-03-01,11755.764916760505,12075.905534849473,12526.798893584335,12616.537160232732,12768.644419846854,12995.600402305954,13224.70246260933,13371.970256233008,13461.814472372263,13884.186248451259,14073.310858359646,569.0392501142719,1,,False,2025-02-28_fscoffee
hurricane,forecast_horizon,2025-02-28,2025-03-01,13109.253380588652,13229.735460328298,13597.133793306693,13680.127197780093,13815.604444406923,14004.680891862905,14226.530287765983,14391.468428051747,14487.137208992457,14892.977723719265,15069.72545218978,519.3827510353316,1,,False,2025-02-28_hurricane
springdale,forecast_horizon,2025-02-28,2025-03-01,11490.417739888062,11727.927235087574,12147.285959727666,12253.209812059315,12370.828727011552,12578.51946131841,12759.487572597443,12920.495380543583,13004.537420711402,13426.59916309749,13584.084785413681,521.6043849743705,1,,False,2025-02-28_springdale
all,forecast_horizon,2025-02-28,2025-03-02,45931.09654677023,46469.41655178562,47386.55412120324,47560.746998791845,47904.83220731594,48423.5665212808,48928.72270251081,49239.3385974518,49474.243208119784,50496.384464717084,50785.72764685524,1225.8599347439679,2,,False,aggregate_independent_posterior_pairing
downtown,forecast_horizon,2025-02-28,2025-03-02,8158.461362357185,8354.675125639762,8798.888292318521,8924.667688763306,9095.67653338189,9355.204049848377,9602.065106834218,9775.333279913604,9904.522895716971,10525.479360055446,10818.34586202433,649.8308677346677,2,,False,2025-02-28_downtown
fscoffee,forecast_horizon,2025-02-28,2025-03-02,12008.85611543113,12217.555539041257,12795.498730856827,12943.034223941968,13131.72314381631,13355.8407391914,13588.713711064262,13734.987405282738,13840.476462228473,14369.968872954621,14518.865782327857,628.9096322541764,2,,False,2025-02-28_fscoffee
hurricane,forecast_horizon,2025-02-28,2025-03-02,12972.109892451195,13117.078990981794,13528.4153715239,13624.11326187146,13776.03180445322,13982.246363716382,14215.309093106107,14376.088365517942,14488.115874644673,14958.128684693704,15168.615856086148,568.2576460268012,2,,False,2025-02-28_hurricane
springdale,forecast_horizon,2025-02-28,2025-03-02,10679.042556166103,10805.049617230972,11208.751058125328,11308.569242517413,11465.1518333765,11697.39883276327,11927.87201839297,12092.312729833082,12206.122131670283,12641.696596660217,12788.05409588669,566.8996456705257,2,,False,2025-02-28_springdale
all,forecast_horizon,2025-02-28,2025-03-03,44955.88545049387,45304.07717724223,46272.51706025084,46480.56229674105,46847.02148438491,47303.65011118063,47757.21639550812,48091.6115574812,48367.95617792274,49450.68217723488,49806.56438233369,1249.4374691572584,3,,False,aggregate_independent_posterior_pairing
downtown,forecast_horizon,2025-02-28,2025-03-03,7177.450838724389,7390.072591134644,7944.798451647055,8058.35660656166,8238.910253573149,8526.237665170516,8766.68914557566,8967.416045661885,9077.110168492907,9591.506651900136,9823.83502055519,662.8881447443272,3,,False,2025-02-28_downtown
fscoffee,forecast_horizon,2025-02-28,2025-03-03,12812.819364689383,13119.415229435654,13638.812650104119,13756.514741526782,13954.202561932725,14232.442591506388,14465.108097814715,14631.472918833988,14771.182909122104,15211.654604757274,15339.822958882716,651.8452436852454,3,,False,2025-02-28_fscoffee
hurricane,forecast_horizon,2025-02-28,2025-03-03,12042.147650927263,12249.832409038934,12661.935300923758,12736.158374458173,12917.871011423162,13166.577765714863,13365.82919345355,13511.934450704006,13594.820329740529,14044.687232011327,14170.628409238221,549.1108919732496,3,,False,2025-02-28_hurricane
springdale,forecast_horizon,2025-02-28,2025-03-03,10313.556003603348,10553.57020869761,10999.866600032865,11104.348994861575,11267.363951351697,11476.391850882872,11698.988101333132,11848.952839461857,11947.150775249585,12398.855921579803,12561.183993224866,565.3493849616975,3,,False,2025-02-28_springdale
all,forecast_horizon,2025-02-28,2025-03-04,45397.12034684881,45750.680524204545,46719.56586933698,46940.27139222988,47250.705173638344,47712.41451650616,48226.35862739511,48561.13392335937,48686.286001261105,49663.17415777801,50136.69647567829,1188.2466808950455,4,,False,aggregate_independent_posterior_pairing
downtown,forecast_horizon,2025-02-28,2025-03-04,7361.342344204851,7557.451132061235,8035.930185281663,8173.372923994702,8384.617348849353,8605.576781750537,8834.076623197998,9032.043643722163,9127.271007997839,9676.454020525473,9836.70279818851,639.5080833632991,4,,False,2025-02-28_downtown
fscoffee,forecast_horizon,2025-02-28,2025-03-04,13276.557118721777,13480.44077760238,14083.458947653837,14205.176699159667,14401.856911755089,14622.28231481623,14875.911574442864,15024.315490561192,15142.627140431418,15631.872537862622,15777.83057266841,638.6672578336294,4,,False,2025-02-28_fscoffee
hurricane,forecast_horizon,2025-02-28,2025-03-04,11329.192970064323,11451.485451447994,11928.469181807272,12011.499687884787,12178.101151614526,12407.76040496472,12606.444063499679,12804.27192954005,12888.034312808226,13383.754922429056,13574.595174801072,581.4925047626273,4,,False,2025-02-28_hurricane
springdale,forecast_horizon,2025-02-28,2025-03-04,11042.556830286701,11190.170751711636,11652.037642209438,11721.33736764114,11875.928538131848,12069.272939961069,12292.033976422583,12452.88697570317,12559.070058022015,13081.588468426951,13260.716749770734,559.8970309948628,4,,False,2025-02-28_springdale
all,forecast_horizon,2025-02-28,2025-03-05,46991.31417590341,47389.27377719343,48391.4830976874,48566.542785508056,48984.35440431315,49458.61823695652,49921.72815597482,50278.33859371529,50500.137706654874,51584.594842732586,51909.67561239288,1248.7115452307382,5,,False,aggregate_independent_posterior_pairing
downtown,forecast_horizon,2025-02-28,2025-03-05,8068.105822425978,8274.912347349698,8736.393310546013,8839.82249808563,9040.313118531192,9258.297201301422,9503.111923141445,9642.100230971728,9725.687460377674,10303.925894499322,10532.275827756783,618.5419850272857,5,,False,2025-02-28_downtown
fscoffee,forecast_horizon,2025-02-28,2025-03-05,13090.925738456112,13320.855895031247,13942.004688787678,14068.478866623405,14301.987662042711,14541.575843112947,14812.583521875353,14951.775195802817,15055.7245236878,15513.889411583685,15722.402113954584,675.6905248373954,5,,False,2025-02-28_fscoffee
hurricane,forecast_horizon,2025-02-28,2025-03-05,11363.603794608716,11519.08908159621,11908.799023520092,12012.088702163706,12156.233879532896,12391.945188701568,12600.345637345372,12751.302918111265,12833.600866276376,13294.301157449856,13527.713890231678,548.5698957975262,5,,False,2025-02-28_hurricane
springdale,forecast_horizon,2025-02-28,2025-03-05,12173.398943664304,12340.776170387575,12813.429265244562,12882.588577648388,13066.306106447133,13304.303675799867,13526.940454353615,13694.96466757914,13819.789758056748,14235.798322651493,14394.219826992447,587.3077543486766,5,,False,2025-02-28_springdale
all,forecast_horizon,2025-02-28,2025-03-06,47875.58910136182,48127.83325666399,49088.1181144293,49339.07492065059,49648.24493365789,50211.10343475186,50699.134980084316,51017.77728426846,51167.07861632557,52273.22764425041,52651.41655780069,1252.5985443152786,6,,False,aggregate_independent_posterior_pairing
downtown,forecast_horizon,2025-02-28,2025-03-06,8843.408106063762,9064.489954627477,9599.07424921644,9718.888226224291,9911.927174457025,10141.392762662152,10379.694030191757,10587.733209025326,10693.883029105004,11225.34656888169,11468.399350794276,664.9240169698853,6,,False,2025-02-28_downtown
fscoffee,forecast_horizon,2025-02-28,2025-03-06,12110.601382386087,12341.54377761692,13049.738358005923,13167.419439796431,13369.87333201128,13621.483158388448,13857.33258864468,14017.958497734964,14102.404625973244,14592.463042289253,14755.469552701286,668.0065853260379,6,,False,2025-02-28_fscoffee
hurricane,forecast_horizon,2025-02-28,2025-03-06,11613.23470229074,11803.57453239545,12282.136753213063,12384.08964772202,12560.493460254476,12776.1126089606,12973.890872160946,13164.361051323887,13239.188055457216,13668.121878825346,13891.689029626268,567.365137904566,6,,False,2025-02-28_hurricane
springdale,forecast_horizon,2025-02-28,2025-03-06,12645.70053502728,12780.070638776184,13231.224691111229,13319.456457761804,13472.162753211334,13707.168004120289,13932.52895533,14085.919724794148,14170.513223250271,14598.366009725945,14806.366483941803,553.1572900194009,6,,False,2025-02-28_springdale
all,forecast_horizon,2025-02-28,2025-03-07,48018.40073038926,48327.53660850039,49248.56768334057,49490.49004967103,49798.458486169584,50394.530202512105,50861.15892048867,51297.57311627622,51526.21711201721,52545.90464501561,52899.08219586071,1299.994780371993,7,,False,aggregate_independent_posterior_pairing
downtown,forecast_horizon,2025-02-28,2025-03-07,9164.739570692307,9364.896384288091,9871.83082026161,9992.121332169016,10195.3742334158,10452.09003868466,10740.234178411982,10971.295982363421,11069.808170030046,11624.554065663979,11801.2307904964,676.8819099204416,7,,False,2025-02-28_downtown
fscoffee,forecast_horizon,2025-02-28,2025-03-07,11526.51834270016,11770.136689448922,12402.79975540869,12525.12351847429,12730.39717780777,12995.880409040368,13271.364119738315,13446.797471936174,13536.558082046384,13981.097611409756,14130.246484893603,670.0055717499495,7,,False,2025-02-28_fscoffee
hurricane,forecast_horizon,2025-02-28,2025-03-07,12309.809939252598,12498.100395643798,12987.65432398372,13095.236990874353,13248.606088765058,13467.921539932053,13692.58872651146,13859.129599941178,13949.459238550902,14436.260757191423,14584.535205309645,582.212908388574,7,,False,2025-02-28_hurricane
springdale,forecast_horizon,2025-02-28,2025-03-07,12401.985681725306,12564.656368045336,12987.215272004001,13095.71306546932,13281.853825063272,13494.55970335558,13716.095532218267,13861.015997638717,13957.161547659918,14433.346797289421,14600.70642592648,574.8342789958049,7,,False,2025-02-28_springdale
all,forecast_horizon,2025-02-28,2025-03-08,47157.39409741446,47536.416832872485,48613.44402473219,48898.05311037974,49223.57951109753,49751.20332157971,50203.05135410437,50522.86906132541,50698.66625490628,51783.03846761254,52122.72199031378,1248.9589278288338,8,,False,aggregate_independent_posterior_pairing
downtown,forecast_horizon,2025-02-28,2025-03-08,8890.991984790993,9155.567168566842,9692.654787292451,9788.403428222493,9958.702677931058,10190.477053972172,10457.220762219336,10681.805363513846,10804.143743414546,11261.74137001357,11509.978995790781,657.4369678687688,8,,False,2025-02-28_downtown
fscoffee,forecast_horizon,2025-02-28,2025-03-08,11520.860065192523,11710.261161298686,12320.835689142114,12443.968506281139,12618.617807746085,12919.804108676752,13194.763841438295,13396.838558872521,13488.487739485465,13898.428583752664,14031.760382859964,686.1961983520641,8,,False,2025-02-28_fscoffee
hurricane,forecast_horizon,2025-02-28,2025-03-08,12790.457154223468,12925.522315811373,13421.366863122214,13517.637035927488,13693.027046122901,13917.188549262139,14133.168534031742,14297.401247408976,14397.194043083558,14865.387973131757,15043.457018198571,579.0349016626149,8,,False,2025-02-28_hurricane
springdale,forecast_horizon,2025-02-28,2025-03-08,11535.190757662316,11687.66785062114,12194.54250300073,12295.20650888602,12467.44988876461,12667.240651404669,12878.216665634578,13063.427817934613,13143.318284009598,13655.741106537007,13872.214399553748,591.4288579510513,8,,False,2025-02-28_springdale
all,forecast_horizon,2025-02-28,2025-03-09,45762.174234703634,46180.376221879415,47156.22431608627,47398.90306417667,47768.438135677156,48305.729233718754,48801.34184309524,49158.905761054426,49373.4684408202,50293.61692286502,50704.63084196817,1284.8035926781586,9,,False,aggregate_independent_posterior_pairing
downtown,forecast_horizon,2025-02-28,2025-03-09,7858.215176642007,8067.594183678386,8712.387891023718,8814.49682618089,9000.890296231006,9315.604406081464,9583.829180262008,9773.636047923315,9862.26467410784,10406.015380864023,10608.013020950624,725.4782549100586,9,,False,2025-02-28_downtown
fscoffee,forecast_horizon,2025-02-28,2025-03-09,11875.59939602809,12159.290263945384,12774.422709170296,12911.003539743415,13127.82082032489,13365.78537905376,13620.548957938558,13804.084687353972,13936.471418015431,14335.193896265591,14553.692612645838,688.147774829615,9,,False,2025-02-28_fscoffee
hurricane,forecast_horizon,2025-02-28,2025-03-09,12672.10743560661,12874.375131004559,13408.699196053647,13502.702658795619,13675.273460405093,13899.398898243988,14110.239984883692,14284.597801802029,14356.06047145521,14829.759845962952,15052.493040637397,592.7067949864118,9,,False,2025-02-28_hurricane
springdale,forecast_horizon,2025-02-28,2025-03-09,10649.931355090157,10850.952363022494,11303.807872692507,11386.395524451049,11545.838472029895,11787.570432620341,11983.26200155923,12156.00139588133,12242.814713189828,12689.754152197782,12855.546351359959,568.3246664654945,9,,False,2025-02-28_springdale
all,forecast_horizon,2025-02-28,2025-03-10,44654.61856272306,45082.70994664805,46220.10832860816,46439.69896888473,46778.63558351751,47334.31544012364,47781.18794018159,48174.7206956998,48388.268108977114,49392.65133439714,49833.302549064174,1300.3244657563991,10,,False,aggregate_independent_posterior_pairing
downtown,forecast_horizon,2025-02-28,2025-03-10,6993.3150045912635,7270.662705627993,7810.514109526925,7935.097595408608,8124.657549090544,8398.477975926793,8668.242520614916,8857.903640269238,8943.1562521679,9523.344237639654,9807.391224522824,692.0999312628537,10,,False,2025-02-28_downtown
fscoffee,forecast_horizon,2025-02-28,2025-03-10,12504.624941964737,12844.372304106982,13564.52786953022,13680.91552681081,13963.054833274444,14225.199075532892,14463.595038544465,14681.794555213348,14808.46870368889,15264.7523956377,15404.07565539746,737.3312757932372,10,,False,2025-02-28_fscoffee
hurricane,forecast_horizon,2025-02-28,2025-03-10,11919.519612066208,12168.805352903632,12605.1958041123,12718.35503949786,12886.888099077585,13112.589396273997,13320.059333519905,13462.103680691283,13554.467892168354,14014.936471628584,14207.66963357003,574.2319865390274,10,,False,2025-02-28_hurricane
springdale,forecast_horizon,2025-02-28,2025-03-10,10566.85536698078,10750.06275254937,11129.522691490645,11218.10293733823,11388.19105808743,11605.205176548403,11840.581243783437,11998.757258213938,12115.762784043874,12632.490746954518,12825.181849206656,583.1815997631319,10,,False,2025-02-28_springdale
all,forecast_horizon,2025-02-28,2025-03-11,44872.019611997566,45308.70951376197,46386.59966344691,46638.47834381227,47047.878327260616,47532.2310212698,48025.025909962846,48454.61430056037,48693.73679904152,49755.87881595583,50118.41236064689,1345.6569363720885,11,,False,aggregate_independent_posterior_pairing
downtown,forecast_horizon,2025-02-28,2025-03-11,7092.273766031728,7361.813511397394,7925.45751938824,8040.488885110885,8232.711221500016,8464.308039736403,8733.499813025312,8961.163733534726,9075.450042001226,9594.005358555962,9809.871498872808,689.1016256823953,11,,False,2025-02-28_downtown
fscoffee,forecast_horizon,2025-02-28,2025-03-11,13014.698204747428,13230.383296036549,13905.79638988291,14058.451123481967,14313.694080694786,14589.962267541669,14852.870435934097,15053.042294317143,15157.277989540275,15647.326354449324,15770.339353471169,718.4978916721202,11,,False,2025-02-28_fscoffee
hurricane,forecast_horizon,2025-02-28,2025-03-11,11113.135527524855,11304.804988563445,11805.131969853668,11908.747504470099,12108.812782235475,12339.699402343882,12565.48221116143,12710.719657577987,12810.040510997771,13316.763769017518,13501.489523460774,606.6768992228583,11,,False,2025-02-28_hurricane
springdale,forecast_horizon,2025-02-28,2025-03-11,11030.902001751703,11183.37576263263,11641.698110089694,11732.762934396018,11930.605347997145,12201.376063160467,12408.593594938646,12576.860663268459,12664.358042890031,13163.048507763335,13422.946366894581,608.9839549117913,11,,False,2025-02-28_springdale
all,forecast_horizon,2025-02-28,2025-03-12,46656.5248029817,47197.541756407125,48321.36336516788,48551.06326907313,48994.23661783501,49447.412569785636,49998.279439534075,50392.69776850967,50587.37903297239,51462.506456846895,51824.24530793835,1332.0582343317128,12,,False,aggregate_independent_posterior_pairing
downtown,forecast_horizon,2025-02-28,2025-03-12,7908.570595224993,8099.484616556227,8605.837679402737,8713.037112413547,8909.046551236028,9117.176316189258,9428.033233996006,9647.633510396252,9756.982560740276,10307.062808792245,10547.655503406422,669.9632001490725,12,,False,2025-02-28_downtown
fscoffee,forecast_horizon,2025-02-28,2025-03-12,12823.064952880415,13114.048517056548,13913.10828071057,14051.90732256644,14281.479289087489,14585.560623722355,14872.089413348353,15075.890062670733,15167.24652608128,15700.027649042262,15885.496300762803,757.6015355397878,12,,False,2025-02-28_fscoffee
hurricane,forecast_horizon,2025-02-28,2025-03-12,11161.12075728102,11296.609258508524,11794.21933197618,11903.431755178268,12082.247492324237,12328.380208671975,12544.143916583294,12700.577853009905,12820.184274056955,13322.598618458096,13515.614939204917,605.2655043115751,12,,False,2025-02-28_hurricane
springdale,forecast_horizon,2025-02-28,2025-03-12,12219.576803733604,12410.642270249558,12891.958306931367,12995.736348346076,13187.52724702472,13445.697774204582,13662.800511385229,13833.736552090599,13931.278944111269,14361.925509870804,14587.086026761257,605.2675311160319,12,,False,2025-02-28_springdale
all,forecast_horizon,2025-02-28,2025-03-13,47487.70334316061,47901.16628913114,48831.70278706822,49098.639085303534,49506.82251929458,50041.26069131923,50573.584619798545,51021.5809605566,51250.25812164288,52243.532602831336,52633.357804302876,1356.6921211997071,13,,False,aggregate_independent_posterior_pairing
downtown,forecast_horizon,2025-02-28,2025-03-13,8625.721229201614,8904.592826900689,9425.219264679909,9521.200829286365,9723.688854017006,10016.125184127835,10306.207398541464,10517.84093253856,10659.532222574266,11145.589674088329,11355.122002616,702.9285105153937,13,,False,2025-02-28_downtown
fscoffee,forecast_horizon,2025-02-28,2025-03-13,12071.237429649707,12251.680733746065,12945.92227524676,13085.393361619983,13320.055571491746,13627.377564051847,13892.335946665993,14067.826350564577,14199.536304630874,14724.44619991485,14875.755804314014,743.2646489351362,13,,False,2025-02-28_fscoffee
hurricane,forecast_horizon,2025-02-28,2025-03-13,11566.21280639495,11745.229845225384,12196.523950397259,12297.767239078834,12450.119567479056,12660.140944907767,12922.267060056647,13049.82178850241,13178.917973944504,13659.39109713874,13898.88560683027,590.2672050381342,13,,False,2025-02-28_hurricane
springdale,forecast_horizon,2025-02-28,2025-03-13,12585.324488574046,12802.238633583434,13282.931576154764,13386.86874637998,13561.231691462785,13782.74156980014,14007.322699895514,14202.058466252052,14310.650098960887,14779.93032801257,14992.025700874934,616.2532828158709,13,,False,2025-02-28_springdale
all,forecast_horizon,2025-02-28,2025-03-14,47548.97211448222,47974.47560381227,49155.64699126187,49373.42895827143,49731.02784757796,50236.057510903,50796.4955672357,51128.08097176628,51317.49601273823,52373.05462406239,52624.67099074948,1322.5130861216323,14,,False,aggregate_independent_posterior_pairing
downtown,forecast_horizon,2025-02-28,2025-03-14,8965.503646822335,9173.769371237879,9788.357089508278,9902.094149093984,10121.459440825949,10413.500871534081,10662.56374264745,10851.159216963104,10940.858517492532,11492.625443610199,11711.545979056295,709.0124860023474,14,,False,2025-02-28_downtown
fscoffee,forecast_horizon,2025-02-28,2025-03-14,11118.735744917187,11551.462234310158,12284.914977217632,12416.282003765842,12635.073433913956,12936.840808954239,13187.647007261072,13367.687818289387,13499.740837795343,14020.156881944555,14228.59139786516,761.8738423747081,14,,False,2025-02-28_fscoffee
hurricane,forecast_horizon,2025-02-28,2025-03-14,12273.500412043531,12407.965120496847,12855.29196964708,12958.05631905939,13129.933146505993,13359.774078523958,13626.27215018704,13813.71158768152,13904.911502366454,14342.952721264086,14540.071516051808,608.224407343646,14,,False,2025-02-28_hurricane
springdale,forecast_horizon,2025-02-28,2025-03-14,12519.41368116118,12649.551150968997,13093.659551766874,13184.28214568735,13360.193755339706,13609.434874115312,13844.415424691617,14026.327815183326,14126.994170003025,14656.102999188934,14893.821301945261,617.6772964669351,14,,False,2025-02-28_springdale
all,historical_model_estimate,2025-02-28,2024-01-01,39080.80537215248,39812.68208890472,42192.448371875245,42691.341239666435,43562.66318576364,44536.35503632345,45469.00211328809,46261.16269703086,46771.38942414068,48944.152826368845,49487.62304086864,2727.0247119510695,-424,43641.02118441682,True,aggregate_independent_posterior_pairing
downtown,historical_model_estimate,2025-02-28,2024-01-01,5115.701496536106,5573.587213358096,6779.138788138632,7065.132676520294,7416.971602523674,7919.994991859125,8499.636126680412,8927.013262948825,9128.173650386942,10366.21791634844,10771.707531208709,1451.4158142280419,-424,7155.035806580749,True,2025-02-28_downtown
fscoffee,historical_model_estimate,2025-02-28,2024-01-01,10928.214304672754,11613.246119026957,12847.437236278594,13104.107180730947,13528.298445624549,14029.982325604395,14487.192988989756,14902.253615474554,15123.358991694677,16333.812781132794,16773.163253919633,1423.8651510955958,-424,13757.648095876104,True,2025-02-28_fscoffee
hurricane,historical_model_estimate,2025-02-28,2024-01-01,10121.947185614152,10537.188886280299,11478.255350310807,11688.745710796857,12142.943677839308,12609.004812239365,13062.954746293775,13465.302438406085,13688.866154955738,14629.954066489785,15189.094426859197,1273.2502319298937,-424,13058.719237513726,True,2025-02-28_hurricane
springdale,historical_model_estimate,2025-02-28,2024-01-01,7144.183345971872,7662.80297477538,8718.461847966775,8939.184378037413,9415.560021424513,10015.818034837419,10511.980090466493,10968.146950477148,11208.73474991353,12223.758555285078,12488.901715091235,1392.3087118537062,-424,9669.618044446248,True,2025-02-28_springdale
all,historical_model_estimate,2025-02-28,2024-01-02,37632.435019024284,38821.19565104685,41576.30687498434,42327.949288275326,43294.14751735453,44772.229132640154,46273.793850679845,47423.68390816059,48032.20988945991,50629.89642456077,51961.25958320896,3682.4641475058615,-423,43525.22933044413,True,aggregate_independent_posterior_pairing
downtown,historical_model_estimate,2025-02-28,2024-01-02,4240.173107269303,4750.820944865707,6348.660700900412,6657.963188812682,7167.439623898098,7759.342811547282,8571.54871265569,9060.52030929323,9451.723196337802,10994.829640468266,11587.741410871095,1877.8953042433607,-423,8149.393954550432,True,2025-02-28_downtown
fscoffee,historical_model_estimate,2025-02-28,2024-01-02,10467.883284485351,11168.003296072568,12695.742864020736,13019.490443665802,13485.094384446815,14226.530215991163,14859.124225008913,15354.784529007691,15660.126583463993,16849.31092114796,17716.876965556825,1796.5322815051875,-423,13820.03690863761,True,2025-02-28_fscoffee
hurricane,historical_model_estimate,2025-02-28,2024-01-02,8611.02288090851,9159.220264442658,10545.236749688349,10862.979289665522,11357.612902035073,12038.27640250012,12760.447777901942,13242.581081829423,13575.474926128394,15269.856979828219,15868.265639206234,1820.1553547645353,-423,10733.2360510186,True,2025-02-28_hurricane
springdale,historical_model_estimate,2025-02-28,2024-01-02,6713.73815105402,7546.642284675889,9060.452050103806,9453.144823068516,10023.004855110752,10705.383605849043,11433.234293843401,11929.476254395126,12305.653732261348,13757.509689610191,14382.82613815814,1930.8643759114034,-423,10822.562416237484,True,2025-02-28_springdale
all,historical_model_estimate,2025-02-28,2024-01-03,42296.617433374995,42930.46138216077,44674.23593431994,45004.48252220596,45493.15296929075,46257.61287932651,46747.507882138874,47450.2364319972,47774.54197387345,49529.173422062806,50218.76073115023,1978.4896668504907,-422,45433.599965983034,True,aggregate_independent_posterior_pairing
downtown,historical_model_estimate,2025-02-28,2024-01-03,6390.052716913698,6706.712160533955,7625.677046400021,7752.062763744439,8045.972333213786,8428.421187569998,8803.294075823476,9080.018418184141,9260.992826862015,10109.109990122977,10365.718760768637,1022.1332228549467,-422,8999.326473944211,True,2025-02-28_downtown
fscoffee,historical_model_estimate,2025-02-28,2024-01-03,12021.774353883413,12423.304284899523,13266.665262464807,13428.268020291105,13664.444829931072,14122.25899569068,14478.416950619185,14784.0975111666,14948.90160264739,15819.729429956209,16156.838373946568,1044.6020068020034,-422,13863.6436612508,True,2025-02-28_fscoffee
hurricane,historical_model_estimate,2025-02-28,2024-01-03,10079.699350175619,10358.623892107598,11150.35391888566,11288.006040562996,11554.261359041808,11988.456466953641,12323.467852604188,12577.496724397784,12749.949728058851,13618.226336435626,14012.535830708886,986.544510092431,-422,11051.950061931868,True,2025-02-28_hurricane
springdale,historical_model_estimate,2025-02-28,2024-01-03,9661.685404255408,10085.172772203097,10908.141758189478,11092.955348562733,11315.745745029351,11722.366942436496,12119.508602427872,12412.626378957044,12527.932859648557,13398.79807737828,13706.123326184797,1005.1991048197614,-422,11518.679768856156,True,2025-02-28_springdale
all,historical_model_estimate,2025-02-28,2024-01-04,42952.10994491359,43594.76364543985,44883.593649843344,45250.24419222646,45835.900575918145,46633.58001628595,47322.02716169841,47876.10395080789,48253.13764507677,49714.77528506896,50258.39427520321,1940.6683120433345,-421,45983.51762319318,True,aggregate_independent_posterior_pairing
downtown,historical_model_estimate,2025-02-28,2024-01-04,7509.342122878092,7704.0739513717745,8577.999699192116,8741.508460975321,9026.633259344871,9420.033455773088,9821.268548060556,10063.24917378705,10220.641595668547,11060.039142121703,11422.590778070804,1030.6429536510989,-421,8673.657789130108,True,2025-02-28_downtown
fscoffee,historical_model_estimate,2025-02-28,2024-01-04,11299.752090834254,11596.376932774645,12337.470554324611,12475.3078424256,12696.31888777545,13127.571853034697,13464.647393840658,13718.0381513188,13885.97394095586,14773.798395653888,15138.674066359623,958.5120467475144,-421,13588.231855240703,True,2025-02-28_fscoffee
hurricane,historical_model_estimate,2025-02-28,2024-01-04,10357.997334837086,10638.078819825367,11341.811177172043,11476.783942789725,11781.20523732698,12124.52417522341,12451.475062194646,12712.522812724355,12877.20637586601,13584.310852613173,13947.09365009586,919.3357944589749,-421,11142.061033691827,True,2025-02-28_hurricane
springdale,historical_model_estimate,2025-02-28,2024-01-04,9921.450314513693,10250.348523848521,11115.6126334542,11293.76817737114,11580.477318037143,11958.710876799867,12359.272806412144,12608.647868973876,12777.190391457914,13506.35578697156,13943.143394060591,1003.7151217004464,-421,12579.566945130538,True,2025-02-28_springdale
all,historical_model_estimate,2025-02-28,2024-01-05,43241.814368579304,43715.11489000534,44983.954857605655,45359.070419470634,45904.0227415184,46677.287525025175,47431.99019844024,47837.30143231974,48088.42659136141,49724.318062075785,50150.48853882887,1832.7164110727163,-420,47352.40114778787,True,aggregate_independent_posterior_pairing
downtown,historical_model_estimate,2025-02-28,2024-01-05,7656.453974840889,7932.625492431034,8780.494473947745,8910.59765089857,9156.62540463268,9546.171624233331,9926.250322185371,10199.072988482392,10331.101805010932,11115.272573108463,11450.199009640195,973.8608365089617,-420,10025.137680279911,True,2025-02-28_downtown
fscoffee,historical_model_estimate,2025-02-28,2024-01-05,10777.228926002592,11084.644260923182,11829.933048191038,11983.344201959177,12224.416095195998,12551.838257160613,12869.721869252533,13177.284675256968,13313.362582381173,14010.211974543083,14258.090820499334,891.2547418049088,-420,12542.663983739749,True,2025-02-28_fscoffee
hurricane,historical_model_estimate,2025-02-28,2024-01-05,10857.639559424046,11051.240195883785,11764.208680905858,11928.864019281393,12176.91478877267,12488.537343035701,12857.09849914933,13099.685763794163,13274.977286111362,13987.721851927305,14320.36790221094,882.706155465228,-420,12424.65587217008,True,2025-02-28_hurricane
springdale,historical_model_estimate,2025-02-28,2024-01-05,10329.492808756988,10609.264269342353,11257.530229623864,11393.50951032158,11664.878195007741,12027.188456889366,12372.175807246893,12645.170587455168,12782.44006643939,13456.990493548614,13774.271361749468,896.2008212941872,-420,12359.943611598132,True,2025-02-28_springdale
all,historical_model_estimate,2025-02-28,2024-01-06,42455.77346284074,42949.82572821314,44376.82409607917,44617.45599097975,45218.64001562348,45893.20245833427,46530.35413190383,47138.44368243806,47535.64765822996,48997.73696634299,49517.89222434474,1862.6702019668264,-419,46951.53863728483,True,aggregate_independent_posterior_pairing
downtown,historical_model_estimate,2025-02-28,2024-01-06,7579.007766420809,7875.211517181254,8660.738741165835,8830.859906396787,9079.773177681145,9442.697957833076,9833.167354957786,10135.116198148547,10268.022385357623,10982.630691955435,11189.02140979857,953.8190033041681,-419,9648.55345209307,True,2025-02-28_downtown
fscoffee,historical_model_estimate,2025-02-28,2024-01-06,10676.666971180535,10952.162461459742,11724.98921651331,11838.755662124204,12109.48763655411,12341.998045377968,12665.100344835677,12883.511218561669,13062.79767199595,13938.971325322857,14236.488570428952,874.473729527866,-419,12044.985269698203,True,2025-02-28_fscoffee
hurricane,historical_model_estimate,2025-02-28,2024-01-06,11124.580883110943,11439.970344290965,12236.976951604065,12354.63438600483,12634.82980427814,12943.58335269988,13229.289851552758,13522.115602187783,13667.25307723592,14455.440414943128,14664.935881664635,897.3732121499587,-419,13480.154626597723,True,2025-02-28_hurricane
springdale,historical_model_estimate,2025-02-28,2024-01-06,9440.860847318709,9717.787204729377,10453.071321864592,10595.103820328792,10778.899010025274,11124.28767066108,11470.697373038309,11729.087207259206,11878.512694867166,12592.475768378523,12870.026866390592,908.5198315717784,-419,11777.845288895836,True,2025-02-28_springdale
all,historical_model_estimate,2025-02-28,2024-01-07,41773.07826466659,42322.97058341564,43466.896038970925,43742.23485014974,44309.48706594413,44915.80415897861,45628.52607800016,46081.73109645995,46349.46557095587,47780.35008204301,48401.732714687234,1713.6076782844482,-418,45119.72319584995,True,aggregate_independent_posterior_pairing
downtown,historical_model_estimate,2025-02-28,2024-01-07,6953.744186212436,7181.591597648887,7826.479761946519,7977.843644401508,8286.142848959522,8676.216822409358,9007.816305131935,9283.005558602094,9422.685826955381,10269.006877254806,10638.080126634879,965.5762611117813,-418,8624.815763297896,True,2025-02-28_downtown
fscoffee,historical_model_estimate,2025-02-28,2024-01-07,10991.32911284652,11322.997486862729,12090.296085560834,12202.178848963576,12459.088549833601,12804.072392414453,13166.202234516064,13414.018505321857,13549.726981284903,14269.139484659094,14485.617535361833,898.295846877449,-418,12609.466844809158,True,2025-02-28_fscoffee
hurricane,historical_model_estimate,2025-02-28,2024-01-07,11536.380939948347,11817.851043777875,12427.047432004762,12584.012653025147,12750.978579975173,13042.691948385138,13322.183875195538,13591.459934480079,13704.43876160052,14392.895751453632,14669.740681947178,796.9033495512942,-418,13884.713387003065,True,2025-02-28_hurricane
springdale,historical_model_estimate,2025-02-28,2024-01-07,8529.711656601472,8978.143219620071,9702.269401964446,9852.447262144902,10055.535589672183,10405.071619472545,10754.180813982508,10992.14526686318,11164.545295176265,11861.957583280388,12121.95701033979,909.0598017101894,-418,10000.72720073983,True,2025-02-28_springdale
all,historical_model_estimate,2025-02-28,2024-01-08,41315.674082162564,41605.755822755855,42652.14803801047,42862.61404640063,43271.65710140022,43739.46835533176,44346.109848579865,44767.69825368749,44992.18435374824,46165.99146527652,46679.10561005268,1406.4147131227487,-417,43345.93346994174,True,aggregate_independent_posterior_pairing
downtown,historical_model_estimate,2025-02-28,2024-01-08,6033.5482749727935,6215.988298197766,6925.849743424154,7063.471148934224,7292.55525108033,7624.827827695548,7934.677969907702,8136.352978085781,8276.192368547436,8904.685409495303,9127.049943824628,797.3784697335645,-417,7536.403931992762,True,2025-02-28_downtown
fscoffee,historical_model_estimate,2025-02-28,2024-01-08,12323.781872018546,12597.578971740333,13122.140883328184,13259.702579087942,13463.597586941645,13715.050445936657,13972.424287102223,14103.725818572395,14222.401011880876,14724.678934299505,14925.47791301234,651.1946803164309,-417,13895.983614235,True,2025-02-28_fscoffee
hurricane,historical_model_estimate,2025-02-28,2024-01-08,11294.951829433883,11523.7277856509,12106.418710855847,12212.224273179603,12415.903165604434,12679.767398596658,12929.473528304597,13124.309722066519,13242.839467733946,13883.734107580382,14068.446540178635,697.497868929714,-417,11801.205513898904,True,2025-02-28_hurricane
springdale,historical_model_estimate,2025-02-28,2024-01-08,8656.661543043867,8823.320046172066,9292.311085078278,9404.085107919076,9596.226718110542,9872.11700491649,10129.421701428284,10323.25102322077,10448.99443639471,10981.415899832466,11187.922380306927,660.9620592114386,-417,10112.34040981507,True,2025-02-28_springdale
all,historical_model_estimate,2025-02-28,2024-01-09,41386.056532525596,41944.55574501322,43177.46668588753,43395.40644930555,43761.79066260571,44381.48157049884,45002.50961529383,45426.83269169033,45705.31410451547,46942.648496506816,47356.827409695885,1525.4523565704785,-416,45433.45548667189,True,aggregate_independent_posterior_pairing
downtown,historical_model_estimate,2025-02-28,2024-01-09,6551.135223897508,6862.71434565591,7481.510410219154,7604.89259466311,7818.374851702369,8160.073433610557,8489.046789526272,8702.99983662842,8863.594060901307,9453.759348185997,9729.69105662466,804.6923076492668,-416,7406.722711816925,True,2025-02-28_downtown
fscoffee,historical_model_estimate,2025-02-28,2024-01-09,12378.777249548739,12706.246585189272,13214.517972902224,13295.5091469284,13475.304276983188,13734.747863049399,13994.90787367931,14224.6920704066,14318.510899929746,14925.763037253291,15110.591263060462,704.1931719734696,-416,14445.936100474944,True,2025-02-28_fscoffee
hurricane,historical_model_estimate,2025-02-28,2024-01-09,10050.409632144703,10239.11553225255,10954.900173820819,11085.90735459282,11345.591054356975,11655.91650675321,11967.451403777517,12228.435149218007,12365.832447338833,12905.847928851714,13161.570041749937,817.7715672211853,-416,11785.900669474142,True,2025-02-28_hurricane
springdale,historical_model_estimate,2025-02-28,2024-01-09,9543.407740641422,9734.848581894406,10239.927051119792,10372.475612890388,10543.529774579969,10833.196319004503,11087.03834640355,11308.687849104277,11435.115401788747,12025.232361714301,12243.275153675037,712.48093789538,-416,11794.896004905882,True,2025-02-28_springdale
all,historical_model_estimate,2025-02-28,2024-01-10,43973.47523205498,44400.7376406905,45607.149266493296,45842.27322418158,46241.57089424047,46800.31088673066,47347.746158927046,47735.242522009925,47931.34116943409,49005.53287580999,49449.668769346405,1423.6433403021722,-415,48176.833621951526,True,aggregate_independent_posterior_pairing
downtown,historical_model_estimate,2025-02-28,2024-01-10,7103.927485411914,7408.165393332876,8116.767664118289,8210.882200360262,8435.831916539295,8770.115103743927,9031.780257889288,9220.477537606355,9359.006036954373,9993.186370563564,10235.458023944879,776.6797900022796,-415,9178.113360842108,True,2025-02-28_downtown
fscoffee,historical_model_estimate,2025-02-28,2024-01-10,12737.333120393412,12914.514306773144,13416.244274783605,13502.272837743687,13721.785093211247,13945.399090343315,14195.694287296032,14395.25188261037,14524.528592616274,15001.192605923106,15224.223074959247,640.6589255918885,-415,14212.727252716575,True,2025-02-28_fscoffee
hurricane,historical_model_estimate,2025-02-28,2024-01-10,10821.704914314154,11050.061841947272,11621.447509100135,11740.453519116456,12015.157267499173,12258.60047836315,12516.817950928731,12718.584705734349,12839.686557197288,13448.038486974883,13590.662993045878,724.1097935146787,-415,12406.772304141989,True,2025-02-28_hurricane
springdale,historical_model_estimate,2025-02-28,2024-01-10,10370.68751786202,10644.820520424919,11289.929870116526,11396.996454123488,11606.930792190056,11847.006325681854,12087.553854401674,12306.664785596762,12397.402294969468,12933.142344565633,13107.754332476887,693.1583556063396,-415,12379.220704250854,True,2025-02-28_springdale
all,historical_model_estimate,2025-02-28,2024-01-11,45164.51202541963,45413.93005269264,46545.95662010907,46821.82076893846,47207.13889815719,47736.29010818932,48305.69555110299,48728.13095697157,48978.415057748956,50067.39760791444,50624.010941702305,1413.553359848757,-414,48082.891666639654,True,aggregate_independent_posterior_pairing
downtown,historical_model_estimate,2025-02-28,2024-01-11,7655.021346378965,7882.610354362025,8494.24443763285,8679.593712114269,8924.836348484243,9221.561064947282,9512.465491583971,9723.977091573746,9843.166101449222,10485.32838024706,10713.180071409235,794.0385072481182,-414,9509.768637375728,True,2025-02-28_downtown
fscoffee,historical_model_estimate,2025-02-28,2024-01-11,12054.598556017609,12226.124841368446,12770.051905398506,12898.753390100243,13080.74106751517,13356.912371303644,13631.731271287916,13815.304456319565,13941.671705946517,14396.37681886055,14526.205177389704,667.5638043658118,-414,13783.48193252622,True,2025-02-28_fscoffee
hurricane,historical_model_estimate,2025-02-28,2024-01-11,11393.305550170948,11634.236347336277,12084.188010921858,12185.440512335315,12395.036852407797,12676.248386031835,12917.461881995325,13080.168984636726,13173.223620442976,13757.65100887367,13973.87139553048,664.1674113909085,-414,13284.049651971913,True,2025-02-28_hurricane
springdale,historical_model_estimate,2025-02-28,2024-01-11,11215.43931582802,11446.220283260007,11969.430779728333,12090.072065312706,12309.200369756965,12563.092069698507,12840.072159205283,13005.193775994121,13101.469106782952,13659.72728554859,13821.538703078588,685.626115179762,-414,11505.5914447658,True,2025-02-28_springdale
all,historical_model_estimate,2025-02-28,2024-01-12,45498.60809914998,45920.3854480003,47021.15322221399,47294.95653436385,47706.512453878226,48259.391444899884,48771.203229522456,49259.97292895192,49506.86532075333,50463.56831516162,51059.28725639783,1407.0905882426605,-413,,False,aggregate_independent_posterior_pairing
downtown,historical_model_estimate,2025-02-28,2024-01-12,8179.855708191141,8490.064714127107,9204.798212664029,9347.88115473368,9582.388335209656,9905.33044815612,10205.69901721641,10431.357001990766,10555.41202053447,11152.997517317963,11346.783025667532,800.3685908168395,-413,10290.511670335076,True,2025-02-28_downtown
fscoffee,historical_model_estimate,2025-02-28,2024-01-12,11264.933791552798,11439.248609062712,11920.863221738486,12035.394305075251,12228.171576114279,12497.771742730432,12746.213039926266,12969.25115885285,13079.205046798705,13669.057881642342,13868.758812976039,667.2464762971366,-413,,False,2025-02-28_fscoffee
hurricane,historical_model_estimate,2025-02-28,2024-01-12,12169.336917740653,12389.987382437375,12969.52275211743,13070.296739923686,13279.49862634863,13519.7821395133,13767.801001923464,13988.178525878102,14089.330533716919,14658.536170338206,14993.22331099879,684.6094435046505,-413,14076.454698410467,True,2025-02-28_hurricane
springdale,historical_model_estimate,2025-02-28,2024-01-12,11044.634327915472,11242.208210191975,11752.475976840162,11868.816300157,12041.327167067053,12308.481579806918,12566.09405892401,12775.763201452197,12893.655070765555,13490.257962636884,13629.24537117655,672.4092108772658,-413,12780.683494177056,True,2025-02-28_springdale
all,historical_model_estimate,2025-02-28,2024-01-13,44372.21152939194,44761.48729338714,46089.08372646226,46340.98724181118,46837.82832650179,47353.51400145717,47950.47885061778,48329.09546664463,48560.83277392666,49803.73636746463,50141.20270617523,1494.5834177976426,-412,,False,aggregate_independent_posterior_pairing
downtown,historical_model_estimate,2025-02-28,2024-01-13,8101.469028844794,8386.693971482377,9005.028813406423,9148.944605679633,9359.151580789094,9659.679699414626,9965.419279713753,10171.940022572404,10323.582206730696,10906.352651844643,11150.308070132029,770.4223557384156,-412,,False,2025-02-28_downtown
fscoffee,historical_model_estimate,2025-02-28,2024-01-13,10956.678085474721,11158.652193055423,11661.403304026731,11769.042578451234,11997.631303802273,12237.988345101085,12486.87594667768,12647.735955114982,12744.489197679564,13344.370818598005,13511.516967133844,652.4458018530959,-412,13717.46387171898,True,2025-02-28_fscoffee
hurricane,historical_model_estimate,2025-02-28,2024-01-13,12378.290246573833,12534.345166304038,13166.225028653922,13277.4045588857,13543.913212100306,13802.6285192857,14100.445059660415,14361.4848055295,14495.788964902884,15145.092551773749,15454.32774227337,789.2842998066515,-412,13815.766432533892,True,2025-02-28_hurricane
springdale,historical_model_estimate,2025-02-28,2024-01-13,10301.087108548481,10487.766296449972,11046.610907456079,11172.984325786692,11346.099330531566,11589.592726067569,11905.458346838212,12082.319310935954,12203.78486450277,12735.755082857188,12945.046668201485,688.6333609614862,-412,11902.050268207062,True,2025-02-28_springdale
all,historical_model_estimate,2025-02-28,2024-01-14,42838.619470144135,43204.602827864706,44386.30329610469,44618.97833736361,44957.6371375854,45455.062847210866,46013.74415020505,46418.471078717805,46657.67751891376,47832.34618584525,48244.04639623684,1386.9147805481182,-411,45167.802027631034,True,aggregate_independent_posterior_pairing
downtown,historical_model_estimate,2025-02-28,2024-01-14,7245.651697266105,7562.837739350789,8103.834268280051,8239.169656916412,8447.43850206589,8711.922963212595,9023.091910646484,9246.02545932343,9345.285926167788,9919.293161198955,10134.882721285017,741.5823050916347,-411,8239.91178060152,True,2025-02-28_downtown
fscoffee,historical_model_estimate,2025-02-28,2024-01-14,11581.981867968314,11782.794043190344,12382.447329003155,12478.751864989823,12664.651247687918,12937.31035045595,13209.646691914348,13397.702912993083,13475.079095518475,13972.976667245155,14152.297288782267,658.518849050509,-411,12972.691062276312,True,2025-02-28_fscoffee
hurricane,historical_model_estimate,2025-02-28,2024-01-14,12220.747992668737,12413.706304894227,12915.861801693869,13061.411801455191,13252.741608710066,13502.7420620726,13781.6064282182,14015.551266628723,14107.762211061809,14688.617181459882,14944.423170116292,705.3676196225225,-411,12818.595218017994,True,2025-02-28_hurricane
springdale,historical_model_estimate,2025-02-28,2024-01-14,9032.67166809609,9211.14216256318,9759.584555098743,9849.688403621765,10052.185709656997,10319.371074262417,10565.648052375585,10798.030907850018,10907.353055414922,11395.547320777594,11696.348948857536,668.3779721148898,-411,11136.603966735209,True,2025-02-28_springdale
all,historical_model_estimate,2025-02-28,2024-01-15,41670.666958953814,41972.40775432905,43053.304197694655,43326.815116585974,43692.17661380439,44167.279549236155,44668.28361310101,45071.78170554631,45323.35778809501,46305.86890226,46752.73216528342,1312.3240848301293,-410,41255.008255138004,True,aggregate_independent_posterior_pairing
downtown,historical_model_estimate,2025-02-28,2024-01-15,6317.775091391094,6500.014565967583,7044.404708480117,7168.6692004300985,7372.212507564453,7656.4091461088465,7916.93136168354,8107.3417631579405,8247.2016943259,8886.145528836894,9163.611079508837,737.212610231735,-410,7144.621369745782,True,2025-02-28_downtown
fscoffee,historical_model_estimate,2025-02-28,2024-01-15,12738.814696638565,12903.732967953534,13444.729991381499,13528.521551645645,13694.017150758142,13927.444619111158,14173.547840924395,14373.654270020357,14465.580398360733,15018.6521198391,15196.735719094988,619.550969957064,-410,13127.044333874332,True,2025-02-28_fscoffee
hurricane,historical_model_estimate,2025-02-28,2024-01-15,11240.147523562508,11407.46628097595,11932.508932488707,12031.316971910208,12212.489162153308,12433.98569990011,12680.976085963875,12862.795072842484,12976.997090294897,13494.928440788315,13639.213586687723,642.5506914599907,-410,11566.731226287951,True,2025-02-28_hurricane
springdale,historical_model_estimate,2025-02-28,2024-01-15,8732.601138348029,9042.85250146841,9550.941860978768,9679.786495312708,9889.476925069761,10147.77612618314,10379.95354219938,10585.899099464004,10675.446966970005,11116.401340169203,11351.427105428334,658.1399829731916,-410,9416.611325229944,True,2025-02-28_springdale
all,historical_model_estimate,2025-02-28,2024-01-16,41627.67204834379,42083.642667005624,43198.42408776303,43398.73676040518,43803.67212970939,44348.568050879156,44851.65400301641,45299.313771108355,45565.5897854752,46724.68356307733,47097.81331696389,1392.2498611382457,-409,44679.09090421372,True,aggregate_independent_posterior_pairing
downtown,historical_model_estimate,2025-02-28,2024-01-16,6295.185765100274,6590.585362636325,7202.023883855048,7329.677338738115,7574.487424998153,7849.674572308799,8149.977855102763,8395.4347668577,8525.736401795137,9105.862631682581,9405.392778689102,771.864075306895,-409,7292.1647291601985,True,2025-02-28_downtown
fscoffee,historical_model_estimate,2025-02-28,2024-01-16,12940.040456794923,13080.405973832103,13578.143208159086,13695.595899900281,13932.89809618332,14146.871457816545,14417.507635779111,14589.143145669696,14692.471486064867,15116.24155769573,15402.333663944459,635.4372154777361,-409,14135.646251764932,True,2025-02-28_fscoffee
hurricane,historical_model_estimate,2025-02-28,2024-01-16,9662.501221122382,9841.29148399411,10411.135443823374,10532.87911897606,10742.42548098547,10967.46808612176,11232.422103867735,11420.626611514577,11514.740891517484,12042.823701798192,12204.152247008968,665.6322783216425,-409,12125.73500771564,True,2025-02-28_hurricane
springdale,historical_model_estimate,2025-02-28,2024-01-16,10020.428947182381,10266.477677969895,10846.514255565226,10963.002453740604,11145.663953440991,11412.6273108473,11650.242254318975,11841.910160403657,11963.015684734406,12416.730972337898,12616.244725365768,658.2083531602835,-409,11125.54491557294,True,2025-02-28_springdale
all,historical_model_estimate,2025-02-28,2024-01-17,44055.50838713586,44388.24153640591,45533.567713667486,45759.057190554275,46059.44461081879,46517.81171733798,47030.549172114064,47386.99725062626,47577.91733532153,48658.11178850051,48955.24922871972,1284.2888528408148,-408,46029.89641469951,True,aggregate_independent_posterior_pairing
downtown,historical_model_estimate,2025-02-28,2024-01-17,7431.353497840167,7610.766571206392,8209.58098597017,8347.689890635473,8543.720819844119,8858.44264575718,9137.857958471965,9312.367755203051,9436.586794803581,10015.98942175916,10255.367837365067,723.4937765933024,-408,8773.155388678992,True,2025-02-28_downtown
fscoffee,historical_model_estimate,2025-02-28,2024-01-17,12972.283248157548,13169.268782249457,13613.061786121516,13717.138514119551,13897.852055729298,14145.98916833443,14349.158806840147,14538.76587721755,14654.794463595226,15158.226764154384,15348.662865768578,614.1777766747219,-408,13835.336373425658,True,2025-02-28_fscoffee
hurricane,historical_model_estimate,2025-02-28,2024-01-17,10301.18111529414,10460.562441041568,10988.847599480436,11081.817894307007,11276.390907498435,11514.171535635076,11795.370521185787,11975.333868193327,12064.782395513961,12574.76336352305,12761.526161358026,637.3921849765225,-408,11528.706813818346,True,2025-02-28_hurricane
springdale,historical_model_estimate,2025-02-28,2024-01-17,10895.38409160908,11036.524978474125,11526.857875568387,11656.122628741277,11835.104623772513,12049.126871510314,12275.578192593342,12471.175015672243,12568.089001943403,13037.771755700422,13237.364279842206,618.2083156948637,-408,11892.697838776516,True,2025-02-28_springdale
all,historical_model_estimate,2025-02-28,2024-01-18,44317.72037437678,44828.3516451313,45803.97342571984,46054.263597534955,46395.174578838254,46919.55682595927,47443.47931080775,47779.71960863576,48021.39123782946,49073.06023104065,49487.74142021325,1301.6966399834944,-407,47760.05709344061,True,aggregate_independent_posterior_pairing
downtown,historical_model_estimate,2025-02-28,2024-01-18,7740.761293505391,8032.105124602123,8618.001715699169,8754.199226711931,8955.165860211097,9209.206988968072,9492.228197680155,9709.45127672775,9847.259550546192,10401.057922734797,10621.74177243013,728.5133632673915,-407,9539.649445259562,True,2025-02-28_downtown
fscoffee,historical_model_estimate,2025-02-28,2024-01-18,12262.229963753909,12529.410176634727,13030.322946725697,13157.73496373564,13323.811762229943,13535.23056558803,13791.382873833172,13980.473310078953,14056.702074242594,14599.092933080035,14803.68606228805,628.279733564427,-407,12938.622706422317,True,2025-02-28_fscoffee
hurricane,historical_model_estimate,2025-02-28,2024-01-18,10778.448786798735,10951.142177218348,11372.44018668138,11492.541154483308,11648.637990608708,11889.246902598145,12179.67031075665,12398.496279752473,12498.078190830922,13012.788220266462,13181.124762355876,646.9785988423604,-407,12310.300098513077,True,2025-02-28_hurricane
springdale,historical_model_estimate,2025-02-28,2024-01-18,11033.016325777578,11269.955748038257,11700.836251426765,11785.05089851211,11997.131119042184,12238.809152992755,12486.664420063109,12656.93669091934,12752.701306824989,13282.223102496142,13439.284125156775,619.662658226542,-407,12971.484843245658,True,2025-02-28_springdale
all,historical_model_estimate,2025-02-28,2024-01-19,45630.55424218048,45892.98268682541,46817.7329649844,47028.661625569745,47418.09143793935,47913.17442016954,48422.1103446592,48842.21744499716,49088.18547389579,50095.04340709148,50503.334701795444,1302.1002217246198,-406,,False,aggregate_independent_posterior_pairing
downtown,historical_model_estimate,2025-02-28,2024-01-19,8539.757608569913,8733.802228427623,9360.618128591332,9501.875058824404,9735.353164870361,10036.493849550527,10274.922405101448,10478.855264139293,10623.263294870656,11172.49982206539,11417.518119254377,734.8196906073068,-406,,False,2025-02-28_downtown
fscoffee,historical_model_estimate,2025-02-28,2024-01-19,11228.365525397618,11393.292358612645,11926.523579252322,12063.180312484692,12244.14840314763,12511.90788820201,12744.206190801373,12916.591361439081,13028.23531877449,13499.472629169737,13674.061949270917,633.8685138241648,-406,13098.219801728796,True,2025-02-28_fscoffee
hurricane,historical_model_estimate,2025-02-28,2024-01-19,11645.938423535263,11852.21764860835,12349.325984053386,12448.937294066174,12645.152504474841,12872.767512939758,13147.154615811456,13293.81816630524,13395.316145296068,13841.453655704707,13975.930312906927,609.5640496131099,-406,13061.362621334012,True,2025-02-28_hurricane
springdale,historical_model_estimate,2025-02-28,2024-01-19,11314.534947850483,11450.433059756147,12064.992660102576,12179.847010584512,12337.18616053753,12590.496739518825,12863.260210090939,13048.70485640604,13124.531068198386,13638.817560203766,13812.716852118598,652.1752577257463,-406,11763.431913790104,True,2025-02-28_springdale
all,historical_model_estimate,2025-02-28,2024-01-20,44910.31676853185,45127.34938721227,46312.01153975458,46533.09412580626,46926.147184052854,47463.23153148692,47958.27596419232,48356.837408807616,48557.78498915787,49649.49163008901,50001.75360395362,1333.5634263595912,-405,45735.39841050251,True,aggregate_independent_posterior_pairing
downtown,historical_model_estimate,2025-02-28,2024-01-20,8126.092565545222,8342.393629705704,8911.363884520577,9041.798760990296,9311.613319009917,9599.03889846792,9871.494223870668,10101.03504208161,10233.288341900574,10912.92337249174,11186.590657357277,770.0199911970775,-405,9549.183304323067,True,2025-02-28_downtown
fscoffee,historical_model_estimate,2025-02-28,2024-01-20,11446.752459837202,11703.812289095129,12195.791640576854,12321.65631271766,12507.629344517421,12732.764644899122,12974.064175031062,13121.661128566171,13216.430705152634,13731.571905873145,13970.823839231489,622.8014131583691,-405,12357.868650169015,True,2025-02-28_fscoffee
hurricane,historical_model_estimate,2025-02-28,2024-01-20,12136.029604821404,12261.165843808094,12790.300137106968,12950.898658682549,13126.325909562443,13375.209959337853,13648.116803749936,13858.869407788061,13965.083593228745,14480.731418695059,14684.668029431392,677.0019848916825,-405,13654.474094904635,True,2025-02-28_hurricane
springdale,historical_model_estimate,2025-02-28,2024-01-20,10489.745024686192,10702.30842657252,11198.73722195102,11313.293250739403,11486.338920716851,11687.86961676774,11923.317397648165,12120.368999660648,12215.200790481758,12739.428856109016,12873.689775263434,614.6002126837265,-405,10173.872361105785,True,2025-02-28_springdale
all,historical_model_estimate,2025-02-28,2024-01-21,42607.95705262244,43064.33301797961,44126.90990670027,44439.08483588669,44857.22154725214,45341.31169708189,45866.00244779981,46223.97264460487,46441.58828587882,47450.345563316485,48033.97591538368,1337.2127909752635,-404,47083.12069953062,True,aggregate_independent_posterior_pairing
downtown,historical_model_estimate,2025-02-28,2024-01-21,7197.566897777114,7425.416752777303,7960.346084127257,8075.300957770909,8305.01758812435,8571.19013783794,8835.416884076843,9044.93172377282,9166.419132436475,9698.798019521464,9986.984025186988,698.451802374091,-404,8904.17648575738,True,2025-02-28_downtown
fscoffee,historical_model_estimate,2025-02-28,2024-01-21,11783.224904395465,11895.924678413214,12283.385412421052,12375.13224823729,12558.77612006926,12844.956121440515,13082.226108851946,13274.686746222833,13380.911271963929,13871.906457713196,14072.594441562416,617.9017351172627,-404,13046.323504181028,True,2025-02-28_fscoffee
hurricane,historical_model_estimate,2025-02-28,2024-01-21,12139.526917584,12421.149264083806,12904.63499619167,13007.075937940324,13167.749500423533,13426.247947787837,13684.435663744813,13854.68977448436,13966.51444611925,14415.323075132732,14630.375782486302,627.4204287523141,-404,14688.96775889796,True,2025-02-28_hurricane
springdale,historical_model_estimate,2025-02-28,2024-01-21,9197.927788346558,9443.78497229066,9938.724803667905,10041.176886578723,10228.001771469519,10474.36784705085,10759.956015505402,10928.896937211128,11041.438228787329,11579.412794396543,11804.954281498653,657.9337119405646,-404,10443.652950694255,True,2025-02-28_springdale
all,historical_model_estimate,2025-02-28,2024-01-22,40911.09443520476,41357.60952513108,42426.42378032943,42704.147119051995,43055.88260017706,43556.74410267934,43967.97697222569,44386.06375863097,44621.65189865582,45650.05635165477,46092.89602466505,1307.969126972967,-403,,False,aggregate_independent_posterior_pairing
downtown,historical_model_estimate,2025-02-28,2024-01-22,6174.320639732625,6385.487930600543,6956.2564145255465,7109.168899784811,7297.683574023549,7547.559492728702,7806.708282274057,8024.748533932634,8126.495508690791,8752.600740267106,8915.049426038362,705.5398299468031,-403,,False,2025-02-28_downtown
fscoffee,historical_model_estimate,2025-02-28,2024-01-22,12533.309608169944,12771.744731525574,13177.295821939642,13285.4315915625,13448.722850453005,13652.32644778039,13887.72021701754,14033.638392598437,14138.301438174962,14636.93470588955,14855.65110872604,574.3715095290593,-403,14285.936065772232,True,2025-02-28_fscoffee
hurricane,historical_model_estimate,2025-02-28,2024-01-22,11350.383665319358,11465.507136438642,11937.325031186352,12036.757610068413,12177.11025319143,12440.273452930935,12705.591837749336,12873.975343298134,12958.119872051686,13464.67960397898,13592.322589166266,605.2251156691534,-403,12088.29014235055,True,2025-02-28_hurricane
springdale,historical_model_estimate,2025-02-28,2024-01-22,8591.09885550652,8749.860095858734,9336.200428149477,9435.442001215742,9612.263133761582,9827.903498673099,10079.82078934689,10276.272799771239,10380.293929339996,10967.104537523326,11166.528883215551,653.088144309056,-403,10096.307640554593,True,2025-02-28_springdale
all,historical_model_estimate,2025-02-28,2024-01-23,42156.65318156993,42659.844186971786,43589.26068670872,43811.554844156315,44155.08408652439,44632.69140722963,45119.0325745208,45391.996853863384,45620.728716349506,46680.891516985546,47017.21757884772,1239.4404841269566,-402,44249.65309809767,True,aggregate_independent_posterior_pairing
downtown,historical_model_estimate,2025-02-28,2024-01-23,6288.827172832081,6507.998788972412,7141.445112644702,7259.952012475234,7435.2338401666975,7711.622019614978,8024.06827720865,8204.961254413694,8319.840476397267,8841.408462670577,9015.22311599138,708.1716380986921,-402,7850.093985085262,True,2025-02-28_downtown
fscoffee,historical_model_estimate,2025-02-28,2024-01-23,12978.883034542021,13144.414204031398,13641.927019108864,13738.28879929772,13910.868145678947,14147.613697114033,14369.2541217452,14546.278633596126,14631.230698287338,15154.252119131135,15319.599942595885,599.4813650491282,-402,13602.841333767208,True,2025-02-28_fscoffee
hurricane,historical_model_estimate,2025-02-28,2024-01-23,10375.106556399105,10566.036771587576,11057.585992811888,11161.370675117418,11343.0852340678,11541.415963563277,11777.206398103604,11949.706705155995,12068.348456841019,12583.158714036483,12728.3409318049,605.26497769788,-402,12001.181887359138,True,2025-02-28_hurricane
springdale,historical_model_estimate,2025-02-28,2024-01-23,10039.945220243399,10212.937405302793,10700.158471937586,10797.27570342884,10960.485112453403,11210.20359259139,11476.883200204642,11660.613103191268,11758.361112699009,12212.233647369208,12386.648686916325,618.1272457856742,-402,10795.535891886057,True,2025-02-28_springdale
all,historical_model_estimate,2025-02-28,2024-01-24,44164.054266332925,44490.83811826094,45553.386249448675,45736.22843612855,46093.02065455526,46587.68467531653,47071.07799215687,47455.14213728337,47642.511634779206,48536.0767213388,48858.53764862761,1228.3263178975044,-401,46632.22535457699,True,aggregate_independent_posterior_pairing
downtown,historical_model_estimate,2025-02-28,2024-01-24,7562.7616435867885,7765.189935884782,8339.29939396252,8449.176302256605,8636.23412156657,8912.992401131953,9198.789355139965,9407.143138652207,9528.151372660648,10058.060672609809,10287.754902816701,705.383196273294,-401,8859.180698151195,True,2025-02-28_downtown
fscoffee,historical_model_estimate,2025-02-28,2024-01-24,12868.450599358574,13049.507226015674,13510.489116019111,13602.081531594951,13788.750040330484,14016.51461691605,14235.955744561497,14412.653102863835,14526.463784181587,15018.478934630957,15158.069970427257,582.5853456544862,-401,14177.196810972251,True,2025-02-28_fscoffee
hurricane,historical_model_estimate,2025-02-28,2024-01-24,10535.340107435926,10727.701903333033,11196.436277724797,11313.45873224995,11505.554769852317,11738.750502154988,11973.728249057573,12111.19291261429,12210.588535445342,12702.321360815991,12844.565584703101,597.5621232448678,-401,11975.72982651202,True,2025-02-28_hurricane
springdale,historical_model_estimate,2025-02-28,2024-01-24,10756.969285417279,10935.243616257889,11390.179886155667,11489.837894141116,11655.778965285068,11905.102174985268,12164.13090804169,12345.506806679488,12446.092930259927,12906.556354752887,13054.017414402539,605.8479338825912,-401,11620.11801894152,True,2025-02-28_springdale
all,historical_model_estimate,2025-02-28,2024-01-25,45022.01776068882,45486.44232931195,46294.819613613014,46540.37925835805,46935.32841473516,47408.83689274063,47828.46842773368,48135.669712847084,48401.91770015367,49415.106558179454,49781.23492912766,1217.5378774102455,-400,,False,aggregate_independent_posterior_pairing
downtown,historical_model_estimate,2025-02-28,2024-01-25,8090.391204563182,8223.31086543024,8856.352406264321,8977.56520908305,9177.687188522992,9441.828633015388,9732.650806609285,9939.043104040393,10046.440616480779,10597.36965420348,10745.79951725492,711.5179869076859,-400,9682.526584385,True,2025-02-28_downtown
fscoffee,historical_model_estimate,2025-02-28,2024-01-25,12286.735168518493,12444.759529915893,12916.739803328592,13037.227469613972,13196.511505803814,13401.126062086056,13601.944143853025,13765.477976585002,13853.21287865598,14251.425235608403,14435.273604300834,556.4014048207657,-400,13702.48318254466,True,2025-02-28_fscoffee
hurricane,historical_model_estimate,2025-02-28,2024-01-25,11125.247645204156,11318.085556047947,11798.362943926908,11893.979693555582,12022.517004745014,12262.43641645959,12496.227222153586,12674.761483981054,12755.04355219307,13264.370188546072,13418.910320243864,598.7527437487954,-400,12020.930737385805,True,2025-02-28_hurricane
springdale,historical_model_estimate,2025-02-28,2024-01-25,11152.647744323005,11340.898194727662,11773.562448449431,11864.558354113524,12028.212732582178,12255.57307086347,12497.243915659386,12679.699932194197,12786.6803108138,13241.001296164079,13388.481060861663,587.3634892439645,-400,,False,2025-02-28_springdale
all,historical_model_estimate,2025-02-28,2024-01-26,45478.940272243155,45913.47398311564,47037.54585223686,47272.12636844935,47657.18431699689,48117.31556434932,48628.49296205568,48974.52740186855,49174.6191761535,50182.66169667056,50648.15380195659,1295.6095915607646,-399,45680.45175576105,True,aggregate_independent_posterior_pairing
downtown,historical_model_estimate,2025-02-28,2024-01-26,8573.273525538538,8844.747673362337,9400.515926555994,9554.258270983266,9740.049737867805,10039.656337851731,10320.317775394651,10573.305927967733,10713.857868534393,11281.25802638347,11518.91047359625,748.5684653266838,-399,9542.0482785927,True,2025-02-28_downtown
fscoffee,historical_model_estimate,2025-02-28,2024-01-26,11586.67791564367,11781.723730288442,12229.230590354277,12322.67608814067,12503.73107472926,12767.711859602035,13010.355783839255,13162.764378333362,13238.762857021633,13647.047137788742,13861.741948958192,591.9238875802596,-399,11657.534112224248,True,2025-02-28_fscoffee
hurricane,historical_model_estimate,2025-02-28,2024-01-26,12004.02827821811,12156.354771831622,12615.396427385978,12704.278150802582,12880.82498087999,13128.96941217189,13352.367196796662,13505.440685597294,13613.477782700422,14095.54711416034,14283.808513089813,591.0543692544678,-399,12674.49285863091,True,2025-02-28_hurricane
springdale,historical_model_estimate,2025-02-28,2024-01-26,10908.687119623279,11130.35211247444,11695.576763689174,11796.648709700965,11969.6170201686,12203.89517511216,12461.41574135994,12638.551567675231,12716.082878031582,13238.23506637088,13467.47634947245,639.7440817606772,-399,11806.376506313192,True,2025-02-28_springdale
all,historical_model_estimate,2025-02-28,2024-01-27,44533.28731925411,45032.98833753895,45859.85802076942,46078.680024089306,46489.643041513875,46996.93265159754,47481.15300734002,47851.69549864408,48062.76728090763,49068.552037244226,49410.41370674225,1247.274662778729,-398,45254.550530142544,True,aggregate_independent_posterior_pairing
downtown,historical_model_estimate,2025-02-28,2024-01-27,8202.048401165737,8405.91794133395,8979.273219877497,9103.691195231853,9335.88895503855,9616.948782429732,9891.185108816766,10087.374043092601,10200.485024654747,10813.873461174717,11082.268343911848,726.3822091990052,-398,10167.43568571084,True,2025-02-28_downtown
fscoffee,historical_model_estimate,2025-02-28,2024-01-27,11486.607334680135,11599.157948486507,12076.384771331393,12152.252454266853,12309.055367026274,12531.003551035832,12753.440857124835,12927.351266031807,13023.29137138527,13503.035180215706,13682.166547543142,568.273339549417,-398,11728.139594731598,True,2025-02-28_fscoffee
hurricane,historical_model_estimate,2025-02-28,2024-01-27,12426.09761682031,12625.984315874191,13127.326705220585,13222.74311927789,13373.56900584141,13639.020170980488,13893.631690632392,14070.742269753813,14143.97182191586,14606.695975159753,14863.640988740079,611.9993295857413,-398,11820.349719873982,True,2025-02-28_hurricane
springdale,historical_model_estimate,2025-02-28,2024-01-27,10011.34247356666,10212.116206525661,10707.113907363559,10799.515043733312,10966.6458591215,11185.958022127896,11428.758207697043,11594.350610035115,11688.416996656068,12182.329497879924,12318.437931571652,587.6843685805189,-398,11538.625529826126,True,2025-02-28_springdale
all,historical_model_estimate,2025-02-28,2024-01-28,42980.32462067882,43463.23731144575,44497.800261973,44713.10144166597,45083.37615452808,45597.49114343483,46072.63176898132,46413.82409250903,46608.66326461092,47540.25817551157,47889.01034348778,1247.8624642143882,-397,45812.066137774134,True,aggregate_independent_posterior_pairing
downtown,historical_model_estimate,2025-02-28,2024-01-28,7328.311860234209,7485.85585573743,8129.9541591184625,8251.493172855133,8432.669731375585,8690.671701534891,8963.53721930336,9155.690754614094,9252.2331475456,9839.37130790731,9935.71472347682,688.0047405719343,-397,8678.872870458363,True,2025-02-28_downtown
fscoffee,historical_model_estimate,2025-02-28,2024-01-28,11709.88109905034,11805.17969984838,12304.711387114245,12404.018704369551,12544.69986842289,12746.401573073097,12959.310982758512,13149.336356411071,13254.205509190368,13658.28546315958,13823.503321384193,559.6366595502313,-397,12507.66978390562,True,2025-02-28_fscoffee
hurricane,historical_model_estimate,2025-02-28,2024-01-28,12440.379933125036,12689.21103293163,13194.332345486007,13296.713414706413,13487.314733618816,13696.998500748896,13941.620090008499,14115.57635465914,14233.169428145398,14706.358539352608,14816.483854568427,619.5949214069733,-397,13394.64527350278,True,2025-02-28_hurricane
springdale,historical_model_estimate,2025-02-28,2024-01-28,9235.016602569027,9438.235902766999,9921.014535565826,10007.233016846028,10173.411491907162,10420.984738635874,10629.347137020703,10772.445655646054,10879.83855524874,11351.893523514773,11521.535110402569,580.6503421179002,-397,11230.878209907369,True,2025-02-28_springdale
all,historical_model_estimate,2025-02-28,2024-01-29,40876.25505738905,41337.52229165827,42342.8949284707,42543.553914484146,42975.46155975895,43443.252222139476,43847.48599461134,44194.2186569539,44399.626594692425,45291.47464201656,45623.60898362136,1214.7358441443992,-396,,False,aggregate_independent_posterior_pairing
downtown,historical_model_estimate,2025-02-28,2024-01-29,6241.165633344765,6450.671461201619,6938.313857400794,7056.266074049488,7297.930270897109,7611.809679706996,7871.931877237696,8105.072510438495,8232.303870177897,8760.925768916895,9052.779380256046,726.2616540837514,-396,7188.188226119771,True,2025-02-28_downtown
fscoffee,historical_model_estimate,2025-02-28,2024-01-29,12460.596379782832,12612.409048670777,13121.575323375611,13229.811375433746,13379.926480345315,13582.021092689094,13817.325235188164,13990.554735958765,14074.13293489107,14507.384032427537,14645.377529651672,576.5149955705938,-396,13853.506771327591,True,2025-02-28_fscoffee
hurricane,historical_model_estimate,2025-02-28,2024-01-29,11156.016462050377,11296.70777172586,11775.858986580028,11888.679407803544,12052.904310952401,12300.939495970291,12531.336281168355,12692.457721105911,12779.646459561807,13297.178771633837,13448.199583504762,594.8379195331318,-396,12838.498538884449,True,2025-02-28_hurricane
springdale,historical_model_estimate,2025-02-28,2024-01-29,8745.972594184528,8969.108241164646,9407.750990697565,9516.751468328555,9667.968129852588,9894.58072112155,10103.574913930537,10301.94980485713,10380.55433949971,10878.836438131417,11063.678436672146,582.3238742818169,-396,,False,2025-02-28_springdale
all,historical_model_estimate,2025-02-28,2024-01-30,42069.483258321074,42404.63487615919,43436.89323282224,43653.12720005186,43968.58727032277,44352.205254159984,44817.71918932843,45158.089121472054,45370.33870979942,46287.62354154646,46840.27177879229,1188.3195960541357,-395,42805.404803519195,True,aggregate_independent_posterior_pairing
downtown,historical_model_estimate,2025-02-28,2024-01-30,6498.901136187176,6680.3942597391615,7194.157414211593,7319.42316896692,7487.343173415943,7754.290883633073,8014.713601107198,8271.767654511377,8366.46814423059,8960.454040576578,9181.72288089097,699.1391926874744,-395,7681.643796932503,True,2025-02-28_downtown
fscoffee,historical_model_estimate,2025-02-28,2024-01-30,12812.561575541658,12960.545502052795,13386.242328858858,13477.511716465564,13632.235682433697,13822.846427504013,14049.00129636707,14209.021674564887,14284.93009971765,14740.776265327453,14899.429474128128,538.3953766401928,-395,12941.06000304447,True,2025-02-28_fscoffee
hurricane,historical_model_estimate,2025-02-28,2024-01-30,10462.862527724386,10653.339819680674,11091.663752336988,11183.05058299562,11370.9063770113,11663.766260501425,11859.90519966169,12057.498064713294,12156.111853606686,12679.124098994422,12813.847280771743,615.1269704165901,-395,11263.715157661236,True,2025-02-28_hurricane
springdale,historical_model_estimate,2025-02-28,2024-01-30,9940.5344770903,10114.667839488222,10641.32887326569,10745.986119004669,10926.618984102666,11169.197709986514,11369.666887118225,11541.697445980863,11646.22461936615,12113.306675412194,12274.976920269857,596.4799916607424,-395,10918.98584588098,True,2025-02-28_springdale
all,historical_model_estimate,2025-02-28,2024-01-31,44007.61995279,44416.14597178862,45491.98796353384,45659.37882575487,45944.29760902567,46378.18553107037,46864.0246264761,47176.39618142508,47359.96469965152,48372.636297130055,48756.465319862924,1208.2108637873894,-394,46453.70050199853,True,aggregate_independent_posterior_pairing
downtown,historical_model_estimate,2025-02-28,2024-01-31,7628.322550558126,7794.379007196442,8376.591834739942,8495.29507174932,8700.960919318904,8976.00683663213,9226.188369622749,9383.25832809557,9475.352423610459,10050.652560425902,10323.851114741137,680.3387498960866,-394,9395.100802967798,True,2025-02-28_downtown
fscoffee,historical_model_estimate,2025-02-28,2024-01-31,12769.088021951533,12956.84773996895,13386.279900431413,13478.430801410432,13654.849826533875,13842.659668175102,14020.337963962198,14181.428525001926,14256.114372271932,14771.475750211832,14984.635953226523,552.7057324272689,-394,12968.00220474361,True,2025-02-28_fscoffee
hurricane,historical_model_estimate,2025-02-28,2024-01-31,10626.406947313799,10784.214602766278,11192.834004932889,11285.922988997583,11457.507900542198,11685.342289683897,11910.919889865545,12123.96922678941,12203.646062894237,12708.584684319467,12872.817775942422,589.0576440946842,-394,11856.915519816952,True,2025-02-28_hurricane
springdale,historical_model_estimate,2025-02-28,2024-01-31,10802.779656753622,10945.473775839904,11416.190389615918,11518.566264818424,11693.443409924374,11869.678925968923,12096.33534849376,12271.000818613682,12389.26092718055,12910.646565943744,13096.955143304798,585.3197407628161,-394,12233.681974470172,True,2025-02-28_springdale
all,historical_model_estimate,2025-02-28,2024-02-01,44844.25674326111,45224.99120115596,46092.70565628397,46284.14604104732,46657.016137792656,47156.614520985284,47597.907985957536,47896.946286035396,48127.427848872074,49051.830475302355,49343.33860232358,1205.4344088995433,-393,,False,aggregate_independent_posterior_pairing
downtown,historical_model_estimate,2025-02-28,2024-02-01,8200.629139998682,8407.600037997057,8918.025912366875,9064.55188361866,9255.13233795315,9519.448475329602,9784.142050656863,9972.101543051182,10103.89496884959,10549.02425605616,10788.965546185555,671.6128645251829,-393,,False,2025-02-28_downtown
fscoffee,historical_model_estimate,2025-02-28,2024-02-01,12010.189771362046,12190.43223239399,12616.883102470596,12696.190681937376,12836.648157266804,13057.012512385336,13296.324577146526,13454.908033690746,13551.979046777637,13973.054223241195,14205.329380132149,553.3761759900668,-393,12214.99816721054,True,2025-02-28_fscoffee
hurricane,historical_model_estimate,2025-02-28,2024-02-01,11017.30922660193,11171.966169946038,11660.776755776486,11777.567864048779,11919.374701016633,12131.316953048656,12342.68062767599,12516.473082668661,12592.060479210542,13021.323698457492,13131.806422785998,563.9603315051664,-393,11964.26264365284,True,2025-02-28_hurricane
springdale,historical_model_estimate,2025-02-28,2024-02-01,11363.782547634404,11503.225249754536,11866.019455187854,11949.888437796428,12109.029279528648,12371.581868097011,12611.43809225495,12789.46630680899,12898.194833911799,13424.639156748042,13615.486771272415,602.9228042864994,-393,12866.145953530004,True,2025-02-28_springdale
all,historical_model_estimate,2025-02-28,2024-02-02,45000.11366924076,45309.172398305665,46210.44385551941,46377.527971580144,46702.88385036252,47167.70759609816,47702.67331634323,48041.387490963534,48277.80897121198,49150.37288605841,49518.387841722055,1192.8040283033758,-392,46387.44906687461,True,aggregate_independent_posterior_pairing
downtown,historical_model_estimate,2025-02-28,2024-02-02,8583.441497280708,8807.09238880938,9396.473541314504,9549.001659607193,9724.403177399567,9979.520350379755,10254.818242369056,10439.54340836925,10557.149912197998,11206.984259737414,11454.68886755507,712.8472812396494,-392,8994.894417444684,True,2025-02-28_downtown
fscoffee,historical_model_estimate,2025-02-28,2024-02-02,10946.386392933673,11105.98071214216,11601.868878648844,11690.503634165449,11838.075367886162,12048.236793257642,12261.464838300219,12440.27667479567,12526.791684177148,12945.01740377109,13080.961461031702,552.8521444944507,-392,12849.214491645858,True,2025-02-28_fscoffee
hurricane,historical_model_estimate,2025-02-28,2024-02-02,11734.792460134713,11974.405293094607,12414.011025041827,12535.59327616253,12692.209144049355,12943.963823189411,13163.680825705262,13366.968433401245,13438.314132438947,13895.47398394161,14085.010948268256,598.8468032687002,-392,12606.151685776264,True,2025-02-28_hurricane
springdale,historical_model_estimate,2025-02-28,2024-02-02,11160.128315962622,11355.707859419783,11754.1312571683,11840.893458193079,12013.628764029918,12263.379606712419,12474.258298187646,12652.429889783181,12755.464014318368,13291.957685028541,13480.690838409353,589.1008340887333,-392,11937.188472007803,True,2025-02-28_springdale
all,historical_model_estimate,2025-02-28,2024-02-03,43835.12997385266,44345.172808166695,45325.61897730833,45533.394955246666,45909.24787751105,46385.372254806774,46858.333068772095,47193.09352215043,47339.25486898143,48295.450917588605,48592.44533825775,1228.4818822752816,-391,44840.663660372215,True,aggregate_independent_posterior_pairing
downtown,historical_model_estimate,2025-02-28,2024-02-03,8459.550114482268,8601.751062866326,9148.270281679188,9260.557545239253,9424.997242185646,9627.021959355738,9957.045352198164,10165.784531968726,10272.37023034312,10782.3051946006,11017.28259165696,670.6069768969743,-391,8837.69027805975,True,2025-02-28_downtown
fscoffee,historical_model_estimate,2025-02-28,2024-02-03,10979.065015025204,11160.514651396788,11624.507022530064,11724.388747659135,11882.895848504912,12080.525198941086,12312.986497752672,12451.823975066134,12553.409198953585,12995.77630254258,13169.888700938758,552.9122316225579,-391,11198.22459836025,True,2025-02-28_fscoffee
hurricane,historical_model_estimate,2025-02-28,2024-02-03,12057.939826895783,12225.132487293244,12705.371275657957,12789.241215372767,12978.866650938524,13200.04362047256,13413.25501653808,13600.042351904627,13681.267325396811,14155.886350522218,14283.005668918653,590.1486853031571,-391,13750.428482019868,True,2025-02-28_hurricane
springdale,historical_model_estimate,2025-02-28,2024-02-03,10325.868554498598,10473.895126250605,10863.196330115288,10940.23580037798,11117.5766766219,11369.337438408078,11618.131266462298,11771.947333225406,11872.045131817344,12384.90702783806,12644.502674118216,604.6778441849356,-391,11054.320301932348,True,2025-02-28_springdale
all,historical_model_estimate,2025-02-28,2024-02-04,43049.07106762827,43341.879124958934,44259.731377490985,44429.701097762125,44734.47419209629,45237.26550756518,45690.45580281522,46087.312011841816,46247.27624711085,47392.16305129037,47747.071564673344,1211.3112256044978,-390,,False,aggregate_independent_posterior_pairing
downtown,historical_model_estimate,2025-02-28,2024-02-04,7187.602797222082,7445.843861919523,7987.772649771015,8091.775704703779,8321.684656978741,8571.22238519109,8889.75827890676,9099.263118045812,9203.246498012863,9780.698985993788,9939.12580636578,719.8073046007604,-390,9305.290720476767,True,2025-02-28_downtown
fscoffee,historical_model_estimate,2025-02-28,2024-02-04,11271.654114130382,11436.722831600358,11922.214357996556,12003.81060655155,12151.350498365611,12342.18184247808,12534.129260232845,12701.711682376117,12775.721904995267,13215.491509818537,13422.008908491833,543.2360797526943,-390,11724.71534364016,True,2025-02-28_fscoffee
hurricane,historical_model_estimate,2025-02-28,2024-02-04,12604.475816109818,12704.09259123262,13178.94829635275,13271.384475288896,13459.390601853775,13684.72546971643,13920.23644556098,14079.830356962171,14187.466620415093,14637.079411086263,14815.89378434366,586.9520307317232,-390,12133.855873233872,True,2025-02-28_hurricane
springdale,historical_model_estimate,2025-02-28,2024-02-04,9533.680932758434,9711.574376963725,10170.30992698571,10255.692085093417,10385.146450732693,10636.318529687585,10865.53391708043,11026.912245439722,11115.284731198264,11653.0152305553,11766.071390157731,573.0009668489278,-390,,False,2025-02-28_springdale
all,historical_model_estimate,2025-02-28,2024-02-05,40606.30709949333,40960.1527553592,41907.83914130337,42164.429690080666,42486.3702030682,42940.78864679018,43377.17733473946,43684.59291467279,43929.73879774929,44976.20679864441,45378.46684695329,1221.6600246737396,-389,,False,aggregate_independent_posterior_pairing
downtown,historical_model_estimate,2025-02-28,2024-02-05,6027.240757154075,6359.461415522066,6927.196190768701,7031.546264773982,7244.359804257049,7487.8557399601395,7728.351984910038,7978.434101562143,8122.604224634584,8689.082468929717,8870.2789023054,703.9025541924145,-389,8180.638728065367,True,2025-02-28_downtown
fscoffee,historical_model_estimate,2025-02-28,2024-02-05,12074.712724072235,12256.246429891551,12746.415989799743,12839.796759987757,12987.45092821614,13202.782222512758,13447.595255563192,13575.72674110284,13671.400231800248,14122.130654587969,14333.366578509887,564.0812680059855,-389,14192.516115916624,True,2025-02-28_fscoffee
hurricane,historical_model_estimate,2025-02-28,2024-02-05,11223.461174226157,11354.136486458088,11837.127343906504,11924.22834423451,12083.351255161278,12320.489752126585,12521.524610950566,12674.730923220772,12805.116491351626,13269.71578258028,13508.64834881457,581.0557654697133,-389,12805.690089836084,True,2025-02-28_hurricane
springdale,historical_model_estimate,2025-02-28,2024-02-05,8810.44337999354,8983.001456169175,9431.049728912847,9523.25677500916,9681.833793395946,9922.156722437381,10118.50392516647,10317.518566248458,10443.27206617489,10982.532985819633,11153.83103963109,597.1558398934917,-389,,False,2025-02-28_springdale
all,historical_model_estimate,2025-02-28,2024-02-06,41209.803478845955,41585.42387968744,42564.49794568493,42837.47234243017,43164.62639473362,43699.77471041636,44153.890401677214,44526.60536592119,44714.92127543554,45718.57557183585,45912.83731487433,1244.9492464099499,-388,44456.98850613558,True,aggregate_independent_posterior_pairing
downtown,historical_model_estimate,2025-02-28,2024-02-06,6522.588589625143,6694.620547321014,7197.851375210705,7281.643283439055,7451.732336361406,7724.081303958616,7986.045687723033,8193.834033300567,8336.755454713733,8918.074235025611,9183.099388807297,685.4564283762556,-388,7995.397326139841,True,2025-02-28_downtown
fscoffee,historical_model_estimate,2025-02-28,2024-02-06,12200.574740736709,12358.970994732885,12853.694681148752,12932.007607331023,13111.676162589236,13343.136177065531,13583.64578841703,13725.302764364074,13821.826367973586,14277.601425603438,14487.034725164101,571.8826346912514,-388,14064.650812897182,True,2025-02-28_fscoffee
hurricane,historical_model_estimate,2025-02-28,2024-02-06,10315.16131489729,10525.336826222863,11025.39276264464,11112.661598270148,11271.774548357382,11512.73259214227,11757.21652714432,11926.79482232896,12040.62465637797,12526.752404750108,12674.321944913801,604.4002212658461,-388,11588.174019887898,True,2025-02-28_hurricane
springdale,historical_model_estimate,2025-02-28,2024-02-06,9942.34765517691,10105.26511499538,10528.790889460657,10638.21716634452,10810.98546725248,11052.278260869049,11305.084845543124,11465.08345564566,11566.821927763627,12025.231381390571,12208.2042522022,588.8575293567627,-388,10808.766347210658,True,2025-02-28_springdale
all,historical_model_estimate,2025-02-28,2024-02-07,43797.48291245585,44200.791560333746,45066.68566606642,45298.89860018699,45617.87118200314,46099.50552091419,46530.24043051244,46865.78505164359,47073.73569158499,48006.08491720909,48454.11723705712,1182.3307445094292,-387,45375.07489992974,True,aggregate_independent_posterior_pairing
downtown,historical_model_estimate,2025-02-28,2024-02-07,7738.170589692437,7888.537889468922,8394.542409413436,8519.371790400226,8726.042261536179,9000.584864860506,9268.057962400408,9478.079535019187,9566.329023934231,10113.541386551597,10250.124355580394,662.6339166742544,-387,8452.076143351249,True,2025-02-28_downtown
fscoffee,historical_model_estimate,2025-02-28,2024-02-07,12392.79266175246,12514.381056982262,12986.001056526506,13069.35897790741,13226.412487189024,13439.5804261142,13625.183343907554,13792.61032483022,13889.839840212111,14337.085375861532,14514.952834757543,554.5932165643328,-387,14302.1157081467,True,2025-02-28_fscoffee
hurricane,historical_model_estimate,2025-02-28,2024-02-07,10590.130389854583,10734.931005578954,11209.776122876632,11312.386475823405,11484.43472725934,11727.937598526754,11924.365289549294,12060.710594577786,12157.384391907848,12679.351562926198,12867.363246520057,581.3205981418695,-387,10846.255288873112,True,2025-02-28_hurricane
springdale,historical_model_estimate,2025-02-28,2024-02-07,10745.376684742341,10954.87188427785,11479.915519815962,11575.015324031909,11714.933642751448,11972.59841028872,12189.714545345743,12356.44297809204,12456.18924875503,12909.607235161027,13110.270541550477,595.0973015976629,-387,11774.627759558682,True,2025-02-28_springdale
all,historical_model_estimate,2025-02-28,2024-02-08,44494.135098146326,44883.215858361655,45785.67421254444,45996.87887026307,46382.073855733885,46812.89392671174,47303.73827088913,47654.422171610175,47861.02859492679,48816.411536590625,49208.700654435714,1200.323639448239,-386,47240.54703305829,True,aggregate_independent_posterior_pairing
downtown,historical_model_estimate,2025-02-28,2024-02-08,8093.968649753543,8310.097178895807,8888.630701258367,9007.860017439758,9169.30227870702,9445.744340845307,9693.885382253866,9901.147927964977,10025.735957952173,10609.163014415944,10790.163879889165,691.8607272058629,-386,9124.300477355198,True,2025-02-28_downtown
fscoffee,historical_model_estimate,2025-02-28,2024-02-08,12001.080012114578,12097.203782977,12505.667532686562,12567.445962180165,12717.133466022684,12911.683313746515,13122.770458819225,13301.52290593114,13378.737363254622,13855.405281602198,13948.493146075161,514.442973603549,-386,12691.356150316498,True,2025-02-28_fscoffee
hurricane,historical_model_estimate,2025-02-28,2024-02-08,10875.630932331063,11100.168139554567,11577.530161222363,11667.01821928196,11825.061093236045,12024.31966706818,12240.964564441218,12434.217480902169,12539.772365286166,12964.735668511177,13131.770144770413,574.0276625748584,-386,12643.247862982718,True,2025-02-28_hurricane
springdale,historical_model_estimate,2025-02-28,2024-02-08,11270.304790417757,11422.773352747641,11925.693101958397,12030.781229581542,12195.48713942405,12407.055875992084,12629.62930271791,12776.696165282543,12901.47080253985,13408.833018856072,13574.351695537314,595.5243379526082,-386,12781.642542403875,True,2025-02-28_springdale
all,historical_model_estimate,2025-02-28,2024-02-09,44585.59132601288,45038.0147380674,45974.61794164908,46178.08312643211,46508.76192909457,46933.453131492635,47399.506506624915,47783.15712693732,47976.152047895215,48864.817505629595,49174.52469418128,1170.3697926625625,-385,47071.80694551594,True,aggregate_independent_posterior_pairing
downtown,historical_model_estimate,2025-02-28,2024-02-09,8511.700914443325,8667.050342223885,9183.250146561593,9303.72615915617,9537.394273696002,9782.399200207117,10031.344533053641,10240.359442800132,10349.630901523837,10873.863166339735,11109.248587224745,676.8047883924241,-385,9188.831702389933,True,2025-02-28_downtown
fscoffee,historical_model_estimate,2025-02-28,2024-02-09,11184.506154408904,11341.179692091104,11767.730239962004,11858.924924739185,12011.307495144913,12232.939409841358,12400.213867291122,12564.287638755814,12642.923472910914,13096.045515887663,13285.591959231053,528.8328243691072,-385,12117.402488403795,True,2025-02-28_fscoffee
hurricane,historical_model_estimate,2025-02-28,2024-02-09,11720.317998137807,11853.853918629817,12342.557356389469,12413.712634985595,12561.070985965842,12793.502782555326,12991.679911882633,13187.787582563511,13285.655028942667,13728.353233807844,13894.82743588223,572.8290720655838,-385,13060.8326290432,True,2025-02-28_hurricane
springdale,historical_model_estimate,2025-02-28,2024-02-09,10996.756494857349,11155.52505037313,11669.342995092296,11788.934565292853,11977.24389824434,12194.960655217576,12421.273211639435,12581.434992971797,12674.084557520378,13122.459807689156,13258.616284020447,597.8361134148815,-385,12704.740125679007,True,2025-02-28_springdale
all,historical_model_estimate,2025-02-28,2024-02-10,43730.83002648258,44021.016093724305,44934.313975637844,45195.03265701809,45530.82987129394,45966.64468483486,46538.51078389147,46880.03080547913,47029.25196573335,48015.599215589304,48542.78935221267,1223.0632485045871,-384,46043.782815775354,True,aggregate_independent_posterior_pairing
downtown,historical_model_estimate,2025-02-28,2024-02-10,8206.845368364044,8436.595463600437,8967.504677252293,9106.93574519572,9298.388521221497,9535.212179682421,9764.331773667944,9958.14721802627,10101.608516491038,10552.821238420047,10761.993314146292,659.3902364333856,-384,9255.86605927754,True,2025-02-28_downtown
fscoffee,historical_model_estimate,2025-02-28,2024-02-10,10726.918517123393,10885.330930064594,11361.852384973005,11481.398244238351,11633.496902862305,11862.947900543222,12068.539214171766,12237.614870732956,12318.714873811394,12792.535563683263,12983.311442314407,578.379172751259,-384,12570.337777939929,True,2025-02-28_fscoffee
hurricane,historical_model_estimate,2025-02-28,2024-02-10,12070.786180110254,12327.409679981796,12764.330713617885,12859.938973953427,13044.577582232308,13272.623960001602,13479.61249441785,13649.473055823148,13742.37090760609,14252.240046369707,14443.55360091668,599.4807323370909,-384,13249.398939282017,True,2025-02-28_hurricane
springdale,historical_model_estimate,2025-02-28,2024-02-10,10247.782089612085,10471.886244236217,10877.852052786331,10987.152498064037,11145.745392045963,11371.99097116934,11601.809083255526,11776.161856641305,11873.76750023301,12349.912355269405,12560.687035303838,583.4238025553992,-384,10968.180039275869,True,2025-02-28_springdale
all,historical_model_estimate,2025-02-28,2024-02-11,42784.27474823072,43196.79290043581,44126.959650472185,44338.53471563543,44676.88727039692,45077.19390120702,45537.755434793966,45835.98205933726,46018.94464436279,46899.39562310979,47133.540742653575,1124.5909517116952,-383,,False,aggregate_independent_posterior_pairing
downtown,historical_model_estimate,2025-02-28,2024-02-11,7353.329330246789,7564.054430534374,8089.995608534172,8206.878090220129,8371.81348957573,8672.974332957365,8937.367023574323,9152.732174475783,9281.299006985675,9746.419564050051,9970.609798224412,676.9081544633117,-383,8590.384460618401,True,2025-02-28_downtown
fscoffee,historical_model_estimate,2025-02-28,2024-02-11,11194.0316047573,11378.43280771369,11810.070468612852,11908.272412847537,12091.96408929987,12303.386674912133,12539.459886017934,12718.998443493887,12812.42003054584,13212.631992848272,13383.590644155742,567.5709833242023,-383,13228.717147942716,True,2025-02-28_fscoffee
hurricane,historical_model_estimate,2025-02-28,2024-02-11,12339.944109235414,12500.919963668339,12910.420018445975,12995.390045684364,13183.24318571564,13395.631557739865,13617.844018773843,13773.456752637527,13872.158601266134,14309.345073093687,14434.939892199596,567.5526778456323,-383,,False,2025-02-28_hurricane
springdale,historical_model_estimate,2025-02-28,2024-02-11,9581.752852486541,9752.21803733541,10214.85684711174,10329.035558889329,10477.181329165809,10690.262625382671,10920.064908857463,11069.632706537403,11142.05682779525,11677.550396285747,11790.468271852234,575.3756969543375,-383,10146.688750604342,True,2025-02-28_springdale
all,historical_model_estimate,2025-02-28,2024-02-12,41144.13083394833,41474.93339043463,42415.60579217477,42567.96031348497,42951.855877355614,43407.698458888466,43904.71563708793,44276.59241948594,44459.74776149684,45323.12899842818,45791.64725388062,1201.701019031811,-382,42810.61530961346,True,aggregate_independent_posterior_pairing
downtown,historical_model_estimate,2025-02-28,2024-02-12,6373.503565013674,6512.4440000782615,6958.838354803957,7051.45590011193,7214.377237654911,7483.090678843668,7751.780158510373,7945.2038871949435,8044.335099261374,8610.816740581458,8844.281576180962,644.6060838729795,-382,7853.914417360265,True,2025-02-28_downtown
fscoffee,historical_model_estimate,2025-02-28,2024-02-12,12546.465063001944,12697.231012953023,13119.075834119907,13229.574467655384,13381.571634785067,13592.058706052952,13798.747923893987,13946.299425696667,14033.309033627265,14433.741785750666,14577.778826523167,540.0625751488924,-382,13109.178529794235,True,2025-02-28_fscoffee
hurricane,historical_model_estimate,2025-02-28,2024-02-12,11342.230938530322,11515.69503647166,11918.543234915966,12016.540904954461,12182.067334638581,12440.121637193935,12673.125604561492,12850.453575210178,12915.632231860085,13404.401952429722,13563.78891160372,578.2622493283133,-382,11709.41380110384,True,2025-02-28_hurricane
springdale,historical_model_estimate,2025-02-28,2024-02-12,8767.780149708084,8926.510779866443,9401.256516610645,9517.451534121563,9694.308207647748,9927.916957639216,10147.40224999316,10307.031514602288,10384.615195617294,10859.61138854851,11075.68227069349,594.9721800247396,-382,10138.10856135512,True,2025-02-28_springdale
all,historical_model_estimate,2025-02-28,2024-02-13,41684.26716524671,41991.774455990715,42861.089255038234,43025.154468814384,43453.43494809084,43844.00894799416,44322.279997379286,44716.84278026922,44899.50659862282,45644.51573555104,45974.15890862521,1164.1680321762858,-381,,False,aggregate_independent_posterior_pairing
downtown,historical_model_estimate,2025-02-28,2024-02-13,6487.011288311854,6678.230900070046,7152.317963373232,7261.349939817307,7453.281630895114,7726.321577414727,7981.459721346051,8185.487832731323,8289.107375911537,8834.25963698359,9116.489569090892,666.2565497000858,-381,7703.539712026283,True,2025-02-28_downtown
fscoffee,historical_model_estimate,2025-02-28,2024-02-13,12392.844109846948,12616.399746975147,13091.27692090718,13223.306634831028,13385.747925253068,13586.478793648073,13781.642507024928,13920.831147446814,14019.996149056835,14420.530230538017,14599.259988859623,553.9369169149369,-381,14104.737990362935,True,2025-02-28_fscoffee
hurricane,historical_model_estimate,2025-02-28,2024-02-13,10415.896263968683,10565.175669803431,11059.879023240577,11151.377816632763,11322.215969274224,11510.558243652533,11744.71098698417,11894.222570440183,11971.755811158202,12429.624439417299,12560.62293171903,560.0277025065883,-381,11422.70915813985,True,2025-02-28_hurricane
springdale,historical_model_estimate,2025-02-28,2024-02-13,9898.664055096715,10136.035292831628,10626.587462630989,10707.855597484422,10865.77958568159,11063.84483899756,11268.585705927937,11415.4212011965,11495.199929376298,11974.97090949699,12136.963292516353,555.7176957704536,-381,,False,2025-02-28_springdale
all,historical_model_estimate,2025-02-28,2024-02-14,43801.90694452519,44173.944172982476,45065.0215243412,45224.785287290986,45575.425970651275,46085.91790664545,46526.55346882754,46870.97916133,47020.74185460448,48006.14645821616,48321.95291416899,1185.918777604631,-380,47477.10946535511,True,aggregate_independent_posterior_pairing
downtown,historical_model_estimate,2025-02-28,2024-02-14,7500.855259247939,7735.8600473755405,8278.474832324055,8417.276816935475,8632.051958545815,8864.372840309741,9111.424891918508,9276.511246770082,9386.726667385114,9961.959448966225,10204.162172251765,671.9930693894165,-380,8220.710301482226,True,2025-02-28_downtown
fscoffee,historical_model_estimate,2025-02-28,2024-02-14,12618.217996734955,12806.04075000155,13228.356011926571,13318.84117451154,13503.447415712473,13694.422117179402,13905.2067481749,14089.557164911348,14168.771186286855,14608.060488352718,14729.903075789978,549.7434991366842,-380,14364.802245577015,True,2025-02-28_fscoffee
hurricane,historical_model_estimate,2025-02-28,2024-02-14,10388.92205038039,10605.975072508501,11072.450624819558,11176.195525594194,11317.071871648042,11569.380994473522,11759.288426962306,11915.889532614909,12014.278489977998,12528.065372424928,12705.016917105244,585.9386161418923,-380,12033.721399241598,True,2025-02-28_hurricane
springdale,historical_model_estimate,2025-02-28,2024-02-14,10846.75207471734,11060.511362442407,11455.410886994972,11564.942247403345,11755.033315363256,11997.654932337327,12223.624852854953,12389.210749944825,12497.369072128007,12933.529788242977,13108.548058321967,580.1033841269306,-380,12857.875519054272,True,2025-02-28_springdale
all,historical_model_estimate,2025-02-28,2024-02-15,44685.14947638,44933.21560914956,45918.732343393225,46147.84881606171,46514.380976013745,47003.44348156941,47478.50210258699,47855.38985284681,48042.53425410095,48852.88785830801,49250.93025628292,1202.8315324801606,-379,49928.64443102921,True,aggregate_independent_posterior_pairing
downtown,historical_model_estimate,2025-02-28,2024-02-15,8003.675063136626,8153.47942252599,8693.446137622039,8781.550470087055,8978.192630278394,9268.569373393784,9531.904622023416,9740.884228961353,9869.385643983189,10453.091340000774,10606.913588399235,679.3054151288641,-379,10715.678292903847,True,2025-02-28_downtown
fscoffee,historical_model_estimate,2025-02-28,2024-02-15,11960.64414924108,12119.92195503302,12516.63059749275,12592.106338857868,12773.92043136302,12969.732528881997,13179.197537445856,13351.577254753074,13451.838420915277,13869.673070936355,14055.800339684189,542.8879872192412,-379,13197.006239037635,True,2025-02-28_fscoffee
hurricane,historical_model_estimate,2025-02-28,2024-02-15,11000.113099500919,11171.549888980957,11647.912195535457,11749.513376660148,11899.68107233329,12109.063931699733,12331.720670977737,12494.639004208988,12581.392351413613,13042.166154462833,13206.275372162296,569.9618209177854,-379,13254.216764037716,True,2025-02-28_hurricane
springdale,historical_model_estimate,2025-02-28,2024-02-15,11420.822299884741,11629.946753306473,12104.713056738785,12216.037816138061,12354.455926185703,12577.594015499051,12846.45369049692,13023.993355894243,13116.756855086247,13570.595715969324,13806.006500985988,597.6388030933821,-379,12761.743135050012,True,2025-02-28_springdale
all,historical_model_estimate,2025-02-28,2024-02-16,44934.23614393957,45296.504817788526,46240.74253553829,46500.6545452843,46845.19810981759,47314.257359986084,47733.96056180146,48078.64254632951,48315.78318113807,49305.27404263128,49519.2394122171,1192.0674318266551,-378,47567.01755508856,True,aggregate_independent_posterior_pairing
downtown,historical_model_estimate,2025-02-28,2024-02-16,8426.979528057678,8655.409237354173,9127.748322419475,9297.019448383227,9467.585175134267,9739.575286560092,9984.750919274864,10139.085422735163,10236.410244892031,10797.792126688006,11041.082582193794,661.5745193820939,-378,9889.397350585512,True,2025-02-28_downtown
fscoffee,historical_model_estimate,2025-02-28,2024-02-16,11272.028348133506,11395.858036645675,11813.052484987084,11896.886987551878,12069.097916517043,12307.41227963271,12512.911789696476,12674.510810737736,12766.595104998214,13263.147985592135,13462.746329723344,565.7551568307988,-378,12205.074442080935,True,2025-02-28_fscoffee
hurricane,historical_model_estimate,2025-02-28,2024-02-16,11901.968396368437,12069.333594792059,12473.165038726696,12556.115733141207,12711.984070944629,12920.896488234403,13150.247898170386,13282.093832683437,13394.847346811162,13940.871314740898,14107.382836649314,562.8384281110377,-378,12633.53373979483,True,2025-02-28_hurricane
springdale,historical_model_estimate,2025-02-28,2024-02-16,11243.52910385252,11403.830866635302,11837.325695511297,11944.28504523743,12144.059823600588,12343.691158351643,12546.06431572193,12707.890284209878,12814.142169484963,13260.087140500214,13438.62440089763,567.9875969456396,-378,12839.012022627288,True,2025-02-28_springdale
all,historical_model_estimate,2025-02-28,2024-02-17,44077.94283934466,44522.50461371211,45457.08974842402,45617.79732190774,45885.614740549056,46392.44177500681,46835.66057297693,47177.382962778,47372.796294777785,48276.61034465303,48645.625910189825,1189.383147841405,-377,,False,aggregate_independent_posterior_pairing
downtown,historical_model_estimate,2025-02-28,2024-02-17,8207.585078302822,8517.389673554504,9003.931711817195,9111.0310687729,9322.943716542602,9591.17416438292,9810.948321449185,9995.557421118701,10114.010262975637,10616.778386871876,10838.033295409301,656.4590011506765,-377,10360.82506077999,True,2025-02-28_downtown
fscoffee,historical_model_estimate,2025-02-28,2024-02-17,10977.023067317914,11170.912206181216,11650.942975665213,11760.23700578555,11919.889247470854,12100.529798347192,12301.646792817748,12467.627759103476,12562.244376748726,13057.270447868099,13191.930855657598,553.7463915141617,-377,11307.619500334613,True,2025-02-28_fscoffee
hurricane,historical_model_estimate,2025-02-28,2024-02-17,12196.678275317932,12416.45831369263,12867.558683957794,12941.453391092346,13119.534460903476,13312.478510630448,13520.573951667771,13696.986033943613,13778.483661006027,14200.358063270347,14408.038701215355,553.1770725047433,-377,13074.715761162452,True,2025-02-28_hurricane
springdale,historical_model_estimate,2025-02-28,2024-02-17,10284.155953136611,10477.514126162116,10912.245556993801,11019.82269638061,11209.895322282473,11420.23486339886,11633.58211144908,11794.701725952504,11859.95283880268,12310.334491372549,12490.773685205439,566.2403827933491,-377,,False,2025-02-28_springdale
all,historical_model_estimate,2025-02-28,2024-02-18,43044.69484192435,43456.27499390523,44461.42251312956,44663.24530927106,45050.71091356564,45446.73976823217,45929.8114483431,46271.34974010312,46467.12602481307,47527.163630449606,48017.20992898788,1229.9120777378369,-376,46037.98837170134,True,aggregate_independent_posterior_pairing
downtown,historical_model_estimate,2025-02-28,2024-02-18,7489.770944312255,7726.500737710687,8280.143920102522,8355.44805545603,8560.98069440029,8845.943443082215,9133.252578881393,9309.778974536723,9420.416328228714,9882.26758989728,10069.92004152271,671.7719990883761,-376,8760.339507261791,True,2025-02-28_downtown
fscoffee,historical_model_estimate,2025-02-28,2024-02-18,11393.677453827788,11549.825912427135,12026.336360628375,12102.142139863228,12249.723941680119,12518.807302004612,12690.45814080566,12874.401947578606,12945.924938731207,13379.717314745803,13592.143531988406,557.6404311512025,-376,12775.040013074076,True,2025-02-28_fscoffee
hurricane,historical_model_estimate,2025-02-28,2024-02-18,12332.933457410725,12485.553576959484,12952.079789543946,13052.157597110505,13218.94854893596,13425.895001142548,13650.69653867843,13829.963446368454,13915.05844164931,14374.491076973216,14544.882324964205,574.2088068806096,-376,13418.95807473162,True,2025-02-28_hurricane
springdale,historical_model_estimate,2025-02-28,2024-02-18,9562.035712037818,9785.488974699945,10213.097018926115,10325.357705219227,10486.454758627995,10724.234125428877,10951.71053466198,11085.771623583963,11201.052994322938,11766.203738122382,11947.197279741236,607.8336358176332,-376,11083.650776633853,True,2025-02-28_springdale
all,historical_model_estimate,2025-02-28,2024-02-19,41507.09560973063,41891.58385870974,42850.20919756317,43059.58543740865,43356.47121821764,43819.2496494228,44271.08281279506,44614.07960590318,44776.34824632547,45702.83486617177,45996.89100465064,1148.5148592840249,-375,45042.77778275108,True,aggregate_independent_posterior_pairing
downtown,historical_model_estimate,2025-02-28,2024-02-19,6417.261607419312,6585.474742722716,7174.670559912637,7268.2123817636075,7457.307324993932,7742.854432708675,7977.658466259861,8143.329875282753,8246.385145396916,8752.170907489304,8980.95773522775,655.5175145098942,-375,8306.18545972756,True,2025-02-28_downtown
fscoffee,historical_model_estimate,2025-02-28,2024-02-19,12482.677797441758,12603.974583141473,13055.98200849281,13140.899215469926,13308.171129289236,13514.529759622306,13723.832780357825,13874.555750352509,13946.831158903018,14439.932701870974,14577.380971207876,540.291212092816,-375,13659.288037815417,True,2025-02-28_fscoffee
hurricane,historical_model_estimate,2025-02-28,2024-02-19,11290.700692651057,11370.734915899498,11892.41979118079,11992.032562793103,12144.835115536536,12409.847481354112,12592.24662645562,12746.675404491898,12822.574862430547,13306.735293338243,13483.215330412075,576.0790494041518,-375,12621.948965561383,True,2025-02-28_hurricane
springdale,historical_model_estimate,2025-02-28,2024-02-19,9016.417850557913,9179.429163818502,9732.46795258726,9821.836069312145,10013.12993495259,10203.12136429605,10442.685136511489,10601.92220698492,10693.015189017846,11143.032859206442,11311.748154893012,586.6014436065705,-375,10455.35531964672,True,2025-02-28_springdale
all,historical_model_estimate,2025-02-28,2024-02-20,42123.15254219193,42469.33086378344,43446.534926216475,43675.39088888047,44016.973165930496,44477.33002126881,44862.82014834775,45260.12222672535,45512.405250946635,46349.591254101295,46679.85653139541,1182.1225408156788,-374,42911.62151776288,True,aggregate_independent_posterior_pairing
downtown,historical_model_estimate,2025-02-28,2024-02-20,6641.153601459031,6824.0449422856345,7339.486508434711,7472.860802766598,7689.396865504046,7907.581926356938,8156.967520461171,8351.454626052675,8465.530513734018,9027.219453694166,9192.602820650673,660.418951035661,-374,7025.2587920553615,True,2025-02-28_downtown
fscoffee,historical_model_estimate,2025-02-28,2024-02-20,12644.312519283954,12807.219022417807,13208.481097690299,13288.043771960349,13448.638154114808,13706.731799023788,13888.95977634647,14054.818266980936,14139.170171497422,14536.528081065344,14676.69623992756,535.3263583485827,-374,13568.13129450316,True,2025-02-28_fscoffee
hurricane,historical_model_estimate,2025-02-28,2024-02-20,10574.419586569004,10712.194730134375,11089.27048394861,11169.654494194552,11348.639720768948,11554.789012325606,11783.623077453087,11954.56933108976,12034.992898252414,12454.681693965995,12690.705650432801,551.5747018346673,-374,11737.993581240937,True,2025-02-28_hurricane
springdale,historical_model_estimate,2025-02-28,2024-02-20,10087.854551892,10282.600195631492,10838.223164184075,10912.756258241543,11056.506791437325,11297.832327261407,11532.811175262304,11700.188169198707,11806.20358607045,12241.2581656623,12465.008324648226,594.4628773294636,-374,10580.237849963412,True,2025-02-28_springdale
all,historical_model_estimate,2025-02-28,2024-02-21,44170.38341721301,44534.69479543531,45538.778926470346,45739.67108397026,46086.05816316671,46567.4080528715,47036.86207668229,47407.98708264129,47598.73201425028,48485.23546850137,48794.805766331774,1207.686170538943,-373,47575.7743436506,True,aggregate_independent_posterior_pairing
downtown,historical_model_estimate,2025-02-28,2024-02-21,7564.843814501476,7781.461424477533,8324.031189827378,8429.529212041682,8621.853331530387,8885.903873549178,9145.484595512193,9344.44093630646,9452.39537150887,10046.21745851549,10274.934855708583,677.5434303533987,-373,9465.133938436777,True,2025-02-28_downtown
fscoffee,historical_model_estimate,2025-02-28,2024-02-21,12731.877812240833,12917.190162333054,13300.876819284633,13392.401023593811,13538.4629253976,13729.612292586731,13945.240390881256,14097.11192508719,14199.032461382381,14638.195303160632,14805.125016489957,527.2992156110846,-373,13994.570712984158,True,2025-02-28_fscoffee
hurricane,historical_model_estimate,2025-02-28,2024-02-21,10519.72344121026,10684.573533855673,11172.123526736234,11271.298118287059,11479.871480841088,11702.112627329516,11903.718117258633,12050.090292759875,12169.684025005383,12623.193491297247,12794.497333561161,582.2497024759986,-373,11772.682108597815,True,2025-02-28_hurricane
springdale,historical_model_estimate,2025-02-28,2024-02-21,11150.116831299998,11282.1790078489,11764.836229686221,11838.676062937624,12003.758334971597,12249.563118677586,12473.303251493688,12638.363987373014,12753.692744827329,13167.45898154512,13346.314482569222,581.6011249306468,-373,12343.387583631848,True,2025-02-28_springdale
all,historical_model_estimate,2025-02-28,2024-02-22,45511.327385571705,45913.752458338975,46833.25194659021,46965.442473166244,47308.27270168292,47808.580259084556,48240.44401811077,48600.79757936326,48799.98066942333,49785.31938693635,50097.044877676795,1167.047795411275,-372,46113.96222865397,True,aggregate_independent_posterior_pairing
downtown,historical_model_estimate,2025-02-28,2024-02-22,8386.003024962018,8578.910002359575,9125.91920269592,9243.027400529736,9429.507114887121,9685.205362630553,9912.09764425436,10144.249037117981,10257.984492088788,10744.636700989875,10955.45448610285,664.5139400203273,-372,10372.870233863165,True,2025-02-28_downtown
fscoffee,historical_model_estimate,2025-02-28,2024-02-22,12030.70583489585,12184.222432982286,12554.1262540488,12640.699245075079,12817.821751998925,12998.704872968,13187.895950110478,13342.154857613072,13414.378985741847,13869.725445962882,14028.091003394295,516.1194618152051,-372,11820.673913463155,True,2025-02-28_fscoffee
hurricane,historical_model_estimate,2025-02-28,2024-02-22,11241.202829303606,11454.988393863287,11898.681855328094,11979.580991377878,12119.366877860564,12302.67307635841,12531.664271044407,12691.509107749069,12808.01318957557,13289.23155511002,13485.121163819977,550.9757425687831,-372,11235.447436019482,True,2025-02-28_hurricane
springdale,historical_model_estimate,2025-02-28,2024-02-22,11663.041111640248,11817.725806177725,12301.759260122737,12419.476141189025,12571.067221294126,12766.24250451192,12975.16511957416,13143.96035453579,13237.55398832186,13699.816374270646,13941.093990015439,567.1679559472941,-372,12684.97064530817,True,2025-02-28_springdale
all,historical_model_estimate,2025-02-28,2024-02-23,44903.07653282198,45268.49499718035,46448.45664345486,46646.93701092503,46977.59262787675,47405.57975389906,47877.97827608763,48258.57073642765,48425.538351332194,49382.909159227514,49715.58795798715,1220.6024267635826,-371,45543.051825446484,True,aggregate_independent_posterior_pairing
downtown,historical_model_estimate,2025-02-28,2024-02-23,8577.081137490553,8853.07336661794,9307.59641646813,9412.606468723097,9641.464976451556,9903.638709211598,10161.924654957738,10355.317164445922,10499.86619959844,11084.044963612278,11383.0569718224,703.4830747695107,-371,10086.273655434848,True,2025-02-28_downtown
fscoffee,historical_model_estimate,2025-02-28,2024-02-23,11041.241772651721,11190.21031117057,11662.7236865815,11747.403326919213,11904.666900740389,12124.192369375458,12351.908156642208,12483.472350149492,12588.956010519714,12990.808743762289,13181.216865974098,552.0915212273824,-371,10972.373250513863,True,2025-02-28_fscoffee
hurricane,historical_model_estimate,2025-02-28,2024-02-23,11764.641432496173,11919.454076387632,12372.71949235842,12466.631427235643,12650.95947876469,12881.429047623638,13090.063634059876,13228.984285409457,13301.8286769276,13741.396838641142,13880.870821520482,556.1305868892659,-371,12046.639501211586,True,2025-02-28_hurricane
springdale,historical_model_estimate,2025-02-28,2024-02-23,11407.037532568009,11606.619989110524,12074.761559796712,12144.321076283633,12304.473193702343,12514.396622326303,12733.428413413189,12895.919864370837,13008.32250578036,13446.56253996598,13571.161308095843,552.7734617623835,-371,12437.765418286192,True,2025-02-28_springdale
all,historical_model_estimate,2025-02-28,2024-02-24,43973.71142972512,44436.77979683823,45317.172887234876,45502.17565358947,45804.37517469499,46266.89719519061,46802.111681723596,47138.100309274974,47309.67056535846,48290.23409395155,48704.67138771414,1199.4080846718723,-370,45560.0103447105,True,aggregate_independent_posterior_pairing
downtown,historical_model_estimate,2025-02-28,2024-02-24,8613.647263764315,8815.183365751389,9343.915583171596,9433.361700868942,9574.014125573343,9857.015235120438,10093.145282620226,10307.023096471645,10436.817811315355,11001.616840745695,11192.324212342404,668.0404485207168,-370,9774.673648926013,True,2025-02-28_downtown
fscoffee,historical_model_estimate,2025-02-28,2024-02-24,10687.923846403066,10885.31807272416,11279.473208369389,11370.991978547438,11525.18980647482,11732.113370365263,11962.847684048633,12146.609379503376,12228.19438469178,12620.649683536565,12802.63397794977,544.8519168825949,-370,11788.474217142211,True,2025-02-28_fscoffee
hurricane,historical_model_estimate,2025-02-28,2024-02-24,12122.047991203232,12256.806667399776,12740.182524243535,12821.55814193914,12987.782476133305,13187.396388298584,13417.599827745591,13573.424106903913,13665.210080525983,14077.819198905709,14302.225413544933,559.465789583759,-370,12353.668027684464,True,2025-02-28_hurricane
springdale,historical_model_estimate,2025-02-28,2024-02-24,10331.740755956842,10528.192347239337,10991.80625206754,11086.724865560938,11241.504379957682,11441.76193237982,11692.483026946244,11898.628926991065,12021.751438699312,12456.423130938843,12587.765609510905,591.729992638044,-370,11643.194450957812,True,2025-02-28_springdale
all,historical_model_estimate,2025-02-28,2024-02-25,43110.79763094323,43470.03455507162,44403.64313142993,44561.592806734276,44907.92285413924,45287.62637693972,45820.341908624934,46156.625739142226,46362.7973482312,47437.265734855675,47680.9505783757,1181.2929794680338,-369,45509.414846245694,True,aggregate_independent_posterior_pairing
downtown,historical_model_estimate,2025-02-28,2024-02-25,7760.978537682519,7884.2312353945035,8413.726213727132,8532.937501754546,8732.344842621415,8980.806313168003,9228.144636572137,9408.247918120742,9542.351304829062,10134.755762503522,10425.108066417548,673.2865624996177,-369,9297.418388789652,True,2025-02-28_downtown
fscoffee,historical_model_estimate,2025-02-28,2024-02-25,11275.591086396196,11436.323109787343,11866.7218000443,11951.876344439766,12108.939126150528,12313.360376162878,12535.1395356594,12685.174414401024,12768.046996033583,13167.760775589168,13297.485641929366,532.3150553685194,-369,12109.490509124897,True,2025-02-28_fscoffee
hurricane,historical_model_estimate,2025-02-28,2024-02-25,12156.736198598821,12269.033840492773,12727.007491982788,12804.858906257272,12991.682308863365,13222.779817991359,13431.293095972176,13611.096449652418,13740.297057648511,14232.247790863195,14422.925732554351,586.6241948808331,-369,13001.39808852518,True,2025-02-28_hurricane
springdale,historical_model_estimate,2025-02-28,2024-02-25,9654.63770962865,9903.686564550333,10360.304583440251,10491.269524631982,10654.089623248343,10848.674612084265,11052.396452932277,11227.176624435882,11328.687968103824,11746.755533220641,11901.138474718093,574.625632539658,-369,11101.107859805965,True,2025-02-28_springdale
all,historical_model_estimate,2025-02-28,2024-02-26,41202.10156867008,41661.57257511488,42664.55064758469,42905.54015676809,43240.0398466675,43716.255189777716,44172.65093676054,44465.57898156743,44693.46096802023,45716.20804974693,46038.702971942184,1242.2580433975318,-368,44729.0832981907,True,aggregate_independent_posterior_pairing
downtown,historical_model_estimate,2025-02-28,2024-02-26,6744.914531023134,6897.045387945984,7446.73076774672,7547.175124301626,7737.527099946412,7993.976188346378,8217.18283691517,8444.07289622074,8525.397227080492,9138.688240104155,9385.571482839392,659.5931012009431,-368,8132.586368586604,True,2025-02-28_downtown
fscoffee,historical_model_estimate,2025-02-28,2024-02-26,12126.522732272793,12272.802346127486,12781.129257084434,12865.215070291863,13032.835249969969,13246.859797839657,13436.358405357209,13580.259171829968,13682.040380905766,14142.88172857293,14297.99028588927,554.2334938931212,-368,13365.32299745266,True,2025-02-28_fscoffee
hurricane,historical_model_estimate,2025-02-28,2024-02-26,11099.293726858072,11330.627204036406,11741.131398197596,11826.187246391784,11986.730714657648,12241.16624992276,12452.417894300816,12615.686270753527,12710.009243678001,13092.982131908628,13261.448377409697,562.7543323757088,-368,12868.314508299143,True,2025-02-28_hurricane
springdale,historical_model_estimate,2025-02-28,2024-02-26,9118.21811926123,9368.550088227223,9788.05680854889,9876.516143247289,10056.743660162248,10241.107336487039,10471.324262451699,10656.79408171194,10757.871705697078,11158.246795265604,11392.77191128813,574.9608513150082,-368,10362.859423852296,True,2025-02-28_springdale
all,historical_model_estimate,2025-02-28,2024-02-27,41710.511394795074,42012.59592109292,42977.44973871262,43191.71916072469,43541.184929553754,43936.85394117765,44366.52554683077,44684.069071251135,44909.98774667827,45752.9296117522,46158.71853970799,1153.982169688874,-367,,False,aggregate_independent_posterior_pairing
downtown,historical_model_estimate,2025-02-28,2024-02-27,6764.3314422748035,6865.6354487442895,7368.579636145714,7479.065684876361,7648.521676690616,7933.553806434924,8190.477989867641,8359.663736963903,8468.64064780133,8954.033263147856,9089.754875669536,637.7258545732014,-367,8175.008994033085,True,2025-02-28_downtown
fscoffee,historical_model_estimate,2025-02-28,2024-02-27,12280.589780212214,12459.0736049304,12921.410325460409,12989.695199917642,13145.71506391148,13340.950668025045,13541.373329149477,13672.852688933359,13761.758695970731,14230.40965140064,14393.660934364285,539.0730026034304,-367,13761.567805295812,True,2025-02-28_fscoffee
hurricane,historical_model_estimate,2025-02-28,2024-02-27,10355.135878507925,10548.039875351571,10995.574709412936,11090.783575999014,11241.149364495392,11407.789261260183,11628.388193286084,11817.717629864605,11917.480677505837,12349.359386207565,12489.192598064967,557.6496950949409,-367,,False,2025-02-28_hurricane
springdale,historical_model_estimate,2025-02-28,2024-02-27,10214.400304880748,10331.882651427017,10737.976100180835,10827.436582105513,10995.117285847173,11224.682986161535,11464.438494109121,11627.029241712813,11753.394549566816,12189.274406220014,12358.963606711895,578.4834560828313,-367,11694.505813505632,True,2025-02-28_springdale
all,historical_model_estimate,2025-02-28,2024-02-28,44409.67594954757,44754.239057470666,45686.939120749295,45851.55905833635,46197.34467113468,46654.802282514356,47073.100019683516,47405.89016623882,47568.49018668194,48503.35862984141,48862.19282764857,1134.2082701230765,-366,46465.22930900692,True,aggregate_independent_posterior_pairing
downtown,historical_model_estimate,2025-02-28,2024-02-28,7962.382550627924,8182.263451177202,8650.187076255275,8776.289677723093,8954.122705971497,9220.138518084448,9457.205332528249,9637.169024866667,9747.892874025269,10178.942660632763,10425.143043155995,640.3050489871493,-366,8615.402823468874,True,2025-02-28_downtown
fscoffee,historical_model_estimate,2025-02-28,2024-02-28,12500.582680374659,12660.978257042243,13070.99644925835,13172.467313095363,13316.674645250021,13513.568470344982,13726.599750397325,13892.577822240586,13984.605269675858,14412.576542535217,14548.786557183807,524.8380920936992,-366,13789.788446735623,True,2025-02-28_fscoffee
hurricane,historical_model_estimate,2025-02-28,2024-02-28,10373.961552076762,10524.942602486646,11005.36544357648,11102.167007544755,11275.71604475429,11513.37764207165,11708.405982144035,11874.352213086075,11990.965693706186,12399.5553493635,12596.588506391132,571.374498395827,-366,11431.736983267192,True,2025-02-28_hurricane
springdale,historical_model_estimate,2025-02-28,2024-02-28,11334.918945596459,11527.778636637715,11977.26534477688,12055.776935683518,12200.10558378012,12435.720563871055,12638.344806887206,12793.99459897958,12895.388788104408,13369.66150459687,13541.413110330443,555.2700072543433,-366,12628.301055535228,True,2025-02-28_springdale
all,historical_model_estimate,2025-02-28,2024-02-29,45270.07702958707,45577.35970880025,46411.32678944143,46599.75625888626,46966.35679002378,47453.0030532577,47866.58412002399,48176.43952106259,48373.48678742665,49302.72750495403,49662.31631173937,1147.5856437702753,-365,46962.0799110709,True,aggregate_independent_posterior_pairing
downtown,historical_model_estimate,2025-02-28,2024-02-29,8508.044415397422,8734.191746858156,9346.273030132554,9456.810862507868,9641.502401253088,9923.984408636232,10169.192159338256,10373.816483676543,10474.776059334992,10984.988768855315,11185.21604989053,690.7205528331683,-365,9337.264148353295,True,2025-02-28_downtown
fscoffee,historical_model_estimate,2025-02-28,2024-02-29,11551.491966564527,11707.870948006623,12113.818235150558,12205.907371275565,12382.294932080946,12623.311251848332,12814.504509783621,12962.556899426892,13064.481139727444,13422.857906311145,13647.978630903393,531.3217627409305,-365,12769.073675563644,True,2025-02-28_fscoffee
hurricane,historical_model_estimate,2025-02-28,2024-02-29,10964.55268629053,11149.878541561453,11538.09193798521,11622.018672341248,11779.802393127447,12025.758400110735,12226.453628832842,12362.17271576422,12445.093149518278,12885.512199126208,13066.853053326286,536.1823070693305,-365,11908.85760941892,True,2025-02-28_hurricane
springdale,historical_model_estimate,2025-02-28,2024-02-29,11806.953966357178,11962.798417443712,12440.01716235876,12532.635655586753,12703.032702521868,12935.728702453898,13106.001173240555,13295.628498559832,13387.440152996911,13837.95145984318,13966.741364305142,559.4702559349593,-365,12946.88447773504,True,2025-02-28_springdale
all,historical_model_estimate,2025-02-28,2024-03-01,44867.24333888684,45182.7010036263,46093.40706709578,46354.20715539367,46691.908153180804,47092.96945771176,47515.297194497834,47904.49833403895,48108.53852782111,49126.336949845,49440.06478230996,1194.3594416926926,-364,47505.057912278746,True,aggregate_independent_posterior_pairing
downtown,historical_model_estimate,2025-02-28,2024-03-01,8771.228117230792,8916.358772975706,9417.836007129137,9526.553051703359,9735.911832633408,9962.956042999002,10210.775268107926,10410.70038610863,10518.359490635492,11060.607054968563,11269.964954743404,646.5318233413927,-364,10509.378168629755,True,2025-02-28_downtown
fscoffee,historical_model_estimate,2025-02-28,2024-03-01,10731.947977105418,10906.83878728427,11416.117515175361,11504.21301800633,11660.603705811041,11871.648432732498,12089.69571708597,12242.6978096083,12308.836397474783,12732.81632478,12920.595224519338,545.6764605936288,-364,11914.038822607785,True,2025-02-28_fscoffee
hurricane,historical_model_estimate,2025-02-28,2024-03-01,11486.944438976501,11633.518610968853,12100.135947012317,12207.116775082579,12345.696245014906,12551.810395081831,12807.80614883868,12975.586189421618,13086.13818233189,13552.339702488109,13702.626156761113,568.7574386182905,-364,12426.001713805876,True,2025-02-28_hurricane
springdale,historical_model_estimate,2025-02-28,2024-03-01,11563.543374828767,11757.796072331315,12200.222277781031,12322.235826004708,12469.83737066762,12705.297690774525,12935.016719755222,13095.5967728197,13194.026308205272,13591.752037126756,13820.72398302372,572.0488855273628,-364,12655.63920723533,True,2025-02-28_springdale
all,historical_model_estimate,2025-02-28,2024-03-02,44024.774077202535,44435.889349585275,45411.66580172365,45628.8600416347,45932.845894633196,46418.96619152648,46884.28751867029,47173.30362656244,47375.390954016555,48300.70803340042,48688.415652112875,1190.8553445325385,-363,48230.723994492575,True,aggregate_independent_posterior_pairing
downtown,historical_model_estimate,2025-02-28,2024-03-02,8571.113240110062,8856.464488715885,9335.2560013083,9469.991073737667,9637.469847258466,9901.903618951721,10199.750104733977,10403.89334731734,10528.601191043814,10980.671457583076,11250.7622418203,674.172373898177,-363,10794.475538105156,True,2025-02-28_downtown
fscoffee,historical_model_estimate,2025-02-28,2024-03-02,10789.902477355365,10939.691364348597,11316.07335608676,11402.5731870664,11542.217979932906,11776.453933813107,12004.75123675585,12153.264795074807,12225.820148392195,12621.846675326136,12748.693116430228,526.8167149066103,-363,11919.37903051496,True,2025-02-28_fscoffee
hurricane,historical_model_estimate,2025-02-28,2024-03-02,11896.146338024602,12090.240612232707,12540.880535414595,12622.612940909028,12767.849168477916,12988.519498929852,13191.608920019653,13367.853739408212,13441.800046794582,13896.925470966133,14036.35132375463,550.2583947509829,-363,13465.530862364789,True,2025-02-28_hurricane
springdale,historical_model_estimate,2025-02-28,2024-03-02,10617.168933225485,10778.17503404045,11258.022236501738,11347.10909343445,11512.561160134574,11723.648409967009,11917.038098461746,12083.475066026178,12175.483878108122,12687.240311891903,12826.48584520464,555.444576312249,-363,12051.338563507668,True,2025-02-28_springdale
all,historical_model_estimate,2025-02-28,2024-03-03,43452.83916315382,43823.302285173915,44712.86249666889,44952.666158859654,45299.269134773334,45720.23843809751,46249.76223462868,46578.18932745945,46810.84566881394,47681.949726879786,48223.06352932193,1227.4519846747755,-362,,False,aggregate_independent_posterior_pairing
downtown,historical_model_estimate,2025-02-28,2024-03-03,7734.345680997908,7998.840983062527,8509.463454744495,8624.226112060796,8820.572764535535,9077.088048123824,9402.532376273473,9610.398431333791,9694.047314225005,10159.978927512931,10411.734456977167,696.447912396831,-362,,False,2025-02-28_downtown
fscoffee,historical_model_estimate,2025-02-28,2024-03-03,11242.329429896608,11417.338313329818,11860.767461237914,11941.073096881868,12084.761616498627,12299.680690250603,12508.734171331047,12656.153474660574,12737.55438200364,13234.036230756497,13395.997641830001,548.0088610589038,-362,13090.67407785248,True,2025-02-28_fscoffee
hurricane,historical_model_estimate,2025-02-28,2024-03-03,12091.933604350948,12268.359646470084,12750.655633006,12850.722910792763,13017.405712144682,13245.900693537787,13465.932431241738,13650.742857418814,13755.79426517097,14150.17441497672,14299.640424772018,575.489898191797,-362,13529.896654603766,True,2025-02-28_hurricane
springdale,historical_model_estimate,2025-02-28,2024-03-03,10023.91241088492,10187.128794837377,10604.909778236417,10752.987237115074,10905.947099022453,11117.792026974708,11335.617830309046,11491.29040636919,11586.174826515577,11999.137498112506,12221.248631462342,569.2982922477287,-362,11187.893850917388,True,2025-02-28_springdale
all,historical_model_estimate,2025-02-28,2024-03-04,42019.54645951327,42400.25720044795,43262.16922208535,43452.03428545369,43867.39052334084,44301.58109550887,44756.4691162825,45131.20105608528,45325.24101737118,46312.32968072679,46678.66980420227,1204.1052787607298,-361,45183.41419211331,True,aggregate_independent_posterior_pairing
downtown,historical_model_estimate,2025-02-28,2024-03-04,6812.884970374404,7071.4887787918915,7564.202149790222,7659.897791587209,7850.461425258419,8146.778088404718,8388.001419820464,8576.97808424569,8706.25747580275,9229.98366266954,9394.662976784808,667.5880458074635,-361,8482.648910101234,True,2025-02-28_downtown
fscoffee,historical_model_estimate,2025-02-28,2024-03-04,12317.278485384162,12523.537357911953,12939.04638044821,13007.705050970164,13167.254119894651,13364.783637597364,13569.617342459509,13736.329413243739,13826.117412590647,14225.368524582513,14401.87649524627,533.3779505407829,-361,13510.517917570987,True,2025-02-28_fscoffee
hurricane,historical_model_estimate,2025-02-28,2024-03-04,11199.028865950331,11391.575752190738,11820.641937129765,11890.116763576689,12058.58106476992,12277.85103468832,12508.649205637194,12690.235273164584,12775.521216126503,13262.103009764496,13465.198993693755,566.6069391052225,-361,12725.261354005872,True,2025-02-28_hurricane
springdale,historical_model_estimate,2025-02-28,2024-03-04,9406.268765888999,9567.882400060429,10046.113266880071,10160.100892263523,10289.924478770065,10511.840002538194,10716.44556779583,10878.370668922034,10981.728237445323,11401.34242983834,11585.733573052363,570.3624963398368,-361,10464.986010435216,True,2025-02-28_springdale
all,historical_model_estimate,2025-02-28,2024-03-05,42400.23416256187,42590.03122862163,43655.91700159904,43850.28252922916,44207.54473741395,44625.73705229134,45115.68782563229,45417.11049171573,45587.91243937197,46401.49012859378,46813.947391675276,1138.7308297730785,-360,44389.684554334395,True,aggregate_independent_posterior_pairing
downtown,historical_model_estimate,2025-02-28,2024-03-05,6870.934665144113,7081.627604164948,7585.441910335561,7683.44876421311,7881.035447919369,8119.667682108409,8370.634099121165,8554.949324648134,8683.195002167033,9241.704676520121,9534.527460541234,658.5188214060369,-360,7739.325306896393,True,2025-02-28_downtown
fscoffee,historical_model_estimate,2025-02-28,2024-03-05,12434.472577449758,12603.452267224748,13089.085974976084,13210.70662662344,13361.983315390491,13548.035811751168,13734.643853104059,13897.720498206116,13986.439531492939,14420.646875197,14565.661726859651,542.4644804750167,-360,13519.15322517497,True,2025-02-28_fscoffee
hurricane,historical_model_estimate,2025-02-28,2024-03-05,10240.366752989632,10470.643779505246,10931.795109363647,11019.269778215441,11182.473610211147,11442.662501349405,11654.961305833076,11797.067828880474,11890.83664366315,12312.064821836464,12514.729927571607,576.4113361500961,-360,11454.439861132963,True,2025-02-28_hurricane
springdale,historical_model_estimate,2025-02-28,2024-03-05,10452.014186726026,10599.610010594346,11050.916929168568,11138.469835764252,11313.444241152356,11509.314600851054,11742.832449600492,11907.823523678322,12002.299250690694,12443.345492630098,12599.83548601331,572.326389586497,-360,11676.766161130065,True,2025-02-28_springdale
all,historical_model_estimate,2025-02-28,2024-03-06,44782.15890335477,45103.77060958443,46019.64370686446,46251.28101762201,46599.75697035355,47092.01013061606,47501.345748899235,47868.41660905133,48087.41202879144,48943.09968380182,49287.74817916481,1169.1959610540932,-359,,False,aggregate_independent_posterior_pairing
downtown,historical_model_estimate,2025-02-28,2024-03-06,7980.922148146481,8209.403266534993,8706.35816624763,8845.255658977065,9020.704853621344,9280.32352423844,9514.766006905216,9717.783368383469,9817.581915105635,10411.737924333966,10566.812221373133,669.3510740378287,-359,9535.77813559575,True,2025-02-28_downtown
fscoffee,historical_model_estimate,2025-02-28,2024-03-06,12499.827932666938,12719.962257783964,13165.65508684266,13272.156022691446,13473.201153144648,13673.345119158676,13893.051183815776,14033.83731136079,14103.22790801525,14570.425507068156,14660.650655249106,557.4327640727005,-359,13450.39052970596,True,2025-02-28_fscoffee
hurricane,historical_model_estimate,2025-02-28,2024-03-06,10463.633163377834,10602.144227735425,11076.493833122966,11147.639457259123,11304.21885328908,11543.92259337503,11769.48840384448,11913.63568901605,12021.18162787729,12435.74880613294,12579.932165955897,557.3136355897232,-359,,False,2025-02-28_hurricane
springdale,historical_model_estimate,2025-02-28,2024-03-06,11453.84152734117,11658.297155077193,12112.698261361902,12206.17457140221,12375.216397788148,12594.743316734226,12809.844800947229,12989.864981616636,13081.020971367137,13533.383029400935,13684.277855241578,573.9510878886265,-359,12886.16319645917,True,2025-02-28_springdale
all,historical_model_estimate,2025-02-28,2024-03-07,45480.339017914994,45930.52226926623,46823.08296886488,47030.9404869856,47382.83846397355,47775.21664618782,48234.76223152736,48576.02483058022,48818.625766124445,49871.56696755631,50205.26870347492,1186.4949252720626,-358,48084.6241838142,True,aggregate_independent_posterior_pairing
downtown,historical_model_estimate,2025-02-28,2024-03-07,8809.237941062993,9013.988930140153,9475.977972892457,9584.532307953028,9762.97168458842,10015.642373258903,10285.016587164793,10498.176661077783,10633.955178392858,11199.650635492786,11392.80680159138,679.7066771914826,-358,9473.364412552344,True,2025-02-28_downtown
fscoffee,historical_model_estimate,2025-02-28,2024-03-07,11699.580606606436,11848.004453433134,12235.794091525415,12307.843404179002,12458.12767153046,12671.294452830181,12865.017570244136,13033.313789726357,13101.538854978457,13507.885525103758,13658.831418845002,512.8222712387447,-358,12978.88588782486,True,2025-02-28_fscoffee
hurricane,historical_model_estimate,2025-02-28,2024-03-07,10927.213712211102,11047.082527393828,11498.564874961861,11601.807371809591,11782.3023297986,12013.524614021298,12260.155993103273,12424.369565707635,12514.968403772544,12973.26566801368,13148.370811604103,587.8296411837963,-358,12579.310084298906,True,2025-02-28_hurricane
springdale,historical_model_estimate,2025-02-28,2024-03-07,11999.426459697775,12184.878272423777,12632.907281916825,12714.208764997733,12896.897712948301,13125.877146576126,13301.55833691191,13456.132045404975,13523.707340560835,13985.979811553205,14106.256288735485,546.8094293199639,-358,13053.063799138095,True,2025-02-28_springdale
all,historical_model_estimate,2025-02-28,2024-03-08,45268.58664765092,45656.867329215536,46696.917149602086,46873.97152047322,47220.278653952715,47671.65456838973,48206.74431507907,48511.482183420856,48723.64690317824,49517.48960109593,49867.29531173432,1179.0949013518996,-357,49132.383221871234,True,aggregate_independent_posterior_pairing
downtown,historical_model_estimate,2025-02-28,2024-03-08,8854.608153391593,9049.320562377372,9660.570451132191,9759.034766307224,9947.894962610808,10232.399671942176,10505.224605247293,10679.875697775578,10770.538065029179,11245.36022186974,11493.60298021138,670.8659828709405,-357,10487.851132944086,True,2025-02-28_downtown
fscoffee,historical_model_estimate,2025-02-28,2024-03-08,10868.985515532284,11109.133056999786,11527.146726493465,11600.92060434701,11747.536180637177,11957.075834706324,12155.068400966984,12324.209295375913,12423.852352018717,12903.556351003863,13026.743410264793,548.3789257399145,-357,12800.18997934504,True,2025-02-28_fscoffee
hurricane,historical_model_estimate,2025-02-28,2024-03-08,11557.231561449831,11650.586098804979,12148.717868228636,12265.902124740447,12440.334470812666,12631.40139311446,12857.697781528022,13019.217026625862,13117.892770980152,13595.244706822914,13692.455984500346,568.8686952068998,-357,12723.64744148209,True,2025-02-28_hurricane
springdale,historical_model_estimate,2025-02-28,2024-03-08,11758.277148726966,11917.538039940404,12371.882796167034,12450.242552149488,12621.68718781966,12854.06838068011,13094.62320921308,13283.005423990771,13347.460517071828,13771.62828187019,13918.520524574787,568.5853485423805,-357,13120.694668100015,True,2025-02-28_springdale
all,historical_model_estimate,2025-02-28,2024-03-09,44924.9498301359,45360.42570971733,46285.56991993966,46512.037639317015,46852.362455329865,47261.045738322704,47692.751318341325,48011.80315716048,48187.337472844956,49079.009834691904,49556.33811056895,1146.992210972484,-356,47636.7058941351,True,aggregate_independent_posterior_pairing
downtown,historical_model_estimate,2025-02-28,2024-03-09,8880.294434303585,9049.286548065083,9667.332212551111,9765.60651766803,9944.827719875544,10164.790857420967,10415.018533982873,10617.494982905717,10712.04577477333,11217.091872932462,11479.081170407233,650.1415009234171,-356,9972.293896342657,True,2025-02-28_downtown
fscoffee,historical_model_estimate,2025-02-28,2024-03-09,10911.424362589658,11060.284471786637,11465.577384152994,11550.736290538944,11726.263336553193,11916.941596290704,12113.211399177959,12258.826606838724,12358.281472417797,12788.161297980767,12884.95481640838,526.6089229496778,-356,12389.118167959485,True,2025-02-28_fscoffee
hurricane,historical_model_estimate,2025-02-28,2024-03-09,12019.264698460263,12274.883900978548,12684.703895176288,12763.028123771359,12924.302958267343,13130.978940826062,13357.619447366435,13528.388998224873,13593.674293960474,14057.653074613294,14190.09536736886,551.3407789969048,-356,13177.8471627393,True,2025-02-28_hurricane
springdale,historical_model_estimate,2025-02-28,2024-03-09,10945.384566288423,11122.729698911002,11545.0879941889,11631.773006251078,11781.383256647812,12023.684189056,12227.650617323532,12408.562272874617,12495.012865350036,12961.832813832629,13171.104353509038,561.9141680951983,-356,12097.446667093656,True,2025-02-28_springdale
all,historical_model_estimate,2025-02-28,2024-03-10,44152.55897435979,44581.95063963816,45398.42520827779,45604.86623757377,45948.55343474837,46331.86204723691,46820.291551553535,47192.8951622313,47379.34351625491,48200.836711870994,48601.66830002651,1154.2215062795487,-355,46601.06187660322,True,aggregate_independent_posterior_pairing
downtown,historical_model_estimate,2025-02-28,2024-03-10,7981.783465018072,8176.415669943228,8657.008500845976,8765.477422271219,8960.375551515726,9212.360877060499,9473.822085215541,9680.509366654103,9773.722628588259,10297.77243087981,10485.868982146994,654.1100509589442,-355,9342.25972602144,True,2025-02-28_downtown
fscoffee,historical_model_estimate,2025-02-28,2024-03-10,11540.153344392435,11755.811584854973,12135.589388499258,12205.493183807357,12388.303695139944,12587.679099033514,12789.996024476273,12928.136129973878,12998.588009305804,13388.696426972978,13592.112894355058,516.9872432255314,-355,12778.656774537112,True,2025-02-28_fscoffee
hurricane,historical_model_estimate,2025-02-28,2024-03-10,12216.468133804297,12374.525552321997,12836.119342181024,12944.257009012883,13109.455068362238,13339.315612538277,13525.462826483536,13674.006154985116,13766.374757154317,14223.056071897865,14354.619276149864,552.0079332904868,-355,13120.93468290677,True,2025-02-28_hurricane
springdale,historical_model_estimate,2025-02-28,2024-03-10,10163.680475344096,10397.823117498594,10811.62154107757,10899.250331694691,11070.701264214606,11273.101715550176,11482.544192623338,11651.033506297168,11733.20653723732,12172.48336087516,12365.467166257462,557.152735190493,-355,11359.210693137897,True,2025-02-28_springdale
all,historical_model_estimate,2025-02-28,2024-03-11,42452.08198397028,42913.502891884906,43851.319682702626,44010.872460826926,44424.54048856302,44866.84832632984,45374.9118415612,45693.348307878725,45909.484914673376,46840.802996535305,47183.508450360365,1211.2430290477596,-354,44498.12465474311,True,aggregate_independent_posterior_pairing
downtown,historical_model_estimate,2025-02-28,2024-03-11,6968.206170219739,7164.53748390396,7677.978352524024,7802.924304460017,7966.5761809396645,8236.190688791965,8487.971274019465,8672.094238540021,8771.46470164226,9233.458910406172,9450.155993588038,640.7934255918384,-354,7595.185811707132,True,2025-02-28_downtown
fscoffee,historical_model_estimate,2025-02-28,2024-03-11,12496.694315846013,12662.934365421599,13115.62526212155,13211.381815040751,13340.532947020827,13530.89679601914,13746.65358170276,13911.547835939267,13996.417404492307,14413.653605601407,14546.00297818655,529.0405856543673,-354,13296.812807025832,True,2025-02-28_fscoffee
hurricane,historical_model_estimate,2025-02-28,2024-03-11,11341.224840137162,11517.38086139016,11869.693726124819,11967.034108908543,12151.612916714023,12371.080273991229,12575.813158753264,12741.720715446088,12836.263205904388,13338.010069932456,13509.813060008884,559.0904750054201,-354,12650.540488650357,True,2025-02-28_hurricane
springdale,historical_model_estimate,2025-02-28,2024-03-11,9556.643542621732,9760.94354625511,10245.297384018619,10357.735508919499,10515.307312594123,10726.519092646358,10933.362725816918,11127.502516318016,11235.658585601237,11694.600099177427,11930.17356089375,594.4970833649244,-354,10955.585547359791,True,2025-02-28_springdale
all,historical_model_estimate,2025-02-28,2024-03-12,42795.76243660041,43079.44974727323,44021.80525652042,44240.29724399176,44534.400066671624,45017.95053512975,45458.17993668433,45869.122328915706,46025.21627032994,46953.75703328748,47278.155505627416,1183.7615355893333,-353,46348.30638785159,True,aggregate_independent_posterior_pairing
downtown,historical_model_estimate,2025-02-28,2024-03-12,6777.785554989655,7069.184223466023,7576.461796278469,7676.234998058368,7865.477159005897,8129.026536519312,8385.847820283785,8556.03838753009,8693.101488240656,9234.175681026689,9485.190490789197,669.0460526816644,-353,8738.703269828362,True,2025-02-28_downtown
fscoffee,historical_model_estimate,2025-02-28,2024-03-12,12646.639032832903,12849.86812789105,13211.8423997681,13288.764527671603,13469.58103222695,13658.04649550275,13879.348636981647,14059.446147392087,14142.978412955168,14582.702679156719,14730.016879404715,537.7822801600823,-353,14544.2294784286,True,2025-02-28_fscoffee
hurricane,historical_model_estimate,2025-02-28,2024-03-12,10416.504992543907,10560.23765570728,11021.311819781431,11147.30720132101,11297.507641715205,11518.613486939863,11734.180824217508,11887.268624536333,12004.789321374203,12462.803678387563,12608.102810472692,574.3989057526712,-353,11742.067505352265,True,2025-02-28_hurricane
springdale,historical_model_estimate,2025-02-28,2024-03-12,10672.788328228153,10872.653034998722,11244.66921311687,11342.167680567829,11525.972355779435,11736.94471878463,11913.092381352151,12055.724249546724,12143.496494444218,12558.237215449319,12736.373746457493,522.4580297417915,-353,11323.30613424236,True,2025-02-28_springdale
all,historical_model_estimate,2025-02-28,2024-03-13,45174.251877728224,45741.97120942086,46609.563142300336,46774.60632656185,47107.99841500142,47560.43251523131,47926.59502472617,48270.87259124861,48452.94942842194,49447.8908954185,49875.03626034078,1127.5489851096531,-352,,False,aggregate_independent_posterior_pairing
downtown,historical_model_estimate,2025-02-28,2024-03-13,8056.721438077583,8219.677169650333,8799.706953081608,8895.20832303997,9094.72292881884,9328.287937745023,9563.871645865605,9752.459935037203,9845.246592883488,10425.720433691555,10585.020215630631,644.3758306805809,-352,8691.397790762581,True,2025-02-28_downtown
fscoffee,historical_model_estimate,2025-02-28,2024-03-13,12807.700620991056,12997.472551458228,13393.430101386106,13475.682025265289,13687.44677235084,13859.183723201033,14062.961092397512,14223.381732298187,14317.494179305164,14721.443138183715,14842.699120600395,534.305512453357,-352,,False,2025-02-28_fscoffee
hurricane,historical_model_estimate,2025-02-28,2024-03-13,10467.382549283402,10652.102495370249,11090.387527718036,11181.252428585354,11354.200537913066,11576.975630796594,11797.68187782301,11953.415035233222,12038.454592778273,12475.120970154358,12673.228501427322,557.1917787274015,-352,10990.87265010207,True,2025-02-28_hurricane
springdale,historical_model_estimate,2025-02-28,2024-03-13,11667.634068998192,11898.126819700145,12335.606464843333,12435.534536373169,12568.96748976433,12765.767074819294,12985.267543916678,13130.816280295508,13231.449759146302,13715.07714269856,13852.958121602156,553.0056485504562,-352,12580.680042305206,True,2025-02-28_springdale
all,historical_model_estimate,2025-02-28,2024-03-14,46087.45034229249,46419.14110815074,47285.80777605524,47475.51455987614,47773.290372181524,48276.519441499724,48730.81992478973,49037.40978946018,49220.97277024088,50080.83235274764,50374.993472583206,1135.3165455895826,-351,46848.28137295587,True,aggregate_independent_posterior_pairing
downtown,historical_model_estimate,2025-02-28,2024-03-14,8722.31288898491,8967.213887192729,9451.496993388248,9531.740232246042,9746.284649689922,9971.777607225311,10223.457723979305,10431.710168886942,10542.865920716347,11064.292165596347,11267.82078242118,633.9943376861754,-351,9179.661141240022,True,2025-02-28_downtown
fscoffee,historical_model_estimate,2025-02-28,2024-03-14,11994.809764904456,12115.76843148467,12487.844503016044,12599.043051682816,12744.328681419667,12929.9745970814,13165.085132778566,13351.253283286434,13441.739444949382,13851.490733582843,14068.908335779504,539.037755393237,-351,13343.116428553183,True,2025-02-28_fscoffee
hurricane,historical_model_estimate,2025-02-28,2024-03-14,11013.339842653793,11163.026093342283,11620.643541577962,11723.663550518173,11855.918528632898,12073.476106206455,12296.255845124335,12447.213808159684,12531.306873402784,12943.329717240651,13050.56101198873,532.3864383908328,-351,12017.688718599644,True,2025-02-28_hurricane
springdale,historical_model_estimate,2025-02-28,2024-03-14,12180.262810263419,12336.15968026138,12728.294445111822,12801.72279875428,13001.140252719306,13219.046802262383,13475.207176476164,13614.027120573317,13680.0477256914,14130.812396243604,14301.90586497705,556.7557719306378,-351,12307.81508456302,True,2025-02-28_springdale
all,historical_model_estimate,2025-02-28,2024-03-15,45735.39504352191,45947.84696893243,47058.60148698313,47209.822478456685,47584.90527973375,48065.991221242366,48484.33807440281,48767.66695379944,48974.69226259849,49930.28276573693,50256.18313379524,1172.4783356203784,-350,47215.83025877127,True,aggregate_independent_posterior_pairing
downtown,historical_model_estimate,2025-02-28,2024-03-15,8861.466019722964,9079.060078215507,9653.671029477078,9761.297252046632,9955.185302774524,10219.102857726044,10454.89162003843,10658.46979849536,10759.198500803584,11251.712129055122,11426.983932788653,657.5340010261102,-350,9752.701505607936,True,2025-02-28_downtown
fscoffee,historical_model_estimate,2025-02-28,2024-03-15,11208.1404601203,11362.91507528522,11826.150541298266,11915.84776709032,12079.255375076296,12298.095584128558,12504.826887945177,12658.206741351143,12772.574920750374,13184.558654128994,13361.543261730525,542.7469197264364,-350,11771.827125355649,True,2025-02-28_fscoffee
hurricane,historical_model_estimate,2025-02-28,2024-03-15,11516.867098388479,11680.53232611759,12174.396808493548,12263.440411467811,12440.531503272461,12643.030268473522,12844.391129141139,13012.439764502362,13114.044148106697,13531.670214119411,13731.895954755671,555.574693048681,-350,12543.10669187202,True,2025-02-28_hurricane
springdale,historical_model_estimate,2025-02-28,2024-03-15,11772.450040217216,11942.979000884332,12444.37280310524,12525.392487845793,12708.236187515633,12915.158534039383,13154.682528742977,13282.406748253161,13348.218629674264,13767.612732916761,13901.860005096216,559.4071767668357,-350,13148.194935935664,True,2025-02-28_springdale
all,historical_model_estimate,2025-02-28,2024-03-16,44966.6417707341,45315.43574839624,46316.43301214167,46496.821270183544,46850.15235654248,47266.523054487,47682.0889563936,48032.232268750624,48231.296534741785,49088.842631475665,49416.28994980056,1128.2949723581085,-349,49940.384810455704,True,aggregate_independent_posterior_pairing
downtown,historical_model_estimate,2025-02-28,2024-03-16,8896.347823688118,9093.667379922177,9562.327030600392,9666.35583363779,9865.703225612822,10096.66962798686,10351.46164485913,10546.14733412311,10637.244071510637,11164.00025697866,11321.882369374161,634.7515765555586,-349,10930.055063768315,True,2025-02-28_downtown
fscoffee,historical_model_estimate,2025-02-28,2024-03-16,11090.677913176902,11304.920031521848,11692.512049754498,11764.334387346353,11871.726797148827,12090.26686701117,12292.573809131372,12447.656581675164,12530.954449462637,12952.189310714577,13159.363545007065,510.32534122809204,-349,12138.96994137857,True,2025-02-28_fscoffee
hurricane,historical_model_estimate,2025-02-28,2024-03-16,12018.286335087265,12138.5359100994,12593.175086504574,12701.238434112967,12821.937483470792,13032.021203112334,13256.678613365499,13438.028718349375,13542.866533806498,14004.587377696922,14133.912844644005,555.2760792232069,-349,14001.70952763802,True,2025-02-28_hurricane
springdale,historical_model_estimate,2025-02-28,2024-03-16,10944.61816360325,11093.537717432244,11532.765817713313,11623.382783521924,11782.809065630596,11985.209318969448,12220.93215588465,12373.538775420884,12482.735434485241,12888.934735950092,13068.02249089544,557.1231350711131,-349,12869.650277670798,True,2025-02-28_springdale
all,historical_model_estimate,2025-02-28,2024-03-17,44358.67795533532,44816.700037886585,45763.98838736818,45940.07824451565,46249.16970292267,46675.858542677015,47150.27325947976,47460.42953840563,47626.547588303874,48465.099156427204,48918.15732615592,1137.3263498706265,-348,43175.62976662497,True,aggregate_independent_posterior_pairing
downtown,historical_model_estimate,2025-02-28,2024-03-17,8000.580173027985,8185.65865570902,8722.194510708376,8819.810861814416,8995.600980065825,9267.055795000611,9527.564791492425,9750.038210800494,9861.436881813492,10305.398825472079,10481.40185731404,645.0405146552479,-348,7678.380511827643,True,2025-02-28_downtown
fscoffee,historical_model_estimate,2025-02-28,2024-03-17,11600.077853740775,11806.335427077885,12286.543812752636,12372.046330366447,12496.88610775132,12682.093833629773,12878.796138162072,13011.854901863033,13128.215879332025,13544.654416708276,13690.280707654118,535.3099104875264,-348,12492.499019674828,True,2025-02-28_fscoffee
hurricane,historical_model_estimate,2025-02-28,2024-03-17,12217.562225941867,12395.30632575452,12840.30759110682,12929.958056663218,13110.148808454087,13334.620966804086,13540.375754014001,13701.233191719308,13758.463598590472,14223.882474850923,14422.866819930035,569.3553841249201,-348,13245.942071481948,True,2025-02-28_hurricane
springdale,historical_model_estimate,2025-02-28,2024-03-17,10322.957292193349,10514.445832052625,10974.178682850468,11065.536697384021,11193.059769701013,11390.848767422227,11601.062550663979,11806.108765132481,11891.48453809377,12302.01338028575,12477.10710056358,553.2332985048507,-348,9758.80816364055,True,2025-02-28_springdale
all,historical_model_estimate,2025-02-28,2024-03-18,42661.14828232772,42886.29497514648,43714.986589516404,43872.04009968259,44246.20434023569,44661.35642753291,45090.650577942244,45465.46226443799,45636.07257012991,46667.56935771735,46896.148390936454,1125.5226334355561,-347,44432.34777244193,True,aggregate_independent_posterior_pairing
downtown,historical_model_estimate,2025-02-28,2024-03-18,6708.595237648247,6929.601199993552,7451.435617790625,7565.781715206846,7777.799320535612,8015.9979447564965,8253.536503169065,8439.96655394161,8551.339215155129,9142.996384973954,9456.224588231054,672.8421227516525,-347,8129.785069338148,True,2025-02-28_downtown
fscoffee,historical_model_estimate,2025-02-28,2024-03-18,12549.720564939103,12721.448450363978,13131.75425976388,13232.664570487686,13398.382627461418,13597.211291731444,13817.87694849961,13961.591101227097,14038.325189919617,14466.80947537945,14646.308725120862,555.8008823555931,-347,13350.237116875953,True,2025-02-28_fscoffee
hurricane,historical_model_estimate,2025-02-28,2024-03-18,11331.301179293343,11507.7654053794,11959.446574707084,12054.717585699673,12206.78407883538,12429.489848662895,12654.846302009879,12819.824010697974,12905.9294271234,13423.977278833381,13551.03651331539,570.9214818484481,-347,12276.893712865449,True,2025-02-28_hurricane
springdale,historical_model_estimate,2025-02-28,2024-03-18,9504.244691601347,9650.288376062952,10130.468342910786,10215.716139849053,10418.447344447952,10651.7232057,10863.539448362135,11036.650204695845,11134.349834393448,11523.556317451337,11738.99325783074,570.3612927379355,-347,10675.431873362382,True,2025-02-28_springdale
all,historical_model_estimate,2025-02-28,2024-03-19,42876.75291992766,43264.94764227877,44081.988296873744,44257.16315971497,44564.8841035899,45052.03850641796,45496.72192923054,45827.4505912513,46078.30802993601,46988.7001433878,47329.33954940329,1155.0978991725624,-346,44098.00906433427,True,aggregate_independent_posterior_pairing
downtown,historical_model_estimate,2025-02-28,2024-03-19,6834.079495181909,6996.386191745407,7511.219870037935,7610.120977301258,7810.197464721179,8056.407959675202,8332.058858286766,8475.540039504738,8598.637513135545,9065.360529545851,9282.133338668815,633.1455028499771,-346,6267.316098537855,True,2025-02-28_downtown
fscoffee,historical_model_estimate,2025-02-28,2024-03-19,12743.593094866486,12923.272292744634,13417.086162596124,13513.447709327564,13661.128675603115,13880.38632092925,14065.721031190162,14207.978970884324,14302.5877904536,14714.16187929577,14917.547867586858,550.9100509585941,-346,14398.03875731786,True,2025-02-28_fscoffee
hurricane,historical_model_estimate,2025-02-28,2024-03-19,10454.461371714604,10631.006991351162,11093.084596830051,11171.744138071535,11314.182335647794,11500.331376550705,11702.13767758516,11835.783603543761,11947.199816412856,12360.397671368317,12534.452557095065,535.105507171348,-346,12294.741543772288,True,2025-02-28_hurricane
springdale,historical_model_estimate,2025-02-28,2024-03-19,10567.98615993029,10750.343525559772,11158.83250061442,11237.032973024568,11382.796987824075,11637.212384847342,11880.851109621673,12035.083194577437,12123.269014979041,12608.72609333195,12793.456450500065,564.6022118333947,-346,11137.912664706266,True,2025-02-28_springdale
all,historical_model_estimate,2025-02-28,2024-03-20,45094.73012874309,45408.54389667827,46321.95747172844,46511.75424412047,46797.605005646365,47178.7525142456,47616.99792403041,47978.1909102529,48179.70612589716,49085.16771532651,49415.45221558286,1114.0942388509966,-345,49098.39634541674,True,aggregate_independent_posterior_pairing
downtown,historical_model_estimate,2025-02-28,2024-03-20,7699.304214806536,7917.787573059142,8470.197713886679,8576.800062645627,8747.918010936733,8978.657869575805,9250.207386909982,9442.131547141787,9548.114819361406,10096.844428761122,10298.444000938627,657.0956474049809,-345,9804.165122305016,True,2025-02-28_downtown
fscoffee,historical_model_estimate,2025-02-28,2024-03-20,12892.431623369419,13082.363233833756,13471.530593919182,13543.562818942768,13694.543666351208,13907.855899069911,14114.423708851737,14254.700913754012,14339.432669068026,14771.826831565157,14895.090258484486,521.5439301782752,-345,13719.986472823904,True,2025-02-28_fscoffee
hurricane,historical_model_estimate,2025-02-28,2024-03-20,10461.493597918796,10675.858709677073,11124.92506615633,11218.13170790761,11355.120283865159,11558.914709051667,11761.97768287959,11936.476091354572,12030.386344958752,12469.97867683742,12622.795734547823,549.1558222950136,-345,11864.2887757555,True,2025-02-28_hurricane
springdale,historical_model_estimate,2025-02-28,2024-03-20,11644.54552450233,11842.826697572005,12275.113229362396,12353.342068462345,12519.643926409122,12745.640784598341,12984.794189040407,13154.048871449717,13248.819160811629,13615.846413970463,13827.083759193107,566.0416489905505,-345,13709.955974532324,True,2025-02-28_springdale
all,historical_model_estimate,2025-02-28,2024-03-21,45601.99122041975,46110.358524772324,47116.45018914306,47311.70916666059,47687.14771820763,48149.66133384475,48593.968063203574,48903.783183023945,49068.459248650935,49882.50788543844,50178.869780172965,1173.9577574336295,-344,47324.72715191025,True,aggregate_independent_posterior_pairing
downtown,historical_model_estimate,2025-02-28,2024-03-21,8391.84072005614,8597.014411049275,9140.03651824767,9242.063355248538,9484.833654313485,9736.340522549039,9998.420269985041,10170.117504119895,10293.561836769577,10760.495432967184,10969.699216917097,660.0947664559503,-344,9300.475364068325,True,2025-02-28_downtown
fscoffee,historical_model_estimate,2025-02-28,2024-03-21,11952.972687207508,12094.043412564084,12555.727387858597,12651.830286491866,12823.778851209774,13033.84823220543,13235.431203079783,13365.393446225673,13446.212615213628,13900.924142387914,14027.818512768976,542.1360480608271,-344,13502.215472692127,True,2025-02-28_fscoffee
hurricane,historical_model_estimate,2025-02-28,2024-03-21,11126.09217477291,11303.621029856524,11689.61137957824,11807.666656261144,11986.295352036275,12209.418134488493,12420.3562588605,12567.6493443139,12673.101773870556,13122.764279538147,13330.10080711011,567.8372274335411,-344,11386.998353848456,True,2025-02-28_hurricane
springdale,historical_model_estimate,2025-02-28,2024-03-21,12157.00736983304,12315.96785071874,12698.760668836781,12800.572811419288,12954.054628751439,13163.01015788348,13356.023430531357,13505.575980497724,13597.410767249126,14078.494566880967,14230.575393572573,541.193439809673,-344,13135.03796130134,True,2025-02-28_springdale
all,historical_model_estimate,2025-02-28,2024-03-22,45825.40928580482,46151.24224799674,47113.22626383923,47257.786458357834,47544.02087067373,47980.82758737412,48389.310657789654,48737.10205971701,48959.592141930305,49897.079694938955,50299.48595619886,1129.6350333020525,-343,45904.52134857221,True,aggregate_independent_posterior_pairing
downtown,historical_model_estimate,2025-02-28,2024-03-22,8745.721220347752,8889.060676499776,9428.72415036652,9531.900270478509,9702.207385232428,9998.540635093292,10219.75527742164,10381.227131557782,10480.438237135557,11075.325294495498,11339.821025711164,654.9941821416476,-343,9918.441962247429,True,2025-02-28_downtown
fscoffee,historical_model_estimate,2025-02-28,2024-03-22,11349.463275763088,11489.958803026664,11869.659063029245,11969.34838408802,12114.80122584712,12295.824605127002,12519.054024748213,12675.351246386352,12745.723136232016,13137.099352860589,13233.72302814251,497.00337125947607,-343,11833.146799118693,True,2025-02-28_fscoffee
hurricane,historical_model_estimate,2025-02-28,2024-03-22,11633.298456907583,11750.308563506958,12211.656980284239,12278.889230100609,12431.95165692315,12666.654779479879,12862.357470383626,12989.414476824259,13095.775290433661,13534.041415722442,13733.44356974354,533.8669678705292,-343,11698.034410667353,True,2025-02-28_hurricane
springdale,historical_model_estimate,2025-02-28,2024-03-22,12004.658979960757,12132.073962439383,12592.201436677124,12675.74856637426,12840.78111901375,13060.907815018214,13286.180719748148,13440.684489396364,13521.018063403331,14049.034406620687,14168.53540915292,559.1849271845646,-343,12454.898176538738,True,2025-02-28_springdale
all,historical_model_estimate,2025-02-28,2024-03-23,45120.60553684181,45440.57110772958,46394.26425125696,46587.96940032922,46922.251434255166,47382.243797781106,47849.22002775431,48148.25201511287,48377.63712446054,49243.811465107974,49601.18013495836,1154.822262727768,-342,47220.304715590966,True,aggregate_independent_posterior_pairing
downtown,historical_model_estimate,2025-02-28,2024-03-23,8649.283980263635,8901.41795443503,9394.653302427054,9507.062998994874,9727.489396042278,9987.763474461932,10247.70734426247,10443.765731225209,10557.984594004565,11071.95652507643,11276.777913407568,683.3856327947086,-342,9567.129094979828,True,2025-02-28_downtown
fscoffee,historical_model_estimate,2025-02-28,2024-03-23,11163.28217823305,11318.392896570991,11711.805536793614,11803.881166947887,11975.588393973998,12183.808796341238,12380.74532266537,12529.527363764848,12616.622721023345,12999.890675301665,13225.798827186034,521.3487261095125,-342,12034.780052447166,True,2025-02-28_fscoffee
hurricane,historical_model_estimate,2025-02-28,2024-03-23,12003.418840718352,12211.153964352941,12694.24757010245,12761.63003709337,12931.096258078363,13141.15558837184,13349.913578247739,13510.50368263993,13597.71516489054,14015.87930367682,14196.819196682445,554.6756344009805,-342,13106.634546470605,True,2025-02-28_hurricane
springdale,historical_model_estimate,2025-02-28,2024-03-23,10956.897152346859,11146.73658968799,11603.95304372941,11692.426828891825,11875.78788073178,12109.48259399849,12302.627726681752,12471.314248880723,12566.123214410463,13042.66173357422,13237.649563289693,567.0050980933968,-342,12511.76102169337,True,2025-02-28_springdale
all,historical_model_estimate,2025-02-28,2024-03-24,43752.78033473554,44180.99314497988,45078.74944565944,45257.467733713216,45590.509872902876,46035.32759760278,46438.40080163291,46782.33311239293,46960.82482941299,47868.16785017657,48201.584693495664,1135.9120024278045,-341,45895.836449277296,True,aggregate_independent_posterior_pairing
downtown,historical_model_estimate,2025-02-28,2024-03-24,7582.417173827404,7790.598470664119,8257.006749382615,8395.329398912814,8631.674045746224,8869.679163957599,9127.819670093473,9318.451110567743,9391.287008843665,9927.507558312993,10143.486221877896,657.8090632490655,-341,9206.669011026415,True,2025-02-28_downtown
fscoffee,historical_model_estimate,2025-02-28,2024-03-24,11666.774697703524,11820.22963841194,12257.237770317592,12367.166495770329,12548.725221669156,12741.82154379394,12935.573654256745,13077.400553867306,13172.40969108616,13612.382717900446,13760.610972942359,538.9465911963459,-341,11923.751967390752,True,2025-02-28_fscoffee
hurricane,historical_model_estimate,2025-02-28,2024-03-24,12144.580518233497,12289.08974411111,12766.053627341296,12864.875881745225,13002.795464537858,13211.10754930009,13445.841563803868,13604.919513869048,13694.064765934616,14167.858926567873,14313.572766751004,553.5016873658011,-341,13703.031823181922,True,2025-02-28_hurricane
springdale,historical_model_estimate,2025-02-28,2024-03-24,10072.695501058623,10325.194948568918,10769.48594166452,10849.582728633846,11049.024708810437,11226.124239280973,11441.213316175255,11610.790258032834,11702.337001903523,12135.33687699991,12266.649599694443,547.0311090832976,-341,11062.383647678203,True,2025-02-28_springdale
all,historical_model_estimate,2025-02-28,2024-03-25,42222.88337455526,42526.62999745618,43604.06436606008,43780.431954691885,44093.76735113687,44531.25905992616,44990.35250813998,45266.11721318677,45522.398425709674,46549.12792062251,46902.300307539525,1176.823980327562,-340,44146.13747763036,True,aggregate_independent_posterior_pairing
downtown,historical_model_estimate,2025-02-28,2024-03-25,6564.643976687222,6786.351635105731,7306.627810128514,7418.108516606453,7640.001565881467,7910.716070958351,8183.447878873109,8369.260762928132,8466.314289907556,9004.65271308271,9174.482787630195,667.250262470031,-340,7851.936261436672,True,2025-02-28_downtown
fscoffee,historical_model_estimate,2025-02-28,2024-03-25,12442.462970595072,12628.163361579771,13103.073063624306,13171.079615838487,13330.707403146891,13549.576182352772,13725.278517463323,13880.682171332026,13967.009090617452,14435.77255684716,14627.594722143633,531.9052458182264,-340,13385.854548984353,True,2025-02-28_fscoffee
hurricane,historical_model_estimate,2025-02-28,2024-03-25,11242.56992734062,11405.879121030575,11884.790369487833,11989.897669181111,12157.097189726004,12374.677527814532,12573.36105583607,12714.012945418914,12795.17769839807,13254.188172422184,13518.469793800463,561.2767572482906,-340,12341.771743262569,True,2025-02-28_hurricane
springdale,historical_model_estimate,2025-02-28,2024-03-25,9676.941513529518,9862.42121113749,10270.689325313804,10385.489856001805,10537.375970544175,10739.39159314179,10933.51755189894,11128.704185208422,11211.770698591497,11652.584955809058,11867.633041686944,558.7021444574,-340,10566.574923946762,True,2025-02-28_springdale
all,historical_model_estimate,2025-02-28,2024-03-26,42586.928164546254,42858.04490092023,43829.320746469006,44049.66590420999,44425.819180716244,44902.492916553056,45288.31360873093,45676.65101541344,45868.44563732424,46836.50986712542,47194.05831064473,1192.0931442259825,-339,,False,aggregate_independent_posterior_pairing
downtown,historical_model_estimate,2025-02-28,2024-03-26,6547.894878987339,6778.288467309831,7211.172896468135,7298.0353657108735,7474.401606858574,7777.651124198579,8036.058417153905,8202.006356147744,8307.73452334125,8855.916769955782,9034.483303097923,642.773831809695,-339,,False,2025-02-28_downtown
fscoffee,historical_model_estimate,2025-02-28,2024-03-26,12851.638837461742,13006.674365150137,13455.844221713276,13543.539258990013,13703.636832124197,13920.431779771028,14126.849896051172,14291.092116235464,14387.32059543042,14800.59759168737,14964.298562032252,544.6743090960067,-339,13803.934179401487,True,2025-02-28_fscoffee
hurricane,historical_model_estimate,2025-02-28,2024-03-26,10418.975597757892,10616.880879937898,11072.2872864362,11162.95048404374,11312.321123939872,11522.279205820227,11753.314636938458,11906.72699550373,12010.738485731094,12452.212866219896,12655.027138419431,562.0200844006431,-339,11719.422326303784,True,2025-02-28_hurricane
springdale,historical_model_estimate,2025-02-28,2024-03-26,10587.000439776684,10741.866606829335,11169.088632438234,11268.415429324155,11422.1075912477,11654.44653093273,11855.777657820272,12059.120688797648,12124.433369927516,12540.55729916345,12716.997803458586,562.434349232881,-339,11693.878710143315,True,2025-02-28_springdale
all,historical_model_estimate,2025-02-28,2024-03-27,44842.2974487444,45262.0457494098,46325.1467419439,46548.14156464438,46880.16529041282,47294.83135318378,47726.96413177747,48161.03462683358,48300.233134292524,49196.59734436159,49524.24077265413,1176.5485910841262,-338,47123.07617009426,True,aggregate_independent_posterior_pairing
downtown,historical_model_estimate,2025-02-28,2024-03-27,7755.376998365777,7952.867596821558,8503.967986274474,8606.434654146367,8808.900450247476,9090.578846091681,9338.571494534806,9499.458068435797,9605.212783604064,10207.133598629529,10413.237828536301,680.4639431860733,-338,8504.61832028809,True,2025-02-28_downtown
fscoffee,historical_model_estimate,2025-02-28,2024-03-27,12704.045349255692,12916.6913881119,13362.493424176999,13451.309315910665,13629.746599026448,13814.998674703606,14025.16239585188,14184.736657536712,14268.770064157636,14658.454683658536,14829.056213747559,544.8136881493438,-338,14636.332499995204,True,2025-02-28_fscoffee
hurricane,historical_model_estimate,2025-02-28,2024-03-27,10427.733432379853,10626.968421201973,11050.006867474358,11148.64406517307,11326.226252715502,11537.536908919086,11762.543287025801,11903.591782967787,12012.750435878374,12471.26989771627,12668.350094993768,563.6661393634213,-338,11468.628497821092,True,2025-02-28_hurricane
springdale,historical_model_estimate,2025-02-28,2024-03-27,11772.566243445672,11966.791550378612,12411.44018037699,12502.051363062212,12668.951066331289,12889.611620855645,13110.029865391389,13277.118524288595,13364.095317758676,13854.856521194193,13960.978517263819,580.254262303578,-338,12513.496851989876,True,2025-02-28_springdale
all,historical_model_estimate,2025-02-28,2024-03-28,45697.166866178486,45966.93654305797,46764.57552371415,46970.780529571515,47339.3577522956,47779.459679008665,48264.90616025762,48561.00113727995,48776.57230117012,49672.74850147182,50100.88651030043,1149.615478956544,-337,46579.86723003965,True,aggregate_independent_posterior_pairing
downtown,historical_model_estimate,2025-02-28,2024-03-28,8414.755868216938,8559.145669152485,9011.581194580342,9115.333495268078,9299.16603960274,9550.572678723354,9805.64892406456,9970.732731540766,10074.295797548724,10626.13802067441,10826.139100202925,629.3770209842354,-337,8894.61873704083,True,2025-02-28_downtown
fscoffee,historical_model_estimate,2025-02-28,2024-03-28,12076.96242722287,12188.284482698586,12645.286610310937,12747.682776860243,12898.385092656776,13107.06242701938,13311.19746353103,13474.189401653239,13559.034289818963,13954.307314574326,14109.490678186628,532.6114959000336,-337,12755.44463809348,True,2025-02-28_fscoffee
hurricane,historical_model_estimate,2025-02-28,2024-03-28,10951.134603824159,11126.43089675416,11564.2870910009,11650.345928069253,11802.56886133801,11980.373774519167,12201.420768438813,12373.039466666289,12450.491041572634,12950.979788493096,13154.523781705628,550.8241659438362,-337,12050.53866462692,True,2025-02-28_hurricane
springdale,historical_model_estimate,2025-02-28,2024-03-28,12096.013741975743,12280.708327750159,12632.068573209343,12744.72359178918,12896.876040256444,13116.262460255228,13317.986527837758,13474.170112919594,13579.473452835096,14059.95413677406,14267.914973049,550.8126161778714,-337,12879.265190278422,True,2025-02-28_springdale
all,historical_model_estimate,2025-02-28,2024-03-29,45066.068583352404,45527.276862483435,46642.0223155811,46796.905846504276,47115.723534852026,47563.91854679104,48060.11307333537,48387.022236035315,48572.450977258006,49542.23039310569,49848.53173367641,1212.5158891276124,-336,,False,aggregate_independent_posterior_pairing
downtown,historical_model_estimate,2025-02-28,2024-03-29,8526.258302326267,8668.804974768636,9264.489295056443,9394.870189469748,9548.990915023775,9819.782146274974,10089.326936720077,10298.082560711804,10427.249527798589,10981.155577717896,11168.8909805018,698.270438601407,-336,,False,2025-02-28_downtown
fscoffee,historical_model_estimate,2025-02-28,2024-03-29,11147.653139792195,11319.3066072704,11737.94286336253,11829.966884302288,11997.267073072559,12205.734702039104,12451.705536685833,12589.73042394108,12673.441422666052,13048.108920538227,13201.759829078535,538.802386026738,-336,12109.50441126536,True,2025-02-28_fscoffee
hurricane,historical_model_estimate,2025-02-28,2024-03-29,11507.257416013543,11677.903030707024,12081.667169185339,12198.476122024966,12348.747491154189,12555.50416142129,12766.026305943748,12897.621152718126,13018.193531523579,13397.17007764592,13567.460291067915,533.1473716099248,-336,11500.08860414136,True,2025-02-28_hurricane
springdale,historical_model_estimate,2025-02-28,2024-03-29,11897.44356152827,12010.444975098362,12497.315570712408,12592.63317103131,12735.2400987722,12951.283445275341,13185.347185195704,13356.028181019048,13439.574861152403,13929.639257907866,14156.215925510878,572.5078303434871,-336,12889.00963642876,True,2025-02-28_springdale
all,historical_model_estimate,2025-02-28,2024-03-30,44603.99538247733,45045.85383758644,46082.93989790206,46296.50172159352,46650.077365442616,47157.513851464086,47614.29869514017,47982.2910710178,48145.28998818893,49070.79862024337,49443.09553831401,1216.304746363618,-335,,False,aggregate_independent_posterior_pairing
downtown,historical_model_estimate,2025-02-28,2024-03-30,8428.8342497654,8662.55752801219,9230.145218779893,9343.411975129515,9519.96812829697,9780.083925027573,10067.07139869592,10288.512140620642,10393.315166609662,10965.126336359908,11146.207969239927,702.5957760353886,-335,,False,2025-02-28_downtown
fscoffee,historical_model_estimate,2025-02-28,2024-03-30,11009.306710244824,11270.157303947683,11698.428639632391,11799.629284267889,11945.04437450963,12129.728561820473,12353.624114685124,12492.893608761948,12579.220157472073,12974.797745950847,13096.96421687798,525.589549257619,-335,11970.18207514158,True,2025-02-28_fscoffee
hurricane,historical_model_estimate,2025-02-28,2024-03-30,12041.794127625342,12190.525080186368,12624.91227935491,12688.489806870237,12841.637242991666,13056.870190034993,13269.942663077454,13455.251629468654,13587.207670011287,14006.904364255155,14237.247125005917,565.4995603942352,-335,12241.448573068126,True,2025-02-28_hurricane
springdale,historical_model_estimate,2025-02-28,2024-03-30,10935.972717716984,11092.693983517724,11600.399889119562,11712.055231669361,11875.942750654835,12101.208617126791,12340.35788707424,12521.785704484031,12613.869705476105,13011.461198966044,13226.868971212132,588.5056271756039,-335,11973.266426971382,True,2025-02-28_springdale
all,historical_model_estimate,2025-02-28,2024-03-31,43457.79968761281,43722.26637880749,44713.529061739115,44881.37040428689,45238.806444408845,45670.570616371755,46122.109433451435,46497.407959963915,46669.88602563591,47565.17622505488,47968.10437116078,1173.7076161625891,-334,46032.01442273272,True,aggregate_independent_posterior_pairing
downtown,historical_model_estimate,2025-02-28,2024-03-31,7484.894556177528,7649.726626794985,8212.531870164017,8327.03056923666,8501.064615285193,8722.253889352523,8967.988177035957,9150.064719550064,9281.543170610672,9885.05202417807,10106.807368896456,647.6712494036497,-334,9393.325763977016,True,2025-02-28_downtown
fscoffee,historical_model_estimate,2025-02-28,2024-03-31,11645.43449221094,11803.249134090964,12191.174670784232,12285.876498061234,12477.954256633326,12678.491901890357,12875.075073991286,13029.307623683651,13127.27872223833,13531.25650142723,13710.720869175331,532.107556116688,-334,12542.807058684157,True,2025-02-28_fscoffee
hurricane,historical_model_estimate,2025-02-28,2024-03-31,12026.767633522342,12218.604295021143,12653.190760606103,12753.880319913447,12935.310508180919,13151.016454700353,13359.694883693779,13505.17449204022,13594.295206076871,14087.253920421785,14246.163170173682,559.3746001302396,-334,12918.880118033008,True,2025-02-28_hurricane
springdale,historical_model_estimate,2025-02-28,2024-03-31,9990.448929949212,10182.359317761759,10657.005740697494,10779.447228699732,10954.710102502242,11131.00185293816,11316.886291316569,11497.523087518739,11593.904731119434,12068.690139129194,12255.652753092023,574.9983437853923,-334,11177.001482038531,True,2025-02-28_springdale
all,historical_model_estimate,2025-02-28,2024-04-01,42115.838449216586,42428.30905792961,43340.11839702808,43536.05555451021,43852.92234128674,44250.04648947426,44694.2112111924,44931.65675847556,45166.06684501905,46161.36257991525,46572.30338922648,1119.9719927864128,-333,43917.830731956674,True,aggregate_independent_posterior_pairing
downtown,historical_model_estimate,2025-02-28,2024-04-01,6512.388725033121,6778.648869129271,7266.421671409247,7400.757469406558,7581.631916926413,7812.426578539562,8051.992848714716,8243.711855851543,8327.26029294314,8879.025807276652,9125.417755989187,650.3418667841261,-333,7535.635631054575,True,2025-02-28_downtown
fscoffee,historical_model_estimate,2025-02-28,2024-04-01,12581.585508527001,12775.815359767188,13138.663869607848,13236.453709483347,13391.647023737063,13610.91891989432,13782.941051529842,13935.906743907835,14015.417116247383,14397.776698036521,14542.640444406701,507.2137123802167,-333,13101.422666613167,True,2025-02-28_fscoffee
hurricane,historical_model_estimate,2025-02-28,2024-04-01,11191.050089877728,11313.75197480012,11691.17555025216,11799.061980596656,11957.342835671878,12177.793391347783,12379.53214845522,12562.809828921707,12677.942520856777,13100.803961826692,13295.876711325656,551.6829163180469,-333,12343.47020677072,True,2025-02-28_hurricane
springdale,historical_model_estimate,2025-02-28,2024-04-01,9519.10111633073,9834.702499932766,10244.517280283373,10331.013355075565,10485.786216823251,10691.337671126388,10896.25314105641,11034.350767776707,11132.68133818599,11635.523118710147,11801.85308379839,560.0626143972181,-333,10937.30222751821,True,2025-02-28_springdale
all,historical_model_estimate,2025-02-28,2024-04-02,42188.82317652072,42613.05964217183,43588.593913578414,43775.804917344554,44101.41193618747,44660.07390942682,45107.21933287126,45402.722211386106,45596.857528729655,46406.24115698024,46687.43788046316,1192.2368660290836,-332,45683.01197070231,True,aggregate_independent_posterior_pairing
downtown,historical_model_estimate,2025-02-28,2024-04-02,6309.867729647762,6481.577153178462,7092.502082943738,7203.485071680014,7387.249418245366,7658.061678667424,7904.118394646317,8069.752035254803,8185.496629548752,8736.440897299119,8874.787794615038,662.0672261249617,-332,9243.511237165578,True,2025-02-28_downtown
fscoffee,historical_model_estimate,2025-02-28,2024-04-02,12867.497350098025,12983.3839037103,13425.107625821398,13511.847783860032,13685.16565384863,13936.858025727834,14116.49869591416,14242.89760453469,14346.411823545075,14763.59386206836,14942.689159945177,545.4315695298297,-332,13700.26191235658,True,2025-02-28_fscoffee
hurricane,historical_model_estimate,2025-02-28,2024-04-02,10312.797076841634,10484.179362955467,10896.123680216417,10999.05204541223,11140.617896972675,11397.42980076744,11622.754142050739,11789.999348654093,11874.706908094433,12323.106508005942,12439.337863516781,560.8119894889248,-332,10876.045970617395,True,2025-02-28_hurricane
springdale,historical_model_estimate,2025-02-28,2024-04-02,10554.70103312896,10676.488335574544,11178.075853228196,11273.709627755234,11435.321977358182,11717.513911430091,11907.789537643554,12083.66114748696,12163.283936977585,12552.186891396532,12712.801826057961,579.8740336239788,-332,11863.192850562758,True,2025-02-28_springdale
all,historical_model_estimate,2025-02-28,2024-04-03,44864.26218953921,45292.67487840607,46085.17465188148,46274.33188202897,46599.340495627606,47010.82661303491,47408.77162470435,47749.83616361428,48003.90038264998,48944.788996839176,49227.68381678884,1106.5220952441634,-331,47363.99290162961,True,aggregate_independent_posterior_pairing
downtown,historical_model_estimate,2025-02-28,2024-04-03,7888.001113344293,8103.112144228555,8547.09331931478,8642.144915797313,8839.588158019298,9074.081181645935,9319.570053108682,9533.374192355392,9610.032982111346,10066.800330761782,10293.815951842846,617.0815692249005,-331,9483.686292095135,True,2025-02-28_downtown
fscoffee,historical_model_estimate,2025-02-28,2024-04-03,12897.148511748795,13050.174157852134,13438.039293712684,13534.190348603246,13665.44683283992,13868.879138454759,14047.46889202886,14190.038128644073,14287.00821311103,14692.51726909381,14857.627869250095,499.8881631924253,-331,14730.88892385084,True,2025-02-28_fscoffee
hurricane,historical_model_estimate,2025-02-28,2024-04-03,10146.047354015622,10325.271762195802,10786.449084353268,10888.120452655337,11042.860981980515,11270.613123668409,11464.851044649922,11626.81974468059,11739.493415461906,12279.069792117565,12415.77055638367,572.1858501189637,-331,11063.758884408508,True,2025-02-28_hurricane
springdale,historical_model_estimate,2025-02-28,2024-04-03,11783.565617625993,11939.512006859257,12371.428637879444,12448.27899512392,12606.801711144706,12829.138867966716,13051.563672988908,13222.410598913864,13313.733125597693,13747.87938236647,13928.51210158541,562.5925770720621,-331,12085.65880127513,True,2025-02-28_springdale
all,historical_model_estimate,2025-02-28,2024-04-04,45381.03010017869,45783.07038161024,46625.90716258206,46850.726214604976,47151.81226262579,47631.22888534413,48037.0996889911,48365.88262894196,48546.86413007991,49484.05863962468,49959.78284665071,1142.7998994493953,-330,48608.67384112699,True,aggregate_independent_posterior_pairing
downtown,historical_model_estimate,2025-02-28,2024-04-04,8464.585645138712,8656.982830710847,9152.327230073673,9234.02746969363,9426.43118807194,9657.386059571003,9913.923714398377,10082.727081052442,10192.419801812432,10695.353594360937,10907.859142789319,628.276940936851,-330,10641.68519366875,True,2025-02-28_downtown
fscoffee,historical_model_estimate,2025-02-28,2024-04-04,12062.294515230345,12202.011242592414,12630.169254942593,12724.417584295514,12849.903600155345,13053.71393645891,13261.323303475057,13416.090265176475,13479.463734240522,13874.107069173671,13977.056827158724,500.4719553949184,-330,13211.370274823668,True,2025-02-28_fscoffee
hurricane,historical_model_estimate,2025-02-28,2024-04-04,10680.788254876215,10866.349371903118,11359.403341134652,11446.822271173078,11592.655130916773,11774.428263890197,12017.572166193719,12185.15828975121,12263.864495563468,12667.241245116853,12919.889501862226,564.7314092098244,-330,11977.799490344694,True,2025-02-28_hurricane
springdale,historical_model_estimate,2025-02-28,2024-04-04,11983.13453490714,12134.302276276221,12564.032896203336,12651.088589535115,12846.46177151897,13100.84170480444,13319.295137234474,13490.63419133753,13583.939054786752,14078.195937624985,14230.723622490319,586.7277161636813,-330,12777.818882289876,True,2025-02-28_springdale
all,historical_model_estimate,2025-02-28,2024-04-05,45231.14497120592,45544.12880682251,46518.11245864824,46764.32001791689,47025.79472392732,47464.451513798915,47913.735296909465,48259.3389962317,48457.3928227185,49340.705926997165,49747.13565568209,1145.9533142043997,-329,49561.312230580355,True,aggregate_independent_posterior_pairing
downtown,historical_model_estimate,2025-02-28,2024-04-05,8856.464422179559,9153.910833965392,9586.025445908936,9690.173491798405,9908.436508778796,10146.21207047645,10359.967832324734,10565.48844726209,10669.94069243617,11174.79666322002,11382.511951673072,642.5301253533422,-329,10638.492732688075,True,2025-02-28_downtown
fscoffee,historical_model_estimate,2025-02-28,2024-04-05,11217.0492328866,11355.56568690014,11776.186161481735,11874.466114078077,12046.210630979276,12252.094833530504,12448.827723788054,12591.801470579865,12686.215028408984,13121.852361001886,13284.92406920296,539.0120240330998,-329,13045.448344021836,True,2025-02-28_fscoffee
hurricane,historical_model_estimate,2025-02-28,2024-04-05,11167.360891649741,11354.481219005602,11777.416773556859,11864.97522811929,12045.740328284444,12228.508370793508,12444.084187419314,12609.90868313713,12683.807217398402,13136.438811246395,13248.911578396815,535.4361935628206,-329,12707.746580324096,True,2025-02-28_hurricane
springdale,historical_model_estimate,2025-02-28,2024-04-05,11886.38139579379,12006.73642461357,12403.855617644957,12500.051572182594,12667.54964159492,12857.34710742423,13058.667306816304,13232.226123243254,13321.059591583262,13768.389880050023,13962.403847031055,535.7135465515141,-329,13169.624573546342,True,2025-02-28_springdale
all,historical_model_estimate,2025-02-28,2024-04-06,45160.988810764975,45591.58919709926,46422.75321424347,46627.99460616462,47010.87674012632,47446.62843114753,47882.13539186437,48209.50729025055,48312.64134910698,49304.731772734645,49610.881748378604,1144.181125734355,-328,,False,aggregate_independent_posterior_pairing
downtown,historical_model_estimate,2025-02-28,2024-04-06,8948.49132315556,9118.41831572648,9647.29888552146,9774.785122049156,9982.170670708028,10223.49832535034,10458.327646758125,10615.904942618221,10731.585643669996,11255.051248535157,11468.52232552845,658.1842189732565,-328,9785.22765607899,True,2025-02-28_downtown
fscoffee,historical_model_estimate,2025-02-28,2024-04-06,11202.523422757353,11367.085638438664,11794.413907125014,11922.485097030041,12101.803434497095,12323.078489524825,12503.945117131716,12670.543282786835,12760.975395387833,13146.971092663567,13320.507358149658,543.3803486252561,-328,,False,2025-02-28_fscoffee
hurricane,historical_model_estimate,2025-02-28,2024-04-06,11774.494424954379,11983.701145132862,12421.612130215422,12513.010476822985,12655.887414025194,12859.729064179744,13043.349454308453,13239.195780637157,13333.394316350217,13747.580870323209,13872.266292453827,542.4316959359261,-328,,False,2025-02-28_hurricane
springdale,historical_model_estimate,2025-02-28,2024-04-06,11027.113635826458,11165.980318451837,11604.674242746274,11685.620385669426,11867.039595625914,12070.11347666622,12275.932675891665,12461.829322910147,12545.546065604443,12953.181281755866,13117.58938775038,556.7426850693653,-328,12479.62767489166,True,2025-02-28_springdale
all,historical_model_estimate,2025-02-28,2024-04-07,43793.51922150792,44255.66319732409,45198.09195741625,45376.35471467834,45728.34409594652,46183.03386535277,46520.814293757365,46879.07610414761,47074.246179227805,47919.19871883814,48245.136792503195,1110.1188404361383,-327,45118.49244204063,True,aggregate_independent_posterior_pairing
downtown,historical_model_estimate,2025-02-28,2024-04-07,7725.596110811405,8001.647172949133,8551.742741641308,8682.031318589557,8875.867084313477,9139.77660819819,9394.596743769916,9591.408927267948,9702.33957365935,10201.41235599279,10542.003729102336,681.4822484745202,-327,8404.66998300864,True,2025-02-28_downtown
fscoffee,historical_model_estimate,2025-02-28,2024-04-07,11787.875655958811,11973.915399101057,12353.650155434947,12435.45614803283,12582.229037979138,12766.865226832608,12965.969843551447,13103.053065485696,13192.315627637756,13627.636405860083,13802.220066642738,501.45333324734713,-327,12843.419014312183,True,2025-02-28_fscoffee
hurricane,historical_model_estimate,2025-02-28,2024-04-07,11961.683043705849,12141.509831545074,12549.782216000696,12653.28537887804,12834.644233069175,13073.28445488164,13260.568144782974,13409.446444486544,13478.753141616744,13906.531763052775,14120.549978015317,538.2838216025463,-327,13393.30042887067,True,2025-02-28_hurricane
springdale,historical_model_estimate,2025-02-28,2024-04-07,10142.865183885184,10336.705936032959,10724.388230737708,10810.942265301996,10941.843067447451,11150.764960969376,11372.170181291876,11554.179182888896,11629.952212874638,12101.65894435736,12237.523494882289,546.1604752061543,-327,10477.103015849134,True,2025-02-28_springdale
all,historical_model_estimate,2025-02-28,2024-04-08,42364.17110577994,42663.04992278545,43557.92092490248,43819.84025967719,44135.2877696895,44619.37044881837,44983.38653394392,45416.30521757204,45584.40454170522,46579.87744420687,46944.671937762716,1196.5543862499626,-326,43789.90714900144,True,aggregate_independent_posterior_pairing
downtown,historical_model_estimate,2025-02-28,2024-04-08,6838.530517129989,7045.675159001065,7483.063416496643,7561.467588124184,7754.521025425892,8035.409165419696,8288.003430878101,8484.287013451529,8602.667955172019,9162.818915115817,9368.62076178667,645.6650112608551,-326,7892.479709127659,True,2025-02-28_downtown
fscoffee,historical_model_estimate,2025-02-28,2024-04-08,12715.808461994358,12891.565717862875,13245.335021983261,13335.321557590423,13502.794483654101,13722.409984275673,13943.681252737191,14120.99023719594,14201.239314661083,14651.675090841974,14752.585920018562,546.8293580266939,-326,13417.0419896231,True,2025-02-28_fscoffee
hurricane,historical_model_estimate,2025-02-28,2024-04-08,11103.950900987653,11327.521505598716,11711.718661187091,11815.620053301333,11993.988549693755,12198.204219092568,12403.885627066986,12557.8429641782,12653.872495907626,13078.956965211517,13218.500182146696,543.6764354831693,-326,12555.086354711657,True,2025-02-28_hurricane
springdale,historical_model_estimate,2025-02-28,2024-04-08,9476.67582220408,9717.74185367692,10132.88120680328,10237.542730671692,10408.289189265119,10643.562080580963,10865.427776832263,11019.481649199726,11126.086467502226,11614.918856197246,11831.356008192733,580.1138486867824,-326,9925.299095539018,True,2025-02-28_springdale
all,historical_model_estimate,2025-02-28,2024-04-09,42507.21676476449,42956.43289432059,43931.536133478265,44161.649574388095,44468.48021908176,44921.926438062685,45357.94709742954,45713.57405002168,45883.819160746476,46772.621481645896,47297.90665376488,1172.6673576392081,-325,45021.565255303874,True,aggregate_independent_posterior_pairing
downtown,historical_model_estimate,2025-02-28,2024-04-09,6749.780134378471,6928.150387621041,7473.903075172393,7587.702861462479,7789.233023775107,8011.807199121365,8284.168244286546,8461.849766108347,8558.25954786824,9057.583906720425,9228.839088247896,643.8299364315114,-325,7710.169360045245,True,2025-02-28_downtown
fscoffee,historical_model_estimate,2025-02-28,2024-04-09,12974.882330225062,13216.567578426797,13592.62929308315,13693.582752211425,13868.45264038818,14066.959627836617,14268.510017019908,14422.216385505373,14490.511377132872,14928.688876658875,15068.959479752797,529.98439395778,-325,13169.219694378564,True,2025-02-28_fscoffee
hurricane,historical_model_estimate,2025-02-28,2024-04-09,10188.26264069612,10383.03843956153,10845.87555191886,10939.863288497327,11102.908109630194,11295.440019262263,11493.024480235621,11677.194828681211,11762.31389276215,12145.7102039671,12320.935635566933,542.0054981817016,-325,12263.033638760731,True,2025-02-28_hurricane
springdale,historical_model_estimate,2025-02-28,2024-04-09,10491.147764587948,10669.029803127312,11080.59926452026,11174.794778220901,11335.429481039748,11547.58413478101,11787.026044205439,11956.11957966912,12026.50922057182,12415.443625657435,12566.90094789139,546.7660012585518,-325,11879.142562119336,True,2025-02-28_springdale
all,historical_model_estimate,2025-02-28,2024-04-10,45032.57447902855,45382.21392795904,46271.34949769667,46458.30611165725,46761.67519700835,47224.978519626326,47700.88473711805,48081.02947668934,48283.57205369934,49159.84390204183,49528.657467591285,1180.7775186017764,-324,46432.80749037222,True,aggregate_independent_posterior_pairing
downtown,historical_model_estimate,2025-02-28,2024-04-10,7861.765747157294,8030.463615890611,8570.027770082257,8708.124653936495,8910.752646184308,9154.15753589875,9423.788660555392,9615.82866656565,9712.666156413385,10230.243783897999,10387.63305622978,673.9667052473524,-324,8737.29582440842,True,2025-02-28_downtown
fscoffee,historical_model_estimate,2025-02-28,2024-04-10,13058.547733828631,13200.365062957362,13608.563722248662,13694.693531083714,13826.812321272952,14067.369007826612,14251.489193169207,14441.58437949386,14559.54652117887,14923.687228128903,15116.30077764419,545.7107636384059,-324,13237.956606234242,True,2025-02-28_fscoffee
hurricane,historical_model_estimate,2025-02-28,2024-04-10,10265.409936676662,10439.324737525649,10926.95262403723,11010.44083189161,11173.694045633127,11406.357059389584,11643.294477555477,11778.974328474747,11861.552110856384,12271.409213592524,12461.972603410703,562.0517724770186,-324,11744.339384183311,True,2025-02-28_hurricane
springdale,historical_model_estimate,2025-02-28,2024-04-10,11564.69415787052,11767.77910718431,12200.759511229548,12305.595846511264,12458.558657555583,12682.487171355682,12858.499385069937,13004.476791112505,13086.269790874263,13522.98614423007,13710.78571704284,539.149958973739,-324,12713.215675546247,True,2025-02-28_springdale
all,historical_model_estimate,2025-02-28,2024-04-11,45496.84549551284,45757.86424628509,46725.57122114427,46911.32072829979,47237.60188423405,47632.27227276603,48050.253050820436,48403.51996563042,48549.9907443566,49492.84867667327,49882.0013345236,1111.9658211129856,-323,45602.125224363925,True,aggregate_independent_posterior_pairing
downtown,historical_model_estimate,2025-02-28,2024-04-11,8443.048470175936,8719.789776617628,9196.012736273275,9297.224907815864,9488.772033608331,9732.94985075633,9959.877138653503,10136.1038785958,10244.531741502411,10713.6784661524,10922.435932354621,627.8167435135636,-323,9129.210175382044,True,2025-02-28_downtown
fscoffee,historical_model_estimate,2025-02-28,2024-04-11,11988.0716173052,12161.092278978627,12586.065205825244,12668.065881019218,12819.106538446726,13015.18401238889,13198.599552698659,13367.672864691122,13475.73704106507,13870.125298277446,14073.69083312018,531.4672326292197,-323,12444.526299233572,True,2025-02-28_fscoffee
hurricane,historical_model_estimate,2025-02-28,2024-04-11,10883.859063351858,11059.097366423384,11515.745095922675,11596.720412664952,11732.009407713247,11929.807844585961,12160.778703739255,12325.73403922931,12418.16075241649,12831.113012880049,12987.383313022261,545.7648614613494,-323,11762.215530234584,True,2025-02-28_hurricane
springdale,historical_model_estimate,2025-02-28,2024-04-11,11884.02924773431,12072.568547030374,12472.98587352461,12564.926720246456,12706.400472760039,12930.533793525461,13165.885521930111,13322.31678837779,13415.543929232408,13927.982377253276,14149.065224596392,566.8337974737027,-323,12266.173219513725,True,2025-02-28_springdale
all,historical_model_estimate,2025-02-28,2024-04-12,45152.298900439375,45529.88978248611,46425.8618070927,46644.076073501754,46977.17023086017,47414.00873437688,47925.242862704436,48161.09119254216,48392.92024266588,49470.9822453667,49736.78408434411,1183.467866979641,-322,48604.47836385133,True,aggregate_independent_posterior_pairing
downtown,historical_model_estimate,2025-02-28,2024-04-12,8875.138069063538,9009.153635721608,9516.283265712453,9625.836681360273,9779.688913946633,10073.13682019901,10287.441042457058,10451.925647460026,10561.766652909688,11187.686856563834,11376.048570844121,655.7024867896331,-322,10733.058767085024,True,2025-02-28_downtown
fscoffee,historical_model_estimate,2025-02-28,2024-04-12,11201.09208262279,11332.829016217614,11772.374323714255,11853.5739216231,12004.321999090196,12188.25762986639,12398.597118760223,12565.68883259565,12631.418540770243,12998.819451184056,13097.925942988097,509.44187760075175,-322,11995.584141447343,True,2025-02-28_fscoffee
hurricane,historical_model_estimate,2025-02-28,2024-04-12,11256.675491174143,11482.276644419053,11960.112660805798,12034.51268263315,12184.589485064793,12417.23190993629,12634.994405914522,12800.010493746078,12888.280294400374,13362.948103173192,13510.158416623737,567.7721592099947,-322,12495.228167629051,True,2025-02-28_hurricane
springdale,historical_model_estimate,2025-02-28,2024-04-12,11630.547137042786,11775.136878682166,12264.976962341523,12371.134790977501,12536.41829282549,12776.024178129162,12988.083675543927,13139.974575188679,13250.402421522625,13685.200675842678,13800.476570428173,573.2406012269961,-322,13380.607287689914,True,2025-02-28_springdale
all,historical_model_estimate,2025-02-28,2024-04-13,44705.14262521403,45087.93211606598,46080.965271684225,46305.77303538215,46630.55115154517,47021.73610632252,47504.84022031017,47838.398313851496,47991.277529235995,48931.24135902714,49268.45937184248,1152.993921212862,-321,45192.98710410089,True,aggregate_independent_posterior_pairing
downtown,historical_model_estimate,2025-02-28,2024-04-13,8835.102278100896,8963.995792457097,9511.946176227179,9627.919405779183,9783.510607941313,10033.18880509139,10275.457664028585,10450.122874683831,10561.787039077366,11020.641732143187,11271.899504987205,636.905069310437,-321,9838.23591958196,True,2025-02-28_downtown
fscoffee,historical_model_estimate,2025-02-28,2024-04-13,10937.672767283007,11101.910762890036,11546.091959798037,11650.672723804359,11792.206924449614,12019.51834912655,12189.127503405663,12336.37597283287,12447.96929439943,12822.176443883933,12945.824460306909,525.589337388554,-321,11835.008150291684,True,2025-02-28_fscoffee
hurricane,historical_model_estimate,2025-02-28,2024-04-13,11952.535662173776,12092.257684071634,12605.78549238646,12693.532248712538,12814.237937927692,13016.317628105753,13236.303849875207,13394.895348801685,13497.469467323874,13910.630514605884,14048.823031102373,561.2433512065188,-321,12612.203215021427,True,2025-02-28_hurricane
springdale,historical_model_estimate,2025-02-28,2024-04-13,10905.226908020933,11099.87066485537,11523.37156144394,11626.511110858644,11773.952663536029,11996.541656067966,12220.562092790748,12370.54916681067,12438.707894955533,12875.532694583813,13068.728992485007,550.8456395753722,-321,10907.539819205816,True,2025-02-28_springdale
all,historical_model_estimate,2025-02-28,2024-04-14,43254.72520278669,43644.413888923096,44454.88701372638,44621.12291443541,44935.07125091577,45405.184148261615,45842.25172474482,46161.669041048706,46350.46345860821,47477.69103389133,47781.918951855514,1146.007651007534,-320,43592.02950147916,True,aggregate_independent_posterior_pairing
downtown,historical_model_estimate,2025-02-28,2024-04-14,7647.021352296435,7913.275118012329,8379.164098120847,8492.65466227497,8676.6154958322,8906.53296809722,9178.835740906996,9317.57875694527,9399.615679680897,9936.36577391019,10194.555056742693,639.7390995841768,-320,9061.041547055596,True,2025-02-28_downtown
fscoffee,historical_model_estimate,2025-02-28,2024-04-14,11445.993957425926,11633.960251243549,12049.37184774497,12146.038129260138,12295.044102438194,12469.721659587944,12673.604295733621,12817.311571245353,12904.711393585014,13355.98013580663,13541.488377320864,524.0882209586916,-320,11105.43583897989,True,2025-02-28_fscoffee
hurricane,historical_model_estimate,2025-02-28,2024-04-14,12036.66169195187,12256.360733801619,12712.731705361814,12803.992883855226,12947.90470902379,13161.179627267098,13357.478151301613,13540.983300175732,13649.460146549853,14100.61673490403,14262.170802857072,558.9801021753723,-320,12821.68377805176,True,2025-02-28_hurricane
springdale,historical_model_estimate,2025-02-28,2024-04-14,9805.360810255235,9941.309470985856,10382.76007148338,10470.58934638263,10631.386767563275,10845.896738062485,11087.12123112205,11238.219765612037,11348.239406784849,11727.84122074128,11975.370673397956,561.2452596148393,-320,10603.868337391918,True,2025-02-28_springdale
all,historical_model_estimate,2025-02-28,2024-04-15,41501.981478974616,41856.02097978171,42763.924049365974,43028.928632255156,43310.940550528154,43808.19398501821,44134.03455746738,44489.76231238553,44661.33095140298,45616.75151028109,45863.482183927736,1140.2930930786813,-319,46398.073750214906,True,aggregate_independent_posterior_pairing
downtown,historical_model_estimate,2025-02-28,2024-04-15,6654.050858513312,6818.72128651202,7361.895861664668,7451.723895304225,7636.888599506242,7911.193217883423,8149.5252840807025,8346.02532931506,8470.87834593244,8991.22580428371,9242.464918849662,663.4623636891295,-319,9370.60240750834,True,2025-02-28_downtown
fscoffee,historical_model_estimate,2025-02-28,2024-04-15,12252.550862062368,12452.93012343963,12814.658623915582,12879.863437826682,13044.292273605635,13240.615863812796,13455.238001713798,13606.614819041793,13683.832460929072,14094.939298961932,14251.231419005622,517.6819645737139,-319,14536.719450473449,True,2025-02-28_fscoffee
hurricane,historical_model_estimate,2025-02-28,2024-04-15,11148.608451869331,11306.465592385497,11767.609918765667,11874.500386870839,12009.21901110839,12219.541596033352,12421.403543818447,12569.00663613026,12667.091568500982,13074.784670385006,13231.324753659594,534.4374715660798,-319,12165.384784094596,True,2025-02-28_hurricane
springdale,historical_model_estimate,2025-02-28,2024-04-15,9259.391791242368,9389.066327777995,9876.544117994405,9985.967566124962,10175.839620979945,10387.54305751075,10573.900122257923,10706.193378269722,10823.712886304545,11288.475552251251,11471.626869029924,562.8163161041979,-319,10325.367108138516,True,2025-02-28_springdale
all,historical_model_estimate,2025-02-28,2024-04-16,42374.88528826995,42619.07904335123,43551.73354049133,43768.027263170385,44069.508186467334,44525.000239381785,44955.14870631469,45253.14374642812,45443.89695539264,46312.82804051443,46738.96471151361,1124.752224716017,-318,46717.66462199676,True,aggregate_independent_posterior_pairing
downtown,historical_model_estimate,2025-02-28,2024-04-16,6794.535487130374,7014.626536461017,7508.670587523864,7622.5927205482985,7820.270749449557,8088.033391828544,8298.180535018475,8494.922007974099,8628.162058803855,9128.782724404664,9314.30229509942,653.6344701767467,-318,8747.905124329203,True,2025-02-28_downtown
fscoffee,historical_model_estimate,2025-02-28,2024-04-16,12687.548275406298,12879.319738395636,13224.920805887168,13314.513785692301,13480.83814333293,13696.817337533084,13905.167187845436,14062.375548314398,14146.635313533981,14522.261750664024,14646.852569851615,521.6676910947314,-318,14555.734951275868,True,2025-02-28_fscoffee
hurricane,historical_model_estimate,2025-02-28,2024-04-16,10355.73297290932,10516.992506553483,10949.988104164802,11049.061836936815,11202.025402064375,11411.53389324151,11646.317568460123,11818.591466201837,11881.450381420693,12308.691515749688,12515.299890447384,548.5032944589401,-318,12311.798945513165,True,2025-02-28_hurricane
springdale,historical_model_estimate,2025-02-28,2024-04-16,10241.541766020951,10399.676971849178,10889.575244456508,10960.184638549505,11123.161862512114,11319.629445335344,11546.876294721907,11710.311526116266,11799.497863361052,12206.448159097738,12333.034777381916,545.9731856481594,-318,11102.225600878528,True,2025-02-28_springdale
all,historical_model_estimate,2025-02-28,2024-04-17,44826.53734861469,45142.93557279549,46014.26774572841,46177.30100789606,46504.85149569724,46913.013131938234,47322.752277211024,47656.7837970026,47838.52422350759,48692.29416379898,49056.87539166935,1088.4722075760965,-317,48484.22545354134,True,aggregate_independent_posterior_pairing
downtown,historical_model_estimate,2025-02-28,2024-04-17,8014.977830865345,8190.197540169147,8696.994381997825,8778.599030656433,8987.012277043601,9237.512525151073,9473.113555797121,9668.145183170938,9760.149559778267,10232.307808775024,10423.272358939761,622.2233500206761,-317,8776.642689798098,True,2025-02-28_downtown
fscoffee,historical_model_estimate,2025-02-28,2024-04-17,12895.945570484348,13046.148058660401,13449.70801344108,13539.410960664534,13663.389625452774,13884.17802271371,14081.759466439298,14252.22313833493,14320.250818319184,14745.68387063585,14953.589333675498,520.455017634393,-317,14803.387272866776,True,2025-02-28_fscoffee
hurricane,historical_model_estimate,2025-02-28,2024-04-17,10403.570868010955,10564.58396582661,10950.794901406174,11028.585986785325,11194.268965447172,11424.58520484619,11652.549340082625,11812.320494467936,11884.532319937944,12268.948955244918,12439.454641801674,527.977162183705,-317,11810.620647920085,True,2025-02-28_hurricane
springdale,historical_model_estimate,2025-02-28,2024-04-17,11320.66656562484,11498.400745949531,11955.238747286186,12046.665255017488,12178.970045332628,12386.333366329072,12597.752168102521,12747.19281447046,12873.486704209898,13280.445385907953,13381.272539577374,540.2626212986063,-317,13093.57484295638,True,2025-02-28_springdale
all,historical_model_estimate,2025-02-28,2024-04-18,45197.57767776271,45608.23898312663,46532.1818500397,46741.000046126544,47096.41569923973,47576.83339473163,48001.067343759765,48405.4370545686,48620.111977371904,49468.7015283395,49767.6397003248,1190.5895124675624,-316,,False,aggregate_independent_posterior_pairing
downtown,historical_model_estimate,2025-02-28,2024-04-18,8353.624478636484,8694.790892789635,9297.133261598388,9408.111903396886,9600.614018279142,9850.963084246008,10069.919032521728,10226.51631958315,10360.483856686054,10833.311650280477,11034.117716045756,656.4441149965434,-316,10521.104875926736,True,2025-02-28_downtown
fscoffee,historical_model_estimate,2025-02-28,2024-04-18,12067.724252222168,12180.825774433915,12587.096751667139,12682.144340882121,12842.13409694577,13035.441909725965,13232.27988943085,13386.941763150293,13486.166332260435,13965.244746617838,14087.292612574844,524.6845806209061,-316,13375.29494394516,True,2025-02-28_fscoffee
hurricane,historical_model_estimate,2025-02-28,2024-04-18,10859.984697656859,11032.672203145283,11473.53569391344,11573.274532024054,11731.014505178391,11951.627632718335,12190.920429268868,12378.897954396776,12460.354587275395,12873.338950393696,13046.854912863644,573.5844594384735,-316,,False,2025-02-28_hurricane
springdale,historical_model_estimate,2025-02-28,2024-04-18,11667.254709001869,11827.220420627955,12263.536701513707,12362.049143664175,12517.707944793654,12739.561026728961,12956.463799656789,13078.52159861346,13199.292592427042,13668.691205261022,13809.555117167765,559.5897944485625,-316,13508.463272539222,True,2025-02-28_springdale
all,historical_model_estimate,2025-02-28,2024-04-19,45708.26396519338,46067.70430623315,47109.759037327385,47294.28717494687,47549.868069646276,47958.07639927085,48390.72572814905,48659.61185288072,48858.95905455198,49763.379800251154,50104.29315994553,1099.9474751142275,-315,50270.03649242808,True,aggregate_independent_posterior_pairing
downtown,historical_model_estimate,2025-02-28,2024-04-19,9036.46093446302,9274.357157382714,9795.703198708183,9883.168448096387,10114.5677299795,10349.727198711586,10619.302735752426,10772.170125720284,10885.373364595605,11405.738159142931,11534.246447871237,655.3563280469682,-315,11569.177863422648,True,2025-02-28_downtown
fscoffee,historical_model_estimate,2025-02-28,2024-04-19,11335.819932260621,11529.617398423423,11950.931585697406,12047.39006865005,12189.770486126201,12354.33802771787,12559.381267463832,12701.680760650117,12793.160146034184,13198.733374117923,13367.425930649279,498.826958902759,-315,12370.95885304691,True,2025-02-28_fscoffee
hurricane,historical_model_estimate,2025-02-28,2024-04-19,11442.404322118991,11562.946804815301,12005.751207920908,12072.328821378835,12247.763964226164,12471.343854391565,12675.95326550366,12824.139806802503,12894.587758704049,13339.539335277415,13489.740098565366,533.7521781551856,-315,12508.179863282145,True,2025-02-28_hurricane
springdale,historical_model_estimate,2025-02-28,2024-04-19,11645.3228748736,11863.308383336696,12339.278029449246,12435.772065466856,12554.132426950513,12754.018593043269,12974.59522838128,13147.073596194767,13249.360361292667,13726.452541708302,13863.705091577698,553.6976331816246,-315,13821.71991267638,True,2025-02-28_springdale
all,historical_model_estimate,2025-02-28,2024-04-20,45285.78537561112,45640.33567955704,46507.43461980636,46717.39718403193,47023.114202576995,47440.16829727804,47891.65658622232,48223.41059247115,48420.36656873417,49332.26774266741,49730.758099256906,1130.1826427299766,-314,46358.741191965,True,aggregate_independent_posterior_pairing
downtown,historical_model_estimate,2025-02-28,2024-04-20,9148.030789501443,9308.182213244016,9777.68519212104,9882.054854730812,10071.938043563237,10339.59534936448,10561.24619078386,10757.373122626648,10858.246103616522,11366.918332187211,11513.243634512412,623.1295031575579,-314,8801.404183747933,True,2025-02-28_downtown
fscoffee,historical_model_estimate,2025-02-28,2024-04-20,11256.539930952531,11409.213390235436,11778.462113512658,11844.961928134946,12007.659967998654,12199.265274865029,12411.917954874358,12562.952353179495,12627.586537467778,13061.57556394393,13216.5524986396,515.6785296412096,-314,12053.482533081778,True,2025-02-28_fscoffee
hurricane,historical_model_estimate,2025-02-28,2024-04-20,11936.791899154405,12075.56737457762,12530.72031373658,12629.348032640559,12779.242181597003,13006.332110152596,13211.001401931004,13399.629494188795,13508.03482533827,13895.70215095943,14021.407630311187,551.5942642254402,-314,12944.4091348349,True,2025-02-28_hurricane
springdale,historical_model_estimate,2025-02-28,2024-04-20,10817.164719363236,10977.104342637103,11450.667555306456,11546.526945152447,11695.461358952136,11925.201780823121,12129.81044145839,12315.925277449576,12447.699978981174,12881.499310123098,13021.951850914304,565.3008877338855,-314,12559.445340300386,True,2025-02-28_springdale
all,historical_model_estimate,2025-02-28,2024-04-21,43598.69096103561,44083.12078925838,44971.108428554326,45217.61270151983,45517.43240420077,45929.48091333674,46337.52324685103,46758.89870687612,46940.862660938874,47879.53998799817,48308.626742562104,1163.2935433690063,-313,47477.8947234691,True,aggregate_independent_posterior_pairing
downtown,historical_model_estimate,2025-02-28,2024-04-21,7833.598812474623,8018.308309310595,8586.943251831939,8679.920384823377,8897.141396834133,9140.466537228567,9374.433862624917,9571.546544177447,9657.053242113427,10146.017242766307,10417.737491304853,654.919325825948,-313,9515.504727921165,True,2025-02-28_downtown
fscoffee,historical_model_estimate,2025-02-28,2024-04-21,11539.521996369636,11762.850426513805,12246.219943845905,12313.879155097238,12432.516446129712,12616.92376082943,12847.954938689323,13023.502310986996,13138.52277377536,13511.132561611646,13729.126324073559,534.684293459527,-313,12656.234126779496,True,2025-02-28_fscoffee
hurricane,historical_model_estimate,2025-02-28,2024-04-21,12105.12768733826,12323.650779763986,12734.933620359596,12828.538931368268,12965.703238723534,13169.24500348479,13385.744093296005,13559.401097685284,13659.931312241257,14126.37625176371,14330.010549435641,551.5884298441113,-313,13310.143656219132,True,2025-02-28_hurricane
springdale,historical_model_estimate,2025-02-28,2024-04-21,9901.764845673906,10035.037089427275,10521.769833645296,10615.212073786268,10796.793059914497,11010.306848477718,11232.578543275076,11383.625601511842,11455.491139722251,11936.426953192296,12099.522836899388,563.5857784269876,-313,11996.01221254931,True,2025-02-28_springdale
all,historical_model_estimate,2025-02-28,2024-04-22,42674.35267002832,43132.30471865979,44041.713572300396,44245.11761531749,44543.47381189554,44977.15843655508,45383.95086040187,45721.8801252209,45892.83634210936,46737.06527620631,47072.87912947173,1104.82335224635,-312,44338.38091419486,True,aggregate_independent_posterior_pairing
downtown,historical_model_estimate,2025-02-28,2024-04-22,6985.880330075417,7105.882602471053,7685.850592839957,7813.584366516929,7978.050325510355,8260.830284602855,8505.79705295973,8732.646630169991,8810.279374116568,9282.015748002315,9391.996829112852,650.2447755672766,-312,8559.68788740045,True,2025-02-28_downtown
fscoffee,historical_model_estimate,2025-02-28,2024-04-22,12695.036427592986,12871.994137275613,13287.720514207558,13369.076406074611,13514.510357500083,13723.86784196321,13949.00119481621,14136.445307593549,14203.617848180978,14584.392185289182,14733.241083775241,528.3439699877298,-312,13625.468336389597,True,2025-02-28_fscoffee
hurricane,historical_model_estimate,2025-02-28,2024-04-22,11354.082771503923,11501.055721315543,11896.955401676825,11962.882644746702,12121.896241689803,12338.06906044781,12547.8861283502,12705.530373475758,12782.349429151074,13147.124643107853,13323.93718506712,524.8180947864317,-312,11797.567135481508,True,2025-02-28_hurricane
springdale,historical_model_estimate,2025-02-28,2024-04-22,9602.52737501952,9804.944926581758,10184.107378080507,10260.478676232007,10446.341148133242,10664.96841937924,10859.340788820331,10977.878227604913,11064.161317972565,11531.164253873661,11681.970845361608,530.177052489744,-312,10355.657554923304,True,2025-02-28_springdale
all,historical_model_estimate,2025-02-28,2024-04-23,43130.81218972273,43476.32767450552,44456.22761319052,44629.369738328336,44948.25665085293,45312.13135498477,45762.78893463435,46072.74212047878,46222.31085901295,47179.377515771106,47471.44716648385,1113.0466322941613,-311,44791.33349153841,True,aggregate_independent_posterior_pairing
downtown,historical_model_estimate,2025-02-28,2024-04-23,7042.282151616025,7171.016792580402,7726.134929192738,7819.275724135823,8011.1137919928,8210.141213472052,8477.008539149328,8644.251543258564,8756.677731392843,9268.57954940181,9433.926743511618,623.7160547877965,-311,8337.653230885886,True,2025-02-28_downtown
fscoffee,historical_model_estimate,2025-02-28,2024-04-23,12991.188204406395,13170.491607924256,13539.677661835558,13616.803800086182,13801.294913979213,13996.649580452173,14225.582772285252,14393.37445123566,14475.899765356973,14937.711247889638,15163.794090624871,536.5381175351876,-311,14339.51581039755,True,2025-02-28_fscoffee
hurricane,historical_model_estimate,2025-02-28,2024-04-23,10488.148072138827,10692.375096496957,11076.234456065884,11153.36973067273,11295.886619023866,11477.854277042692,11705.45613236429,11874.997582285247,11966.710970628064,12378.683258312009,12586.633204336493,522.7727877722534,-311,11781.829562834588,True,2025-02-28_hurricane
springdale,historical_model_estimate,2025-02-28,2024-04-23,10496.781408577295,10625.49946349091,11109.068397590821,11207.215597026052,11341.999370023226,11578.751679399244,11787.577285463181,11946.47229317082,12015.708985809242,12450.4784584787,12647.462832678828,554.6998085774604,-311,10332.334887420386,True,2025-02-28_springdale
all,historical_model_estimate,2025-02-28,2024-04-24,45317.61445027677,45653.67902213611,46681.261411827545,46884.166055074784,47184.928105831976,47517.31097728982,47953.087223328046,48242.80336117714,48489.489834945365,49459.78002383825,49887.62113385816,1130.8313711212659,-310,46547.654730156486,True,aggregate_independent_posterior_pairing
downtown,historical_model_estimate,2025-02-28,2024-04-24,8153.952432615498,8371.190276448668,8850.38931471285,8939.623359474688,9124.667404583217,9363.698006116914,9628.08641433245,9804.45535891369,9880.168682374207,10384.482214699943,10525.538029545185,629.5588347118409,-310,8600.560726016445,True,2025-02-28_downtown
fscoffee,historical_model_estimate,2025-02-28,2024-04-24,13103.250332144247,13282.561452785778,13733.297423352604,13816.873894175911,13957.464714473239,14155.342518173265,14343.512552317907,14488.361068780881,14567.59367956178,14993.428073897987,15168.238707570225,516.9750801934097,-310,13142.275095356094,True,2025-02-28_fscoffee
hurricane,historical_model_estimate,2025-02-28,2024-04-24,10414.803931593859,10532.878194034154,10951.81192943481,11030.07295115274,11208.219520696155,11444.266062881703,11636.450104172425,11767.114623475143,11890.295603853125,12307.800930984728,12436.449593326191,538.4994382536855,-310,11894.126710026683,True,2025-02-28_hurricane
springdale,historical_model_estimate,2025-02-28,2024-04-24,11452.74341164146,11651.850273703081,12208.594003529699,12317.413544522904,12443.925813663789,12640.197621711193,12814.479280161187,12996.837390520017,13094.103131655089,13517.039951404457,13648.362810609278,552.5119093774471,-310,12910.692198757264,True,2025-02-28_springdale
all,historical_model_estimate,2025-02-28,2024-04-25,45740.68158155839,46067.70755799029,46888.44021509665,47144.76830449242,47438.438608639146,47925.21180788681,48377.319732889584,48713.37343140843,48875.71811664182,49981.841828713645,50221.98513920772,1165.9816059091743,-309,48513.42404898245,True,aggregate_independent_posterior_pairing
downtown,historical_model_estimate,2025-02-28,2024-04-25,8782.757142036982,8937.225788959491,9426.04617639538,9515.607237213319,9719.92002911083,9954.06380933964,10226.160716496857,10408.24726561039,10524.73078757002,11079.58595116544,11255.301146333815,652.5534783937047,-309,10149.566361704696,True,2025-02-28_downtown
fscoffee,historical_model_estimate,2025-02-28,2024-04-25,12109.250370766855,12281.453714231362,12630.296854112676,12724.621671083667,12885.24889902488,13078.843710621499,13280.392764024757,13416.205339836713,13527.084872187506,13968.334476461612,14139.512719599603,516.8146803996698,-309,13992.712067590648,True,2025-02-28_fscoffee
hurricane,historical_model_estimate,2025-02-28,2024-04-25,10896.95662760302,11076.707228667576,11509.690422318989,11597.38842958839,11740.704532665894,11970.593388110348,12194.319523504564,12337.032331440401,12425.082351744439,12907.846302306514,13068.546173208055,553.7105950842139,-309,11561.60565113768,True,2025-02-28_hurricane
springdale,historical_model_estimate,2025-02-28,2024-04-25,11783.510828848324,11951.464759370865,12384.396527181738,12488.706258959004,12687.399068281837,12923.644582339566,13136.478254046273,13301.73487850936,13395.15492301191,13839.946759487688,14013.581162025537,574.3366842870066,-309,12809.539968549425,True,2025-02-28_springdale
all,historical_model_estimate,2025-02-28,2024-04-26,45886.079651702225,46268.2234946751,47236.43829111291,47437.127133635135,47809.0914495676,48240.67696899532,48685.96007621156,49014.56431827384,49220.56146237696,50075.84750699396,50460.58010210214,1180.8723858988806,-308,49040.02966587669,True,aggregate_independent_posterior_pairing
downtown,historical_model_estimate,2025-02-28,2024-04-26,9190.986173712663,9371.839822052229,9913.894698091797,10034.563602045735,10231.464594691293,10512.715062672694,10769.038256018937,10942.097362028013,11052.400506161908,11563.453543305088,11743.707658017782,663.5129210427992,-308,10625.905291877714,True,2025-02-28_downtown
fscoffee,historical_model_estimate,2025-02-28,2024-04-26,11472.966613988958,11607.95988039381,11963.260541936848,12034.729480988133,12190.2272090722,12398.380179951577,12590.427076482561,12776.645863505437,12846.06539399635,13290.077041486089,13386.262612484474,511.40373874692773,-308,12513.739424996056,True,2025-02-28_fscoffee
hurricane,historical_model_estimate,2025-02-28,2024-04-26,11395.07121860963,11559.635827000759,12040.299538790416,12117.148609498334,12259.887421271964,12450.414537932065,12671.894053955351,12838.02136962357,12925.337823307882,13387.641617329944,13593.41781131278,550.715918418199,-308,13077.267406816947,True,2025-02-28_hurricane
springdale,historical_model_estimate,2025-02-28,2024-04-26,11792.310955506973,11961.611050670002,12408.550170392265,12493.969187851562,12633.341375019185,12839.121492305316,13068.670057462374,13227.467111676531,13306.805224058515,13703.34883260281,13854.053509178213,529.5784796199996,-308,12823.117542185968,True,2025-02-28_springdale
all,historical_model_estimate,2025-02-28,2024-04-27,45248.70004574177,45605.54533800342,46469.307132392714,46683.46732424741,46987.754386665874,47391.56230903032,47855.0768430689,48227.122110782366,48453.30053529952,49225.32679099661,49738.20982675334,1138.2653669642018,-307,46658.366541585405,True,aggregate_independent_posterior_pairing
downtown,historical_model_estimate,2025-02-28,2024-04-27,8850.487445786752,9069.623291524773,9675.781563228462,9747.602334989111,9910.19982038379,10152.050089541175,10433.746397342333,10653.00881469965,10763.357126703357,11352.93484175841,11528.616316548183,671.4484058825789,-307,9214.091500987566,True,2025-02-28_downtown
fscoffee,historical_model_estimate,2025-02-28,2024-04-27,11373.233238729244,11497.192609130261,11869.283288965977,11947.074792910598,12079.910369610932,12251.253785579516,12478.497482528821,12631.092801877941,12713.873496173215,13117.063176849379,13264.650644317906,500.2209630968781,-307,12755.537118630264,True,2025-02-28_fscoffee
hurricane,historical_model_estimate,2025-02-28,2024-04-27,11883.037293233858,12097.679388417326,12602.989406972089,12701.035752491278,12874.290333748764,13092.46072770436,13266.614577533795,13422.101464770167,13507.91119097766,13929.919559171301,14094.034303711001,551.3561558294795,-307,12212.804945111944,True,2025-02-28_hurricane
springdale,historical_model_estimate,2025-02-28,2024-04-27,10764.713159920699,10941.41165779127,11407.170110372523,11523.36553884375,11715.46551773044,11920.610431550442,12137.545409652243,12277.15392249565,12362.821541928557,12863.584058243896,13003.987424851903,569.1379675728158,-307,12475.932976855636,True,2025-02-28_springdale
all,historical_model_estimate,2025-02-28,2024-04-28,44064.341867221636,44380.89440898321,45283.447524845484,45432.26492724776,45705.67987538104,46165.37273388248,46618.36272667963,46963.55652597008,47162.28684861742,48016.79890974684,48457.02138553761,1115.612016373116,-306,45555.416126265445,True,aggregate_independent_posterior_pairing
downtown,historical_model_estimate,2025-02-28,2024-04-28,7979.474877508849,8116.62229129424,8685.283591062665,8782.390401365428,8946.946490915081,9199.026491516994,9455.521118014467,9603.529585027585,9692.69438627364,10201.52148403708,10441.682581206946,619.6090125618014,-306,8470.647821834675,True,2025-02-28_downtown
fscoffee,historical_model_estimate,2025-02-28,2024-04-28,11734.801226558964,11896.204980687771,12343.643484283131,12427.074778816721,12570.996656538817,12775.040805712684,12974.41821160114,13130.153412823516,13194.062110645806,13650.408130433676,13791.426228122487,516.8401991018914,-306,12651.98559689306,True,2025-02-28_fscoffee
hurricane,historical_model_estimate,2025-02-28,2024-04-28,11996.491405826459,12243.297754712741,12701.103491174677,12794.381695693179,12939.496571798702,13153.272600596803,13397.585793144035,13553.602779184603,13646.750337585405,14152.633254274187,14308.01773196971,585.8319204028378,-306,13241.147458452677,True,2025-02-28_hurricane
springdale,historical_model_estimate,2025-02-28,2024-04-28,9991.081759695684,10164.869565944426,10608.67462497371,10708.026293478977,10855.029067124615,11061.034864586016,11238.976968952586,11409.072724003723,11503.262192269787,11900.925529153348,12139.643121087565,528.4355022897688,-306,11191.635249085031,True,2025-02-28_springdale
all,historical_model_estimate,2025-02-28,2024-04-29,42621.680769190745,43001.073992843245,43911.444791277856,44060.03539112493,44382.69865992542,44867.58977743429,45304.1147403337,45668.36288584603,45827.35025282151,46779.35269047073,47149.28747380157,1153.936180731054,-305,45147.99737867729,True,aggregate_independent_posterior_pairing
downtown,historical_model_estimate,2025-02-28,2024-04-29,6988.967616696082,7238.955878814508,7669.421536314464,7775.3436292999995,7932.337522823099,8187.258270321878,8433.707396499427,8615.16950029723,8698.323249616598,9270.602682270859,9464.1822552028,629.7176843734012,-305,8000.1003726806575,True,2025-02-28_downtown
fscoffee,historical_model_estimate,2025-02-28,2024-04-29,12926.289518192974,13048.655179062827,13396.969642847742,13481.195359385387,13602.524868244922,13831.659673472925,14040.376904030067,14215.471948820245,14313.59588521192,14752.093996210928,14956.599860376951,533.5034359116853,-305,14077.597937156464,True,2025-02-28_fscoffee
hurricane,historical_model_estimate,2025-02-28,2024-04-29,11193.795777012232,11362.413877314104,11845.100046103731,11919.748198343512,12074.555282821342,12282.2393708205,12509.441242035575,12678.659158355971,12752.7575896787,13203.382827078098,13343.825028731133,550.1321966923695,-305,11684.749285650312,True,2025-02-28_hurricane
springdale,historical_model_estimate,2025-02-28,2024-04-29,9378.873668844113,9553.645017914905,10090.718117999457,10153.00937841401,10280.740748684635,10504.600947150477,10720.458575107667,10881.04456990233,10960.496894209353,11379.770694392655,11564.25255219815,543.8763074527475,-305,11385.549783189854,True,2025-02-28_springdale
all,historical_model_estimate,2025-02-28,2024-04-30,43142.16665554953,43480.107601169235,44380.97788735712,44580.96858450644,44877.92927421125,45356.14026516561,45784.15426409321,46082.1029222823,46263.35280517784,47170.93539342517,47437.07813497494,1109.853635820831,-304,45367.255488907635,True,aggregate_independent_posterior_pairing
downtown,historical_model_estimate,2025-02-28,2024-04-30,6916.082289904236,7074.3748978084095,7590.838122318511,7698.361948882168,7858.358292550689,8135.282340054815,8390.689840145558,8565.228687664974,8659.990308048998,9098.024523168804,9329.600045331103,624.0996198046115,-304,7479.038904504095,True,2025-02-28_downtown
fscoffee,historical_model_estimate,2025-02-28,2024-04-30,13162.575485688467,13303.076462482073,13769.011245260383,13867.890262634559,14017.923141829495,14175.987106672317,14387.749926099646,14591.018683858716,14684.44603320872,15089.736478234092,15234.659794012843,528.9048317528822,-304,14914.840098042583,True,2025-02-28_fscoffee
hurricane,historical_model_estimate,2025-02-28,2024-04-30,10480.565204446415,10609.898903390324,11055.477645979274,11149.505905648877,11284.264957667589,11464.325479889027,11691.340613561742,11831.47669470293,11940.362599229553,12397.023601651532,12612.661657068425,542.5644869519956,-304,11332.2182296722,True,2025-02-28_hurricane
springdale,historical_model_estimate,2025-02-28,2024-04-30,10424.539628482238,10656.775126802206,11089.765533139713,11161.686205170094,11305.439790896738,11539.476616639637,11714.286328892591,11833.898601886765,11922.398504423216,12365.313228379513,12606.684481749915,536.9985963303019,-304,11641.15825668876,True,2025-02-28_springdale
all,historical_model_estimate,2025-02-28,2024-05-01,45609.13519062177,45896.934286039126,46715.126492442556,46897.26003888827,47170.12398349894,47617.57178343429,48042.717976968066,48329.32929235759,48536.87928807366,49452.01821275683,49746.15320301246,1084.2980757375556,-303,47148.959324794516,True,aggregate_independent_posterior_pairing
downtown,historical_model_estimate,2025-02-28,2024-05-01,7919.196696567087,8116.2045831724,8605.566747697349,8703.489041405945,8863.90630167887,9113.3402892577,9393.241861563445,9570.920906368332,9669.95819413158,10177.003605035403,10287.106192179066,624.333323415373,-303,8868.861495183963,True,2025-02-28_downtown
fscoffee,historical_model_estimate,2025-02-28,2024-05-01,13313.434754523274,13515.833377048388,13886.65076342876,13961.030223712007,14107.783908767164,14300.621022165826,14493.951740745102,14652.704790646927,14768.02143341184,15152.353940665274,15286.548700514384,506.41975646826705,-303,13842.462729957231,True,2025-02-28_fscoffee
hurricane,historical_model_estimate,2025-02-28,2024-05-01,10397.816728825848,10566.38623831247,10967.537715685392,11048.074019892123,11205.590817686376,11419.628893373187,11617.06695855453,11762.42536912685,11834.21034221785,12302.54658780572,12471.201772504912,525.6973027728365,-303,11917.419025987105,True,2025-02-28_hurricane
springdale,historical_model_estimate,2025-02-28,2024-05-01,11712.74994903981,11877.105553062376,12310.164179779704,12402.71550955778,12557.79272269401,12763.35929705781,12968.222320178169,13106.347770496777,13195.616578222824,13711.682382066678,13902.507046938494,550.6374225749526,-303,12520.216073666215,True,2025-02-28_springdale
all,historical_model_estimate,2025-02-28,2024-05-02,45959.07808417713,46304.33200518043,47123.10251630972,47304.86148023026,47573.91882944427,48040.06619541132,48466.13995195978,48869.49270359141,49038.71106219583,49920.48868100815,50331.312348413485,1120.97313891392,-302,,False,aggregate_independent_posterior_pairing
downtown,historical_model_estimate,2025-02-28,2024-05-02,8541.995626746513,8804.0509804976,9229.189558958431,9333.866438091323,9545.756064284178,9786.991461625523,10034.480922944173,10220.666883947655,10301.270144932805,10849.719546433254,11051.50670608719,630.6218418242713,-302,,False,2025-02-28_downtown
fscoffee,historical_model_estimate,2025-02-28,2024-05-02,12459.154047048505,12605.602280540183,13015.162142999317,13099.386544726614,13220.525961797002,13412.147050156509,13587.374827534639,13733.158483763415,13836.730944123807,14235.418156100897,14383.377708561447,495.5771869311011,-302,,False,2025-02-28_fscoffee
hurricane,historical_model_estimate,2025-02-28,2024-05-02,10925.460001247864,11065.47027871763,11447.101279828687,11548.513965177732,11682.309682306937,11875.005629454758,12115.962930476058,12266.328175614852,12380.503439628237,12880.362090800862,13131.933800916677,546.2538222303526,-302,11591.626088241146,True,2025-02-28_hurricane
springdale,historical_model_estimate,2025-02-28,2024-05-02,11820.424503307404,11977.86167992353,12465.992447854542,12575.986934181892,12745.697811428225,12935.924528763426,13178.511868708298,13319.941267839922,13421.959027202181,13839.818590208075,14012.490874548734,565.1630156735708,-302,13147.043876257523,True,2025-02-28_springdale
all,historical_model_estimate,2025-02-28,2024-05-03,45995.06093481062,46376.99217422168,47358.608902314794,47509.97583970053,47901.015182861694,48361.47346425718,48832.64376248125,49185.00921837279,49382.514198898425,50353.958699268456,50644.6434112601,1198.4841412821263,-301,47675.805875710466,True,aggregate_independent_posterior_pairing
downtown,historical_model_estimate,2025-02-28,2024-05-03,8999.903059377437,9231.029816072032,9719.72457668884,9821.954380064286,10036.551219446228,10320.317960312354,10572.535114572143,10780.566998938248,10865.213294135845,11338.726811367616,11547.44320266379,663.5121466255772,-301,10328.54293107993,True,2025-02-28_downtown
fscoffee,historical_model_estimate,2025-02-28,2024-05-03,11588.355611466663,11750.678049505945,12179.713801476084,12258.706572532412,12442.329830397224,12623.677113708101,12873.093103493378,13019.219465550932,13101.63517179785,13589.660290895552,13748.64211320209,553.1516828426135,-301,12024.749706295324,True,2025-02-28_fscoffee
hurricane,historical_model_estimate,2025-02-28,2024-05-03,11325.666233046088,11506.52625881044,11978.682709404975,12071.355062514003,12215.77819042048,12402.24920012345,12674.995557090117,12772.732685686009,12869.205209942273,13288.752473731869,13442.18534287517,544.0986846515983,-301,12474.37365969502,True,2025-02-28_hurricane
springdale,historical_model_estimate,2025-02-28,2024-05-03,11893.98144214117,12091.551070133748,12517.414762132446,12620.686831443989,12774.153743242374,12986.332683622422,13209.5991540496,13390.081442036942,13503.315718577982,13903.459844034132,14032.384088070627,565.5299639125358,-301,12848.139578640192,True,2025-02-28_springdale
all,historical_model_estimate,2025-02-28,2024-05-04,44823.39606450748,45277.688770766385,46201.420630975284,46463.23041816579,46756.157892698124,47171.9932139255,47630.5057997391,47953.12582519078,48140.38737866946,49054.408558152914,49542.506762588346,1180.0777068095895,-300,49833.32923676715,True,aggregate_independent_posterior_pairing
downtown,historical_model_estimate,2025-02-28,2024-05-04,8626.81716776906,8783.966700041947,9287.580843137588,9394.415872883163,9574.95760738913,9805.552622633943,10095.078160143097,10278.833950636563,10372.488947032632,10870.60317070874,11100.316112527467,632.5704050491555,-300,10806.60752333622,True,2025-02-28_downtown
fscoffee,historical_model_estimate,2025-02-28,2024-05-04,11443.627495257497,11571.294067147008,11983.304916732779,12084.27681465641,12220.980476703173,12446.259765620294,12651.574736911498,12799.841495042529,12881.65550558646,13288.787070449822,13450.411532353337,523.9728945062614,-300,12510.112494217794,True,2025-02-28_fscoffee
hurricane,historical_model_estimate,2025-02-28,2024-05-04,11758.161157927414,11977.613198933015,12395.988293420125,12512.33137812344,12674.897640720337,12876.694375415671,13101.292807493672,13298.2775312555,13401.561891490775,13800.819457536349,14019.390059304993,572.0198146009567,-300,13431.682954890182,True,2025-02-28_hurricane
springdale,historical_model_estimate,2025-02-28,2024-05-04,10929.562788705867,11147.65868996279,11560.589138427045,11653.694637541626,11802.592974457431,12015.998544367932,12226.408353493427,12408.905138722897,12504.72667179034,12963.093378807314,13112.056275444773,555.7406627142474,-300,13084.926264322956,True,2025-02-28_springdale
all,historical_model_estimate,2025-02-28,2024-05-05,44038.37441613819,44467.65121196762,45319.75574358681,45524.04037574486,45809.46523245328,46209.81350448025,46726.443414941954,47101.50388173137,47306.392028453345,48002.5739052837,48495.85349601286,1139.4718976323102,-299,,False,aggregate_independent_posterior_pairing
downtown,historical_model_estimate,2025-02-28,2024-05-05,7807.413182429944,8010.495673020174,8464.920211270106,8599.622582366084,8798.211694638412,9058.205947113333,9324.065460896642,9511.251447490104,9594.590931452714,10089.881365589195,10306.09109858981,648.399288948897,-299,8712.846284455563,True,2025-02-28_downtown
fscoffee,historical_model_estimate,2025-02-28,2024-05-05,11865.476819791716,12034.835900835897,12451.569274442541,12539.749788373825,12725.580672583417,12888.325237637124,13097.964249442179,13252.268023084422,13345.367740382979,13736.420165445626,13915.88763326593,523.7654791299852,-299,13344.023815345348,True,2025-02-28_fscoffee
hurricane,historical_model_estimate,2025-02-28,2024-05-05,12101.258768868802,12249.500114415956,12703.449479579374,12793.779145250382,12942.847257428117,13155.699489016373,13360.916528912849,13521.417418598481,13626.605523375507,14099.3969541106,14221.375562625435,552.1982256934183,-299,,False,2025-02-28_hurricane
springdale,historical_model_estimate,2025-02-28,2024-05-05,9942.690512473164,10264.764787378042,10728.542840263766,10819.901191041956,10973.074759606212,11170.739154815463,11363.21607652306,11528.873263869671,11637.669443441371,12077.205491912404,12235.936606450225,550.2172222386108,-299,11034.325650561395,True,2025-02-28_springdale
all,historical_model_estimate,2025-02-28,2024-05-06,42942.027879558314,43365.59032420733,44281.57555832832,44498.88518929139,44886.16416064484,45274.07875505435,45629.44241043626,45966.19990458151,46119.56754368056,47096.02492589237,47484.84657738006,1111.844149051618,-298,,False,aggregate_independent_posterior_pairing
downtown,historical_model_estimate,2025-02-28,2024-05-06,6945.169245224938,7169.162187928372,7694.853011807014,7796.600306410008,7974.490544618629,8199.773563313396,8439.058265184005,8622.254574210821,8737.330782325402,9198.941727662483,9395.042524516855,624.0751563134597,-298,7938.738149008388,True,2025-02-28_downtown
fscoffee,historical_model_estimate,2025-02-28,2024-05-06,13030.858238305811,13221.869462726887,13600.46095145229,13685.436131866883,13829.878736793951,14046.342839440942,14244.498351110362,14406.303360805186,14483.236833968684,14872.644813778019,15058.40094886398,514.8369423275299,-298,13426.104721708154,True,2025-02-28_fscoffee
hurricane,historical_model_estimate,2025-02-28,2024-05-06,11164.620398930198,11374.707933377516,11788.176691649702,11887.215880644428,12036.027624183936,12269.799003893066,12455.889039493308,12661.556701516456,12772.369056872105,13178.962579261983,13355.49988187229,565.190408842122,-298,,False,2025-02-28_hurricane
springdale,historical_model_estimate,2025-02-28,2024-05-06,9682.47632586308,9840.153290694343,10244.201156741268,10325.135488304513,10508.508188741698,10719.932605260934,10907.490159243758,11074.96636533041,11169.332958980212,11608.306351994966,11899.220972276727,555.2843192578925,-298,11313.041988670158,True,2025-02-28_springdale
all,historical_model_estimate,2025-02-28,2024-05-07,43351.70374900093,43687.50631601344,44666.295808370436,44907.69667343801,45153.49288905587,45566.380864056046,45966.46396978948,46292.0869028813,46512.58285939641,47410.94711174673,47791.48652915007,1121.7454219049948,-297,45624.732336586836,True,aggregate_independent_posterior_pairing
downtown,historical_model_estimate,2025-02-28,2024-05-07,6755.363009790126,7026.730229214396,7501.239977128662,7599.326826573422,7821.171766235113,8052.522648097049,8272.309669545273,8458.671765485182,8583.561021799924,9090.74753054218,9307.435826928604,644.183438360335,-297,7822.517814720963,True,2025-02-28_downtown
fscoffee,historical_model_estimate,2025-02-28,2024-05-07,13325.979653405202,13468.155868577944,13837.348457766486,13932.430079533675,14088.45519821393,14302.26963694202,14514.654666914394,14672.352958994654,14777.11147816927,15194.230958484393,15417.604092226278,542.1725589796469,-297,14488.343051927895,True,2025-02-28_fscoffee
hurricane,historical_model_estimate,2025-02-28,2024-05-07,10487.637140662626,10674.13518563837,11094.640186752154,11202.583477034053,11372.89782088329,11556.634222366698,11771.117596734572,11945.879100276135,12047.290598940923,12466.365122079282,12657.002909563671,561.26500260313,-297,11800.025603229768,True,2025-02-28_hurricane
springdale,historical_model_estimate,2025-02-28,2024-05-07,10659.65632967217,10811.18287433546,11211.479766996075,11279.169175249257,11439.506677240148,11631.25265888012,11822.38148387012,11966.519464951129,12063.468237322633,12575.935222549208,12711.303394115172,532.2044457253512,-297,11513.845866708209,True,2025-02-28_springdale
all,historical_model_estimate,2025-02-28,2024-05-08,45437.65124374317,45805.79594209063,46789.584684101545,46990.36484240627,47269.908359379915,47711.90850766336,48170.74536064156,48530.668640076256,48712.09878545772,49601.82565580954,49858.50488667551,1126.7355879804443,-296,45499.25278327269,True,aggregate_independent_posterior_pairing
downtown,historical_model_estimate,2025-02-28,2024-05-08,7866.87327267447,8078.728390315983,8523.691093138506,8645.372698019353,8824.783152661763,9081.34048500573,9353.016694162628,9523.631058316072,9603.379496213525,10113.3271073035,10270.482929865137,642.6294991100493,-296,8039.104984651876,True,2025-02-28_downtown
fscoffee,historical_model_estimate,2025-02-28,2024-05-08,13275.954127331737,13435.63783492668,13848.689363728046,13942.299834591751,14103.432458331505,14294.944825658962,14484.384359893897,14613.980863476732,14708.679992476942,15098.567119551877,15277.383307356622,514.4268323999013,-296,13986.074179681038,True,2025-02-28_fscoffee
hurricane,historical_model_estimate,2025-02-28,2024-05-08,10501.422647740113,10640.535345111797,11104.685023913136,11201.606886219333,11336.034634218311,11551.478933946875,11764.375151011725,11915.145586786772,11998.721134541365,12464.751204179473,12590.313579422229,539.0876097288452,-296,11767.982606805012,True,2025-02-28_hurricane
springdale,historical_model_estimate,2025-02-28,2024-05-08,11646.29217324637,11849.011658371335,12351.15355800972,12446.634348176927,12627.374207833373,12803.661651638948,13046.104153042868,13215.48615916704,13303.641240913055,13730.280397335673,13873.394251730335,566.3231003017474,-296,11706.091012134768,True,2025-02-28_springdale
all,historical_model_estimate,2025-02-28,2024-05-09,45907.25175459419,46171.163501225084,47095.47807839298,47285.496921599646,47635.055541347465,48091.98140147118,48580.1525291856,48888.11622331713,49065.62291505342,50017.87627458075,50242.97501268836,1167.1384141548779,-295,47660.58343225371,True,aggregate_independent_posterior_pairing
downtown,historical_model_estimate,2025-02-28,2024-05-09,8353.866857396262,8630.926455921888,9141.168746211519,9232.789567220629,9433.551827000842,9669.984073799418,9915.959277426871,10105.511096363538,10192.089276189257,10768.70603140389,10891.82972518082,644.3830153679666,-295,10191.933508848542,True,2025-02-28_downtown
fscoffee,historical_model_estimate,2025-02-28,2024-05-09,12415.373336376682,12573.427429171847,13024.352786075951,13125.68628291047,13238.70670977258,13470.55526269707,13664.298825010268,13811.111582694562,13909.142010994008,14323.224863569845,14486.266381011423,530.7521136826857,-295,13431.648638407,True,2025-02-28_fscoffee
hurricane,historical_model_estimate,2025-02-28,2024-05-09,10869.489390942652,11070.67908183661,11508.201091168923,11601.534091360274,11773.450030611664,11964.527574316091,12146.17942279578,12292.470681713061,12415.602439505832,12841.269064959119,13025.38396821685,543.358467697112,-295,11769.164960240194,True,2025-02-28_hurricane
springdale,historical_model_estimate,2025-02-28,2024-05-09,11886.715983746115,12099.775343743158,12531.630888863237,12623.34156334326,12789.694782966766,13009.96611724105,13223.56278210841,13366.321393704457,13470.171076281897,13852.072129343773,14050.49175829909,558.0753727978656,-295,12267.836324757976,True,2025-02-28_springdale
all,historical_model_estimate,2025-02-28,2024-05-10,46017.302098873835,46395.76697527846,47265.257243349675,47492.69210023257,47838.94807787159,48247.434092500975,48735.56633206622,49093.6523568182,49262.985067531416,50080.26018135716,50499.909023076696,1167.5037194529946,-294,48582.36746188265,True,aggregate_independent_posterior_pairing
downtown,historical_model_estimate,2025-02-28,2024-05-10,8988.308530631126,9165.098975346122,9741.598977447264,9844.006815556015,10015.020339910845,10255.35017443675,10479.60754377211,10654.598148649562,10774.694084862715,11277.64495685753,11610.915884748294,651.0757105154721,-294,10564.230146309616,True,2025-02-28_downtown
fscoffee,historical_model_estimate,2025-02-28,2024-05-10,11545.90603137579,11733.839183960174,12115.05505867131,12200.914400079415,12375.072686215068,12588.97517744799,12794.420276356796,12965.877571609104,13053.586447892301,13476.769456869486,13639.69451443304,529.9624132778252,-294,12610.504957225376,True,2025-02-28_fscoffee
hurricane,historical_model_estimate,2025-02-28,2024-05-10,11430.918480278742,11628.539876103325,12032.007506288732,12128.579589106603,12316.023830201828,12512.633729367819,12763.61930505185,12947.698481667681,13046.127608848987,13519.43387401682,13701.106913111425,584.08463708667,-294,13049.638816061568,True,2025-02-28_hurricane
springdale,historical_model_estimate,2025-02-28,2024-05-10,11767.92391282725,11936.075401038042,12410.499392623276,12484.654957074948,12665.586947770786,12885.428853976628,13094.448419669361,13248.011377121975,13344.98577861981,13841.518501511915,14057.88371800051,565.4683765113865,-294,12357.993542286087,True,2025-02-28_springdale
all,historical_model_estimate,2025-02-28,2024-05-11,45314.80530557819,45639.81146679751,46550.60956675171,46735.64551712724,47018.18773792776,47419.831302911785,47909.49929013373,48173.591158329,48404.50684006981,49230.277506700215,49637.90575394294,1114.7795087321704,-293,,False,aggregate_independent_posterior_pairing
downtown,historical_model_estimate,2025-02-28,2024-05-11,8631.77086908803,8829.877486038808,9397.50498113312,9536.649145006846,9673.449649527489,9894.614545868058,10130.751575223652,10289.98930358598,10391.423053470333,10908.348818266571,11126.879260195261,635.8334546657165,-293,9757.968120820107,True,2025-02-28_downtown
fscoffee,historical_model_estimate,2025-02-28,2024-05-11,11466.291859374338,11677.8149750381,12058.841932246687,12138.80538385472,12287.988036062252,12489.528021414751,12694.32747967462,12860.565345642573,12942.176289214169,13331.621426582054,13469.577917141876,521.08344536058,-293,11910.571016782853,True,2025-02-28_fscoffee
hurricane,historical_model_estimate,2025-02-28,2024-05-11,12054.39898755095,12178.501262516278,12623.568961623047,12720.044998356554,12881.693712666116,13076.125344174248,13281.296374546786,13419.945949063876,13513.066395130387,13941.795870920221,14103.446566232868,531.7101930513712,-293,,False,2025-02-28_hurricane
springdale,historical_model_estimate,2025-02-28,2024-05-11,10980.4424894479,11092.94985440612,11566.85405583784,11645.689737236604,11783.91956472187,11991.958438036516,12190.050157251093,12322.25589028354,12430.455845605136,12947.966207436228,13106.36925831438,539.7052937808556,-293,,False,2025-02-28_springdale
all,historical_model_estimate,2025-02-28,2024-05-12,43907.292895399725,44166.802866619386,45077.21472796591,45240.14874069135,45614.617128684855,46074.2626962236,46557.99897048076,46914.71688384697,47091.142528689954,48092.30292911523,48360.56828297966,1180.1766880537652,-292,45975.80834061391,True,aggregate_independent_posterior_pairing
downtown,historical_model_estimate,2025-02-28,2024-05-12,7738.545948807043,7860.355252717768,8362.85406575754,8470.060199036616,8653.579430180744,8894.321690552093,9135.0725845221,9340.564994851966,9438.15836240608,9933.906356754505,10131.495611842794,634.7576136688494,-292,9152.268980961702,True,2025-02-28_downtown
fscoffee,historical_model_estimate,2025-02-28,2024-05-12,11723.738237629987,12000.90788691589,12466.333191613889,12548.92015915217,12679.332911194873,12885.12910995563,13133.351272744825,13267.856308578415,13369.577341206099,13757.995854411949,13891.962525644667,541.543944006955,-292,13166.561965020068,True,2025-02-28_fscoffee
hurricane,historical_model_estimate,2025-02-28,2024-05-12,12248.086240893612,12401.335268703522,12803.186124588103,12921.062306410291,13089.187414222413,13324.246377601094,13538.143808424742,13714.077662597718,13809.216411573672,14248.753099015226,14404.128124008632,576.0861226759606,-292,12646.551621845128,True,2025-02-28_hurricane
springdale,historical_model_estimate,2025-02-28,2024-05-12,9951.39665369512,10131.704857470042,10525.055409834793,10630.461633106359,10775.861369436909,10971.782988668174,11196.020989969276,11325.596402339337,11423.581404954044,11860.642320610546,12053.987838984298,526.0633315668002,-292,11010.425772787015,True,2025-02-28_springdale
all,historical_model_estimate,2025-02-28,2024-05-13,42616.24542561707,42919.761030972615,43780.8224470814,43971.30028953484,44323.3188911683,44766.00732916196,45158.53793874625,45499.38423787513,45733.135877616936,46787.447721607656,47012.00082504533,1129.458961959287,-291,46047.91190655801,True,aggregate_independent_posterior_pairing
downtown,historical_model_estimate,2025-02-28,2024-05-13,6714.56692667168,6922.098696695342,7530.57053756242,7599.120428174102,7797.098079727981,8032.81782024339,8281.63771928617,8468.124425611088,8576.1027607704,9086.121771652284,9253.584673809251,651.9577812993949,-291,9737.572624702569,True,2025-02-28_downtown
fscoffee,historical_model_estimate,2025-02-28,2024-05-13,12945.989359103149,13070.760976787442,13483.822301718912,13572.486453383865,13719.826685370826,13899.741411462559,14111.526345298616,14242.525222393959,14362.124532236057,14835.57080184831,15011.554038081853,525.7718919885883,-291,13838.130513576529,True,2025-02-28_fscoffee
hurricane,historical_model_estimate,2025-02-28,2024-05-13,11202.893454523151,11377.908884991673,11820.213673319084,11902.609331761045,12065.929456498778,12276.65394839111,12484.786535796598,12639.111347161124,12744.841889134928,13168.868681139136,13321.971160092186,548.4352738646214,-291,11778.212259733702,True,2025-02-28_hurricane
springdale,historical_model_estimate,2025-02-28,2024-05-13,9341.1915272286,9558.349826726182,10055.00990942483,10136.0217063008,10283.188628369853,10519.982214422955,10755.431472253691,10893.67575957431,11010.037474471428,11465.142948487093,11603.923705027577,571.5115429868197,-291,10693.996508545211,True,2025-02-28_springdale
all,historical_model_estimate,2025-02-28,2024-05-14,42997.3351077201,43500.86399042718,44395.973057022646,44537.170960052455,44901.44013259615,45268.119517078216,45771.21625827942,46118.38793778475,46355.89119901485,47319.256811805906,47685.28851530734,1168.613588300241,-290,44338.99232157184,True,aggregate_independent_posterior_pairing
downtown,historical_model_estimate,2025-02-28,2024-05-14,6883.071743708474,7048.9101498099335,7462.943904037969,7594.770969021685,7755.327441460264,8019.616116251498,8326.027712018033,8505.645433524964,8614.286105989167,9069.273794358942,9295.351533911537,648.86621676036,-290,7850.969106513644,True,2025-02-28_downtown
fscoffee,historical_model_estimate,2025-02-28,2024-05-14,13355.495859010538,13476.057298658257,13914.269281405213,14019.301337839832,14155.785418286143,14372.378167872044,14575.47103432655,14725.161240973828,14824.900225971864,15267.530431675923,15419.59683642838,544.7523846309106,-290,14940.361502926758,True,2025-02-28_fscoffee
hurricane,historical_model_estimate,2025-02-28,2024-05-14,10527.976759139665,10666.80300559054,11108.615363431158,11201.840247186345,11357.936616351706,11547.903188393131,11778.145447789851,11923.500770781933,12034.998996964756,12420.06393043931,12717.607184904136,551.231226343164,-290,10824.31470745278,True,2025-02-28_hurricane
springdale,historical_model_estimate,2025-02-28,2024-05-14,10401.790911440128,10553.41580849446,10915.270116090553,11019.528512468929,11170.73115634413,11364.879487765473,11561.852327067694,11722.466970400572,11802.115492455277,12243.181104734453,12488.406854388177,518.5220735303999,-290,10723.347004678655,True,2025-02-28_springdale
all,historical_model_estimate,2025-02-28,2024-05-15,45003.11780236844,45451.195975054565,46438.454579082885,46594.67481051879,46903.554687788484,47321.45964703447,47796.54607915084,48152.51370806549,48329.650236405556,49240.79747675693,49642.17067284334,1150.2618242226051,-289,47712.36424660381,True,aggregate_independent_posterior_pairing
downtown,historical_model_estimate,2025-02-28,2024-05-15,7816.418197233827,8066.801582186495,8592.065384808973,8692.614161622007,8865.592903539427,9115.899900319091,9335.286999280539,9503.301009792665,9609.114529327753,10135.822539280152,10336.789813533265,627.7115162057132,-289,8982.051036573428,True,2025-02-28_downtown
fscoffee,historical_model_estimate,2025-02-28,2024-05-15,13294.112939863811,13471.466802378247,13911.018012750854,13976.538112489281,14147.160035560943,14354.528189014143,14557.302560396773,14695.973398533897,14792.914722804562,15235.475374225223,15303.563519342326,520.5847685880667,-289,14579.553700270071,True,2025-02-28_fscoffee
hurricane,historical_model_estimate,2025-02-28,2024-05-15,10396.84808905163,10605.775920356142,10979.811313314283,11065.496148950731,11231.582812364493,11435.965437915935,11645.333072357496,11815.279994949638,11915.646102811665,12347.760511092374,12506.83893211584,535.2330715875556,-289,11113.805709446871,True,2025-02-28_hurricane
springdale,historical_model_estimate,2025-02-28,2024-05-15,11427.164799823799,11587.480356694963,12016.047093703131,12090.368394968214,12233.41350815563,12453.978773386018,12670.931998598093,12846.878477224016,12934.676272092382,13394.29780026687,13564.950439332863,547.6874792959704,-289,13036.953800313437,True,2025-02-28_springdale
all,historical_model_estimate,2025-02-28,2024-05-16,45875.992875248055,46314.186104343804,47123.2958029509,47314.17422612555,47621.65057545444,48012.78409299985,48435.98540894231,48746.73207041953,48916.72106596999,49747.52695403782,50034.55440820842,1080.0894848192233,-288,,False,aggregate_independent_posterior_pairing
downtown,historical_model_estimate,2025-02-28,2024-05-16,8621.62637670985,8830.978988443943,9367.983273569394,9486.803148580148,9663.918194196176,9903.398116335928,10106.76018657847,10311.903983857843,10401.51098907345,10925.840976585043,11145.659474598928,648.1057068138357,-288,9969.243014131052,True,2025-02-28_downtown
fscoffee,historical_model_estimate,2025-02-28,2024-05-16,12553.524917868523,12673.670798870358,13130.797564331606,13210.191860866755,13376.804607478229,13561.456169514771,13772.763619524656,13927.4370437804,14011.772512876287,14408.895775295154,14586.53239387805,521.4292500024434,-288,12513.903517963068,True,2025-02-28_fscoffee
hurricane,historical_model_estimate,2025-02-28,2024-05-16,10703.478684163183,10829.149704626292,11293.737585915069,11412.68661229302,11547.816027607174,11747.07382343748,11955.100162394905,12116.517455188337,12193.970217454225,12619.646920654344,12779.391557890604,533.2876816448388,-288,11926.50413450078,True,2025-02-28_hurricane
springdale,historical_model_estimate,2025-02-28,2024-05-16,11679.022719978986,11887.335151956726,12332.368443018748,12412.278281855664,12594.767105508281,12840.113515678504,13035.124029767388,13214.877090129487,13276.8166339112,13654.98995722965,13906.013179509926,556.8721987748422,-288,,False,2025-02-28_springdale
all,historical_model_estimate,2025-02-28,2024-05-17,45845.42716855528,46221.00146043183,47137.5436415417,47335.26085482594,47697.817856632784,48099.21661124923,48533.38560891821,48837.54685369575,49052.03641807741,49953.05940045612,50381.300246775674,1137.2605757118927,-287,47979.95842350345,True,aggregate_independent_posterior_pairing
downtown,historical_model_estimate,2025-02-28,2024-05-17,9138.155065245255,9296.392008653413,9823.50149803398,9898.710318712792,10083.00587488359,10325.636685818907,10572.526734174946,10785.813589163467,10894.088556924635,11379.970830048753,11602.73069905801,648.0640287779341,-287,9379.215840813224,True,2025-02-28_downtown
fscoffee,historical_model_estimate,2025-02-28,2024-05-17,11696.3066735515,11784.155628140537,12160.39681219874,12230.950176678685,12386.457372637782,12587.088193277395,12817.534885043418,12988.152519915167,13074.760289554542,13454.633829673192,13612.339218147377,516.2033366732202,-287,12774.781705578393,True,2025-02-28_fscoffee
hurricane,historical_model_estimate,2025-02-28,2024-05-17,11394.143677124353,11530.81194723049,11924.567365032835,12019.514658617165,12189.062599929845,12391.513105863698,12605.927546507268,12760.818347255006,12852.00720169679,13291.625771428618,13480.29589296258,548.059979390104,-287,12840.507832594312,True,2025-02-28_hurricane
springdale,historical_model_estimate,2025-02-28,2024-05-17,11664.126939991807,11823.073994031269,12293.012273358225,12404.590771229563,12540.990855582797,12766.773341986198,12987.485351337293,13128.645338170865,13208.656884553153,13652.606270333703,13850.3325244539,556.570604051766,-287,12985.45304451752,True,2025-02-28_springdale
all,historical_model_estimate,2025-02-28,2024-05-18,45057.616525004516,45290.37856599314,46298.77899243368,46482.20518328602,46768.11888572781,47230.59610712014,47644.56875810199,47933.52800571343,48106.978426700596,49014.87992128471,49499.80858952405,1118.5438260441758,-286,45519.30548413065,True,aggregate_independent_posterior_pairing
downtown,historical_model_estimate,2025-02-28,2024-05-18,8694.528685500705,8893.796654060634,9378.934107741772,9491.174602513012,9674.609430667324,9931.408305797146,10155.111141665679,10358.825110361222,10469.251386983515,10899.926727347305,11140.935625750095,627.8350733224555,-286,9471.517405229431,True,2025-02-28_downtown
fscoffee,historical_model_estimate,2025-02-28,2024-05-18,11531.637105789041,11650.500890176436,12025.721111927742,12105.972904953318,12268.62795598102,12461.079738509685,12674.253301338898,12840.597578331013,12931.429831378595,13383.675508328026,13516.273434495772,529.1447756492289,-286,12183.985372483266,True,2025-02-28_fscoffee
hurricane,historical_model_estimate,2025-02-28,2024-05-18,11845.388129794836,12019.634641050085,12433.16858506714,12516.37704870106,12642.262937218426,12862.369673849826,13091.453105711915,13237.219849481875,13316.338586389287,13740.270974794494,13936.81678736715,526.1864454604105,-286,12871.354335007383,True,2025-02-28_hurricane
springdale,historical_model_estimate,2025-02-28,2024-05-18,10845.90237130532,10978.4146054775,11467.808549942123,11570.613840408774,11731.742890847301,11982.833993385919,12173.23241743053,12339.545228389576,12415.024687874991,12858.536791588565,13066.407420555952,568.5416436998197,-286,10992.448371410575,True,2025-02-28_springdale
all,historical_model_estimate,2025-02-28,2024-05-19,43539.12872196982,43917.72756190753,44884.841643636595,45066.63277907298,45354.0543744971,45761.34379035236,46181.75173816171,46510.659680756275,46730.00602602129,47768.50820342333,48053.259690067825,1143.24145568718,-285,44293.71587636548,True,aggregate_independent_posterior_pairing
downtown,historical_model_estimate,2025-02-28,2024-05-19,7732.06671271621,7887.498531404198,8351.15348647023,8480.496357245767,8638.98245588974,8922.89168017236,9164.244150974846,9361.053930085767,9468.420369657226,10000.999272531186,10179.72871725287,652.8632772309304,-285,8555.943559547193,True,2025-02-28_downtown
fscoffee,historical_model_estimate,2025-02-28,2024-05-19,12017.216216133114,12162.720056425822,12589.320904462797,12639.536778034404,12807.319508331675,13005.407192532428,13182.167809536606,13322.29764699447,13419.99708183214,13799.662868279096,13961.990588938033,508.96988926777516,-285,12185.286065784356,True,2025-02-28_fscoffee
hurricane,historical_model_estimate,2025-02-28,2024-05-19,11990.523350659962,12191.567826002529,12651.68043544691,12731.525466372364,12885.232114987128,13086.496663769703,13290.450090847296,13425.884315831468,13557.07879219606,14005.417298973853,14192.025745506211,544.6203796527088,-285,13198.82606814864,True,2025-02-28_hurricane
springdale,historical_model_estimate,2025-02-28,2024-05-19,9775.255606943354,9911.475514439759,10336.183181189628,10439.013868841817,10590.626599512874,10823.16320003899,11000.909458104508,11136.203682642914,11219.366252479273,11655.660142340808,11798.38420849677,537.5102838748949,-285,10353.660182885287,True,2025-02-28_springdale
all,historical_model_estimate,2025-02-28,2024-05-20,42147.50328647965,42507.91394352172,43487.09212473608,43689.00977606649,44057.73935304468,44537.46232930047,44924.6612040679,45243.51739693011,45429.186555827975,46311.76848176683,46647.432353507036,1161.3416564495694,-284,43249.925180381164,True,aggregate_independent_posterior_pairing
downtown,historical_model_estimate,2025-02-28,2024-05-20,6804.567495309554,6997.894403275144,7476.458101454552,7604.5806199319495,7829.761182401432,8076.501284292383,8307.575697532167,8490.75697103497,8618.326416153055,9111.738285897645,9300.534938971921,645.8387539475128,-284,7287.60693635316,True,2025-02-28_downtown
fscoffee,historical_model_estimate,2025-02-28,2024-05-20,12959.015506527356,13074.184976420493,13445.835200409132,13514.20230149827,13676.761812116612,13877.001643403113,14050.062684273116,14231.864374171519,14344.34076637483,14749.367314183211,14985.639807337146,521.9431226638479,-284,13552.30064716268,True,2025-02-28_fscoffee
hurricane,historical_model_estimate,2025-02-28,2024-05-20,10966.909559853673,11299.821936695069,11741.06234794795,11827.549076625144,11964.588931508728,12166.277132552128,12379.11134541034,12561.215703260532,12635.791223455035,13012.962714222,13146.754480976942,549.304932749686,-284,12445.417352315571,True,2025-02-28_hurricane
springdale,historical_model_estimate,2025-02-28,2024-05-20,9326.472180816589,9453.086209943698,9914.67617796966,10004.83519346741,10159.940381409153,10373.567858963717,10570.695547718618,10726.14855667439,10804.40822043499,11231.519095633885,11393.488773655046,528.6572103621617,-284,9964.600244549752,True,2025-02-28_springdale
all,historical_model_estimate,2025-02-28,2024-05-21,42500.678581320935,42901.566015516066,43734.354578718136,43872.89657176233,44225.41781880069,44678.22700680831,45151.12993520158,45479.82809607618,45681.88189707297,46557.020466167174,47140.82064034961,1146.1286684211782,-283,,False,aggregate_independent_posterior_pairing
downtown,historical_model_estimate,2025-02-28,2024-05-21,6505.957797551498,6650.1315615546055,7305.826708191319,7400.486705603903,7601.389499716449,7826.397017792746,8059.045353433282,8257.883146482462,8342.20277068048,8871.457110786465,9060.605414842228,647.0694868980954,-283,8420.337835580865,True,2025-02-28_downtown
fscoffee,historical_model_estimate,2025-02-28,2024-05-21,13287.557684482952,13423.840232768229,13859.197435607835,13952.13191397331,14094.22764790164,14302.335821007628,14508.112246009392,14660.340324852197,14788.043448670249,15208.468748736259,15389.599568880432,543.1879730732891,-283,,False,2025-02-28_fscoffee
hurricane,historical_model_estimate,2025-02-28,2024-05-21,10475.667758407462,10646.363683333386,11077.229839185582,11144.634782225721,11323.095189422136,11526.424352832579,11723.887900223013,11884.93265469125,11983.15746676098,12379.266393292066,12619.813310642201,548.6161528077919,-283,11276.078633838964,True,2025-02-28_hurricane
springdale,historical_model_estimate,2025-02-28,2024-05-21,9973.940352381442,10140.583100964775,10558.855374559995,10645.742717196368,10812.033420302289,11032.739783322308,11257.90601542662,11422.956187141459,11510.804701359488,11986.343165902168,12177.195135358481,562.8018607615363,-283,11462.55017641431,True,2025-02-28_springdale
all,historical_model_estimate,2025-02-28,2024-05-22,44637.38257280119,44986.497714722624,45972.60361823969,46145.18314412705,46469.463665786396,46857.16886795807,47291.99161155033,47629.56351187657,47895.62297805889,48730.318600882674,48946.24075439279,1134.380998504843,-282,47694.74416567775,True,aggregate_independent_posterior_pairing
downtown,historical_model_estimate,2025-02-28,2024-05-22,7699.403074291612,7871.687899190043,8347.926492884972,8443.073596020264,8628.865383571834,8861.056564699775,9109.162014689917,9299.324661495148,9389.465905126099,9944.068767310955,10142.111618716877,631.9338695891545,-282,10219.556815410408,True,2025-02-28_downtown
fscoffee,historical_model_estimate,2025-02-28,2024-05-22,13165.58754830286,13360.84403342216,13793.158360275545,13876.983708322143,14010.386101863762,14202.470591245019,14407.080482509573,14545.303725954502,14625.442993798113,15051.989140083024,15183.070372665528,513.9831494217846,-282,13930.151172802098,True,2025-02-28_fscoffee
hurricane,historical_model_estimate,2025-02-28,2024-05-22,10403.927828563705,10569.69426704636,11023.90345442295,11108.814198949438,11279.185811859577,11453.241947734588,11645.507283085059,11814.73504098507,11901.142932189992,12328.736925815456,12489.27777904196,524.9444537833526,-282,11129.510717499634,True,2025-02-28_hurricane
springdale,historical_model_estimate,2025-02-28,2024-05-22,11270.233479200966,11463.723530112291,11877.509331860801,11965.75531243502,12136.063079482828,12342.587747318941,12552.659019744098,12714.159939166831,12796.441014100146,13253.415982941295,13410.47947990902,550.6478592499184,-282,12415.525459965622,True,2025-02-28_springdale
all,historical_model_estimate,2025-02-28,2024-05-23,45124.763563490174,45616.57166940431,46597.32176588828,46795.00101274118,47128.71355522375,47569.59867829057,47960.127204941164,48229.27815053427,48411.22420469058,49270.08484705589,49727.677769290305,1117.8879592443031,-281,47531.879532170344,True,aggregate_independent_posterior_pairing
downtown,historical_model_estimate,2025-02-28,2024-05-23,8618.814334880752,8786.357022949018,9350.44261962528,9438.718361920754,9612.30203787213,9850.670774382523,10107.0737128274,10301.417507082147,10400.834909171213,10932.762812576484,11151.516070539772,648.5726769163625,-281,10276.731897508638,True,2025-02-28_downtown
fscoffee,historical_model_estimate,2025-02-28,2024-05-23,12213.113949469453,12370.434233413836,12796.062225599584,12881.615094270452,13077.136945394976,13264.601098194491,13486.094974881988,13645.351888992183,13737.405487604956,14135.703552443054,14341.922315914477,556.2606557874839,-281,12701.111342972992,True,2025-02-28_fscoffee
hurricane,historical_model_estimate,2025-02-28,2024-05-23,10716.742655557991,10939.99372660233,11353.120118664829,11438.525944062038,11583.497932534428,11789.529973093675,12047.333682128037,12205.013421362817,12293.53286800076,12688.16222113007,12831.41792394735,544.5245894506961,-281,12272.542687684016,True,2025-02-28_hurricane
springdale,historical_model_estimate,2025-02-28,2024-05-23,11482.770626816073,11691.107385823107,12097.038529742385,12188.835466105202,12348.533426055914,12545.332109098868,12771.595107435316,12911.643381581705,13001.140048718828,13460.417326853443,13603.895473438552,542.8773632488322,-281,12281.493604004698,True,2025-02-28_springdale
all,historical_model_estimate,2025-02-28,2024-05-24,45680.859809730304,45868.82458955018,46795.885355775965,47018.093889401316,47269.820111229565,47658.68826775852,48161.23322586878,48573.99045529495,48739.35995059495,49526.030055294585,49900.04770002323,1105.5793545813096,-280,47189.670168384095,True,aggregate_independent_posterior_pairing
downtown,historical_model_estimate,2025-02-28,2024-05-24,9098.093255817059,9314.890449261782,9766.997923020304,9834.896930056391,10035.21198050763,10260.889236573086,10508.634779092312,10719.38796163557,10815.890425748688,11263.59868774063,11451.697662869883,613.0484999526573,-280,8937.2746407666,True,2025-02-28_downtown
fscoffee,historical_model_estimate,2025-02-28,2024-05-24,11454.199932888936,11576.076923087378,12006.372124443602,12093.051851632015,12257.880963585285,12443.070158329523,12647.308259025276,12791.974724195974,12886.349431667197,13315.349672704553,13484.9373977219,519.6670255850282,-280,13210.000217238168,True,2025-02-28_fscoffee
hurricane,historical_model_estimate,2025-02-28,2024-05-24,11357.88728082675,11587.524090597723,12040.256905126846,12134.741318019627,12281.508127185316,12496.17913839318,12703.408381376259,12858.987021136456,12946.78780824134,13387.68868995207,13584.246427211914,550.853076183776,-280,12128.91718344736,True,2025-02-28_hurricane
springdale,historical_model_estimate,2025-02-28,2024-05-24,11416.837415066942,11597.805820040154,12000.058167925123,12102.988751431156,12254.455896505568,12511.115334465901,12735.33506973816,12893.949204951405,13009.468019608688,13422.648665460336,13549.941993590304,566.4196302524502,-280,12913.478126931968,True,2025-02-28_springdale
all,historical_model_estimate,2025-02-28,2024-05-25,44477.52213885637,44876.80652603515,45816.67632410701,46055.05180163337,46339.5006271856,46728.8370301539,47133.296311034064,47483.547331228125,47634.16729708965,48728.2285445064,49195.74943104007,1166.2617081883345,-279,46073.815328032266,True,aggregate_independent_posterior_pairing
downtown,historical_model_estimate,2025-02-28,2024-05-25,8544.954063027986,8779.389104613521,9325.447499770278,9414.85797445548,9576.304452906681,9810.958084597043,10060.921297213228,10263.778826270602,10376.039650707886,10977.772100058066,11243.977235923441,654.82796342199,-279,9398.438942592104,True,2025-02-28_downtown
fscoffee,historical_model_estimate,2025-02-28,2024-05-25,11335.501219274764,11492.32789830993,11913.171584181831,11992.80128400762,12112.110535370914,12357.011088775202,12556.097708740252,12714.165775628302,12821.097646948367,13277.897954897851,13441.587074647417,542.1133669128683,-279,11783.590816388532,True,2025-02-28_fscoffee
hurricane,historical_model_estimate,2025-02-28,2024-05-25,11870.2182117144,12067.448524554318,12484.877624244016,12553.78806703327,12703.559967947132,12920.184038486283,13164.39370684973,13296.993541612892,13381.661177887032,13813.203853219808,13969.525296690219,536.8265871564932,-279,12929.947710884957,True,2025-02-28_hurricane
springdale,historical_model_estimate,2025-02-28,2024-05-25,10520.96050038499,10722.593620960844,11176.282719507788,11247.831137145617,11393.398795513245,11648.318797920485,11862.747490186397,12030.100019958196,12116.848966009315,12562.123583284703,12675.760648513,562.2310866831722,-279,11961.837858166668,True,2025-02-28_springdale
all,historical_model_estimate,2025-02-28,2024-05-26,43096.97319549218,43398.664124463154,44352.25501763236,44528.82337930598,44872.11326347805,45366.116898232045,45781.73551045349,46092.21823649488,46239.038677684,47130.48327484852,47435.25828302225,1132.8870962917183,-278,45376.7273589655,True,aggregate_independent_posterior_pairing
downtown,historical_model_estimate,2025-02-28,2024-05-26,7545.363903708168,7741.093850587089,8231.653569900398,8339.546182229686,8523.036240259413,8787.643698175094,9029.850789557404,9253.632499664223,9363.772460524795,9881.899053211917,10158.888945520182,669.2228290641116,-278,7905.600003125478,True,2025-02-28_downtown
fscoffee,historical_model_estimate,2025-02-28,2024-05-26,11743.019003274498,11871.852075897777,12318.160595112162,12441.4824808394,12619.393367985775,12810.443388659818,13008.006950534516,13142.73723677424,13228.741867054705,13602.682693090781,13733.074647156083,528.3097112235562,-278,13817.238702803505,True,2025-02-28_fscoffee
hurricane,historical_model_estimate,2025-02-28,2024-05-26,12029.034150431882,12153.959910806185,12598.268982026597,12675.182221387588,12834.79767111885,13061.206928419995,13282.917115061487,13470.830426459252,13560.074800597265,13970.849252587597,14150.313869284902,553.7624974750845,-278,13028.482889348628,True,2025-02-28_hurricane
springdale,historical_model_estimate,2025-02-28,2024-05-26,9607.800167761716,9737.097090703553,10174.439852854895,10267.131380418046,10432.094550586855,10680.500456992319,10918.960907433564,11072.411305885013,11139.999660795831,11524.542844218433,11700.529975511734,557.3202706753574,-278,10625.405763687892,True,2025-02-28_springdale
all,historical_model_estimate,2025-02-28,2024-05-27,42094.64271511926,42369.854175755776,43247.70247607922,43437.82906080979,43756.29823286451,44217.219964440985,44649.69708646384,44914.20030593484,45084.96795870097,46172.62918454894,46519.26091688921,1135.9624259572574,-277,,False,aggregate_independent_posterior_pairing
downtown,historical_model_estimate,2025-02-28,2024-05-27,6647.524854319344,6834.16220120144,7345.762269797872,7458.167164296914,7646.535021269438,7889.710563007531,8140.910564801168,8288.461688354,8386.456644603602,8919.053762462954,9116.643254916034,632.6236247462398,-277,8135.587045768768,True,2025-02-28_downtown
fscoffee,historical_model_estimate,2025-02-28,2024-05-27,12967.68053049243,13154.376600000927,13507.461935297508,13579.189140095263,13732.701536159866,13936.436809854484,14118.563830224162,14254.410730806834,14344.281877734644,14745.217526295399,14895.818092073376,506.04677058502705,-277,14333.258260329085,True,2025-02-28_fscoffee
hurricane,historical_model_estimate,2025-02-28,2024-05-27,11124.985276518293,11283.706642255862,11727.234102059527,11819.764039753534,11975.951297728197,12204.214999633856,12395.85388603414,12566.785581987242,12647.458180016423,13076.611932324953,13249.923268790177,543.2264837497269,-277,11945.817667014053,True,2025-02-28_hurricane
springdale,historical_model_estimate,2025-02-28,2024-05-27,9153.788242964398,9299.08124472626,9714.802863708015,9788.352780233783,9969.193100133189,10214.516551619156,10423.172095439411,10575.699254463256,10667.783488995101,11126.227082919879,11348.505992142314,571.071237585072,-277,,False,2025-02-28_springdale
all,historical_model_estimate,2025-02-28,2024-05-28,42335.01298600624,42837.91788254372,43820.61422005715,43980.64114122219,44318.765321206876,44775.01374850988,45125.375120521596,45456.1314507662,45643.20986089937,46568.89528558826,46854.260854822336,1126.0470524888979,-276,46072.86055814604,True,aggregate_independent_posterior_pairing
downtown,historical_model_estimate,2025-02-28,2024-05-28,6596.047806701519,6876.497284806929,7331.504731021627,7427.435624175723,7577.693501277572,7836.73730874893,8045.358094237045,8233.354199613792,8326.644983250495,8802.475762484872,9021.429676953827,605.9783504978612,-276,7323.992868833291,True,2025-02-28_downtown
fscoffee,historical_model_estimate,2025-02-28,2024-05-28,13404.861277165855,13592.951270639454,13989.000658478466,14081.39826002285,14246.140059885305,14431.814263489894,14616.64779470016,14772.893369489464,14885.808990792992,15279.682123899393,15409.448933709968,520.1672308112588,-276,14718.414941612466,True,2025-02-28_fscoffee
hurricane,historical_model_estimate,2025-02-28,2024-05-28,10287.642976719919,10541.966805871603,10977.400718481298,11073.691795023711,11240.235911839398,11445.707680396252,11675.569939643654,11849.281499279095,11937.684135564983,12342.392013281029,12506.082684266676,564.8842998590563,-276,12625.56610618644,True,2025-02-28_hurricane
springdale,historical_model_estimate,2025-02-28,2024-05-28,9921.540801754254,10096.27519893784,10503.045814076484,10604.792256670786,10800.556091376657,11005.144879364398,11226.147445733037,11390.66668463005,11479.186084658912,11880.636469348654,12057.825218645175,554.1062312646552,-276,11404.88664151385,True,2025-02-28_springdale
all,historical_model_estimate,2025-02-28,2024-05-29,44691.09871035515,45109.70864799148,45965.29948617196,46170.10865756738,46503.53489389688,46913.77311088708,47415.040514608685,47748.04508689066,47896.27609788547,48834.23326614405,49253.85024107537,1155.2241378506594,-275,45100.229154039414,True,aggregate_independent_posterior_pairing
downtown,historical_model_estimate,2025-02-28,2024-05-29,7558.848065907205,7759.442618606688,8285.052321133224,8384.10607990298,8585.086194943824,8824.951430927147,9051.182541599199,9227.78557568953,9325.89613500629,9845.063244686484,10141.47120478893,637.9441198810542,-275,8712.047737027819,True,2025-02-28_downtown
fscoffee,historical_model_estimate,2025-02-28,2024-05-29,13318.900340139264,13486.081753296403,13940.77115196975,14020.201255459468,14155.801100075949,14370.80838251339,14563.949421031126,14701.343472757504,14771.641668431008,15227.35107493883,15405.785369385943,515.8429918786798,-275,13905.675972702704,True,2025-02-28_fscoffee
hurricane,historical_model_estimate,2025-02-28,2024-05-29,10453.432417754435,10602.725504041717,11043.889761225064,11123.811991500994,11262.143766191699,11474.567388760584,11686.109472454746,11861.83191374719,11938.601142968218,12426.879045405676,12623.018333155405,549.879253485351,-275,10459.137154086571,True,2025-02-28_hurricane
springdale,historical_model_estimate,2025-02-28,2024-05-29,11192.441462830753,11354.10715689627,11799.249047643782,11893.891385772567,12053.642835035922,12279.761349164375,12517.870768642308,12669.51968908348,12764.753374357146,13194.498543648804,13325.987392669349,558.3603626331277,-275,12023.368290222325,True,2025-02-28_springdale
all,historical_model_estimate,2025-02-28,2024-05-30,44969.471266385925,45590.574193969995,46343.02187819711,46509.554850584085,46832.58631012289,47293.89839040918,47736.81537441039,48087.57062640045,48254.84224188307,49184.94212247439,49489.41629379977,1120.7747391692355,-274,46937.02991472847,True,aggregate_independent_posterior_pairing
downtown,historical_model_estimate,2025-02-28,2024-05-30,8293.295076818962,8482.854781605534,9041.327751399262,9125.749068025772,9306.352765707152,9555.149736361353,9815.813107837252,9997.448425321072,10107.508638489808,10682.932068143406,10830.809904025211,656.1017455221703,-274,8921.411007572333,True,2025-02-28_downtown
fscoffee,historical_model_estimate,2025-02-28,2024-05-30,12366.337845978425,12571.766495202248,12967.4407982199,13051.004119855459,13199.859093242143,13377.249231209156,13576.202827829306,13712.292089094717,13816.137651288458,14236.088503452533,14408.675982138606,518.4770085927776,-274,13084.83839824396,True,2025-02-28_fscoffee
hurricane,historical_model_estimate,2025-02-28,2024-05-30,10805.254828069468,10982.800023113123,11452.396993627717,11551.285418196321,11695.656151926254,11900.556924306602,12102.879819809752,12243.869800671197,12324.04405938963,12810.473516638463,12942.43153891326,541.2271165468977,-274,11812.273303390884,True,2025-02-28_hurricane
springdale,historical_model_estimate,2025-02-28,2024-05-30,11372.917482475226,11569.43555070805,11986.705207096835,12072.757836603581,12231.052544218976,12429.037869542488,12630.652768607524,12828.49476298664,12946.856434266778,13421.620664702687,13541.802419178428,566.9471699965685,-274,13118.507205521291,True,2025-02-28_springdale
all,historical_model_estimate,2025-02-28,2024-05-31,45323.53304520496,45616.54621430775,46546.06621348972,46731.87219239837,47073.367568705915,47514.46592146059,47982.11854295914,48249.0947284339,48472.1244279505,49369.14650806936,49606.97393712235,1159.7399194979207,-273,48027.005207921335,True,aggregate_independent_posterior_pairing
downtown,historical_model_estimate,2025-02-28,2024-05-31,8625.124762875836,8833.26976315692,9322.272811950063,9402.28924776617,9594.087783607467,9838.910072360744,10091.036546885147,10289.448182009706,10373.673112338982,10827.719292767388,11039.154576187526,626.9269393932016,-273,10048.18901194937,True,2025-02-28_downtown
fscoffee,historical_model_estimate,2025-02-28,2024-05-31,11700.275214901132,11852.179653178726,12230.184585047471,12319.091205730441,12490.829663021881,12667.85938106856,12879.636231014421,13013.65766774602,13085.321104572215,13509.794766128165,13656.09204494469,512.1721432953995,-273,12455.781226550876,True,2025-02-28_fscoffee
hurricane,historical_model_estimate,2025-02-28,2024-05-31,11344.346026680316,11483.601520274957,11994.949919257026,12085.279496970328,12249.11707713018,12444.135970253044,12643.443999996342,12800.4327519557,12869.873659675097,13291.84031779071,13431.87402179483,540.4182292232815,-273,12546.968372549996,True,2025-02-28_hurricane
springdale,historical_model_estimate,2025-02-28,2024-05-31,11412.45718286819,11550.076418969871,12092.039952042443,12170.463733285147,12333.85494443021,12557.169145836528,12793.83603479096,12958.468256723647,13042.002131742529,13523.87947387559,13716.15236116153,581.731206813773,-273,12976.066596871093,True,2025-02-28_springdale
all,historical_model_estimate,2025-02-28,2024-06-01,44230.21796839485,44691.69347226697,45610.959527950625,45784.901081951764,46145.935852631585,46576.84035536848,47055.77399141993,47386.80564878593,47598.28733595414,48535.273439258446,49011.99955352883,1193.838923225239,-272,46281.437840005725,True,aggregate_independent_posterior_pairing
downtown,historical_model_estimate,2025-02-28,2024-06-01,8293.66487104373,8482.170304239036,8966.295398404664,9079.776933318384,9273.550296090083,9558.293613394466,9786.435821257455,10002.698951906877,10107.831086807104,10670.998110015893,10882.232796919381,660.5075740148558,-272,8901.60478379125,True,2025-02-28_downtown
fscoffee,historical_model_estimate,2025-02-28,2024-06-01,11323.280320122012,11484.647221912708,11969.828624001639,12044.211821509294,12215.664113570907,12419.341624816801,12641.704416802757,12767.089462269096,12843.23867465349,13279.218865985413,13419.194135471114,535.3983276000997,-272,12370.390115723729,True,2025-02-28_fscoffee
hurricane,historical_model_estimate,2025-02-28,2024-06-01,11842.950171327937,12044.366529171764,12475.106734391511,12548.030290574716,12697.97261317121,12893.871504409999,13137.798319496524,13310.672832948921,13400.38546290954,13813.333622905531,13980.163667517356,550.7225375961636,-272,13499.171238226088,True,2025-02-28_hurricane
springdale,historical_model_estimate,2025-02-28,2024-06-01,10600.109972680777,10856.254587438383,11240.12699754084,11355.338780336373,11515.872661918667,11708.877656135677,11936.522781208469,12114.587478653317,12222.033953898268,12647.0991756871,12780.023324228223,558.5896763775272,-272,11510.27170226466,True,2025-02-28_springdale
all,historical_model_estimate,2025-02-28,2024-06-02,43163.19465060215,43426.69739557924,44401.24782105895,44563.98500707823,44837.09593352856,45218.317633312676,45640.683454906386,45944.61478037724,46155.75508934428,47081.26193781886,47445.188630988385,1084.701629605925,-271,45605.64367884519,True,aggregate_independent_posterior_pairing
downtown,historical_model_estimate,2025-02-28,2024-06-02,7258.966324976945,7413.560462691468,7914.937573285924,8008.780333920471,8179.177881757322,8418.597256402889,8716.070435991145,8919.492102296192,9001.79981247301,9490.408511345102,9672.216402499485,656.3755103415054,-271,8635.860401491005,True,2025-02-28_downtown
fscoffee,historical_model_estimate,2025-02-28,2024-06-02,11931.887805587061,12136.401228559509,12528.532014241133,12641.943634813364,12795.103328897205,12977.861589106673,13181.486706705049,13314.46772331612,13404.899384747312,13813.368032204886,13961.257055826683,521.8343642097185,-271,13299.739577194028,True,2025-02-28_fscoffee
hurricane,historical_model_estimate,2025-02-28,2024-06-02,12058.712992875759,12261.570289038884,12716.670252575777,12816.39651325636,12966.40618036903,13169.416456396058,13372.09600391645,13498.636928005066,13570.208014926055,13985.506418394652,14182.96714696698,527.0677933510779,-271,13958.446844372302,True,2025-02-28_hurricane
springdale,historical_model_estimate,2025-02-28,2024-06-02,9528.938645304517,9697.025787838613,10190.141207952656,10282.043400671702,10447.908213208839,10695.082196909107,10898.66589958181,11034.663185358064,11137.33253337645,11556.786979705814,11703.20710592327,573.2598176586863,-271,9711.59685578786,True,2025-02-28_springdale
all,historical_model_estimate,2025-02-28,2024-06-03,41916.03242685297,42218.53304841653,43087.7694001406,43289.16608060969,43644.9392695214,44082.17817929875,44551.18552928646,44896.405670608874,45025.61750866604,45931.38498223756,46191.216309152915,1130.705591145583,-270,,False,aggregate_independent_posterior_pairing
downtown,historical_model_estimate,2025-02-28,2024-06-03,6442.385416219281,6634.425906761903,7124.647845900633,7237.132539520137,7443.806299620198,7719.578213260707,7967.95320368587,8134.631674735534,8247.45590681507,8817.042880438754,9077.770850444149,661.6153213992982,-270,9686.753597608891,True,2025-02-28_downtown
fscoffee,historical_model_estimate,2025-02-28,2024-06-03,12996.079415958402,13159.26664028863,13535.786390231011,13619.703299396027,13744.101375047432,13944.09454657065,14127.281642443766,14307.563807322656,14398.915583386608,14816.795655550783,14980.652301650187,519.2807909695657,-270,13533.440719305978,True,2025-02-28_fscoffee
hurricane,historical_model_estimate,2025-02-28,2024-06-03,11162.293172659809,11356.689349553668,11830.098079680212,11935.874818079688,12092.913757291495,12264.341589510055,12506.083285933235,12676.929483050124,12771.132568000388,13151.677467134827,13289.912586263932,551.3558026530181,-270,,False,2025-02-28_hurricane
springdale,historical_model_estimate,2025-02-28,2024-06-03,9053.510571051489,9251.107453160876,9682.943235079061,9782.461736977728,9934.847695909684,10159.628352167692,10362.967103754207,10504.768948230305,10625.126599348301,11069.047038445036,11218.014444102122,556.3193330176467,-270,9507.57105195115,True,2025-02-28_springdale
all,historical_model_estimate,2025-02-28,2024-06-04,42500.45983686566,42850.71280555083,43781.15831857533,43956.157275225254,44298.11871169147,44758.10254076218,45137.857039639566,45480.19676949222,45740.65160872831,46582.59423806772,46809.95367573969,1122.852024036702,-269,45206.065043850365,True,aggregate_independent_posterior_pairing
downtown,historical_model_estimate,2025-02-28,2024-06-04,6392.96158953208,6630.212494016869,7175.702458213235,7276.911664642749,7488.483322493542,7784.722553422082,8030.0533498879595,8215.174137493923,8299.665061938273,8805.859754545683,9026.635787515383,664.5706294329829,-269,8125.132602391621,True,2025-02-28_downtown
fscoffee,historical_model_estimate,2025-02-28,2024-06-04,13468.206771364197,13564.07268437707,13953.964137496816,14032.891876200301,14196.400374390843,14419.69539282396,14618.908928990782,14758.998414220268,14856.591225244805,15261.985264793271,15387.8841199545,512.2889645572158,-269,14457.878400614907,True,2025-02-28_fscoffee
hurricane,historical_model_estimate,2025-02-28,2024-06-04,10665.656384810756,10833.30431905666,11230.975921614587,11312.938677272847,11474.427568537001,11704.535928831338,11905.480163747738,12043.46306178279,12129.115851543533,12540.192466446193,12696.644714677157,536.4680286940135,-269,11655.181366591762,True,2025-02-28_hurricane
springdale,historical_model_estimate,2025-02-28,2024-06-04,9759.808914409195,9954.806844975164,10419.938158174566,10511.944938269173,10701.503870356919,10904.467936465142,11121.934814168144,11274.29082789052,11357.314896465741,11810.197106662543,12034.393676653217,562.5870663647131,-269,10967.872674252078,True,2025-02-28_springdale
all,historical_model_estimate,2025-02-28,2024-06-05,44215.2913192275,44572.982128217554,45553.72448379931,45784.080420166276,46120.85993118445,46542.94940692307,46949.92115789713,47324.60435388626,47497.08681273266,48461.02643518263,48909.25044834905,1183.955967126843,-268,46995.1981368278,True,aggregate_independent_posterior_pairing
downtown,historical_model_estimate,2025-02-28,2024-06-05,7575.950699576898,7810.493066387157,8321.49678595543,8421.340742112716,8595.19105014469,8827.94229088016,9062.386877460338,9269.220488263563,9364.820374904504,9865.761402539045,10080.917027967833,637.5107865524006,-268,8804.260247040593,True,2025-02-28_downtown
fscoffee,historical_model_estimate,2025-02-28,2024-06-05,13258.112183097768,13428.198728566973,13848.06483071358,13925.57247271683,14082.94330688017,14282.476273339988,14484.09697472556,14611.575047331795,14697.541533030233,15119.20133142336,15301.67364473864,521.5042985682604,-268,14513.087307430187,True,2025-02-28_fscoffee
hurricane,historical_model_estimate,2025-02-28,2024-06-05,9967.635323565546,10244.668360575635,10763.692978705305,10901.639945934585,11094.978232685226,11351.831784962355,11567.739576959633,11742.701314840444,11854.421818909052,12304.97479125108,12478.601749517113,646.1259469270212,-268,11226.84971667295,True,2025-02-28_hurricane
springdale,historical_model_estimate,2025-02-28,2024-06-05,11032.61747907331,11159.127821769443,11620.788647871826,11725.452652238686,11911.959145315559,12101.977395229824,12321.254868127631,12456.6401224758,12542.699426473415,12979.43363730515,13130.684070181618,547.5795058237993,-268,12451.000865684073,True,2025-02-28_springdale
all,historical_model_estimate,2025-02-28,2024-06-06,44163.87720052368,44756.810949312865,45693.44954840128,45862.69175457985,46193.5150536189,46666.854337311954,47074.40304934756,47401.583677927054,47585.42422865389,48522.50329221943,48917.40717064702,1162.128425471621,-267,46789.67649528888,True,aggregate_independent_posterior_pairing
downtown,historical_model_estimate,2025-02-28,2024-06-06,8333.479990995935,8548.665257368582,9009.274477333056,9117.976642305097,9307.34027963968,9582.344844530015,9815.589183702865,10018.1887586603,10111.972714669342,10635.89593714726,10826.081849593898,646.3592895743428,-267,9973.041090392766,True,2025-02-28_downtown
fscoffee,historical_model_estimate,2025-02-28,2024-06-06,12347.373327198815,12508.050821247032,12907.992129688988,13009.676170176792,13180.73079164518,13383.146229838894,13567.13335763963,13702.492213318801,13774.306735944296,14260.13658996475,14384.732713197125,525.8731565133681,-267,13545.657636911896,True,2025-02-28_fscoffee
hurricane,historical_model_estimate,2025-02-28,2024-06-06,10022.231611803847,10235.341222689025,10727.917671161817,10874.689008966117,11087.716583825317,11346.205814375382,11608.896719166194,11821.657470251828,11936.147973112484,12583.337376921943,12784.897159188858,708.6632343316702,-267,10851.348556520896,True,2025-02-28_hurricane
springdale,historical_model_estimate,2025-02-28,2024-06-06,11258.275167826823,11471.944512471455,11892.642610998124,11989.867290115082,12139.022521319637,12351.349339403601,12539.909846920029,12685.616541158299,12769.089556029276,13255.22005478528,13379.149472334522,534.545163621832,-267,12419.629211463322,True,2025-02-28_springdale
all,historical_model_estimate,2025-02-28,2024-06-07,44703.92337111061,44977.9361580971,45846.744841615466,46035.605345891665,46397.64871061,46826.660402916525,47318.707321062066,47687.08921668681,47919.565987492184,48859.433882448575,49234.34496440471,1189.866114409917,-266,47127.54237905797,True,aggregate_independent_posterior_pairing
downtown,historical_model_estimate,2025-02-28,2024-06-07,8758.651683167343,8966.657302394635,9436.574801512346,9529.642344963098,9751.89873927857,9984.921486344701,10263.610202454314,10402.783369670557,10518.428371131196,11057.066579923772,11252.97671499513,637.7587892964252,-266,9747.635742781857,True,2025-02-28_downtown
fscoffee,historical_model_estimate,2025-02-28,2024-06-07,11648.890777345225,11840.771742784096,12234.874789811394,12293.345497244427,12463.09569226,12668.274582115828,12866.451286418074,13042.966012400513,13174.506500974838,13599.676420654923,13702.549206092337,531.137031744648,-266,12877.67013937908,True,2025-02-28_fscoffee
hurricane,historical_model_estimate,2025-02-28,2024-06-07,10612.022990821617,10834.044446423459,11295.907151931413,11409.105696733182,11585.079090236362,11813.90144169805,12147.203940579973,12350.692282473052,12474.836712526896,12990.69966173683,13218.023384407254,669.5881688581316,-266,12354.21943560934,True,2025-02-28_hurricane
springdale,historical_model_estimate,2025-02-28,2024-06-07,11290.233719351463,11461.95684770744,11852.520899831507,11953.373644553512,12114.204995973245,12340.147148716918,12557.229371282054,12692.644478593254,12789.203714191885,13271.444237291877,13483.89051476383,549.8301238113953,-266,12148.0170612877,True,2025-02-28_springdale
all,historical_model_estimate,2025-02-28,2024-06-08,43601.06408966359,43856.95395955219,44784.363541244325,44966.368220704855,45301.904096959086,45760.46371852668,46181.473897171534,46463.28929474391,46660.27807939024,47452.981472999396,47806.05664905044,1115.5170774537344,-265,45259.140588661925,True,aggregate_independent_posterior_pairing
downtown,historical_model_estimate,2025-02-28,2024-06-08,8298.9834622981,8594.26586352777,9117.67425314901,9249.65832710647,9406.847127226962,9615.23350526876,9847.146409897152,10059.357196065506,10145.584155737226,10638.664713860871,10863.816370742008,619.0968294245084,-265,9163.953836608953,True,2025-02-28_downtown
fscoffee,historical_model_estimate,2025-02-28,2024-06-08,11569.860332525057,11666.490345383225,12076.502069972623,12173.299776350574,12319.070528058266,12503.420117633954,12689.552882197715,12835.97205460514,12939.325307098785,13357.337168592,13488.40524128886,502.11439961985974,-265,12571.7440529196,True,2025-02-28_fscoffee
hurricane,historical_model_estimate,2025-02-28,2024-06-08,11003.962646278793,11177.438303151435,11646.647656586863,11753.630404657115,11952.881631062242,12145.649346485452,12373.947084851678,12577.464277321735,12670.993772980255,13117.731836719591,13314.800369808088,588.6381194651907,-265,11664.891830646047,True,2025-02-28_hurricane
springdale,historical_model_estimate,2025-02-28,2024-06-08,10323.250924387703,10512.335254775182,10970.485678998544,11065.624939107958,11239.588411648907,11425.821674378712,11635.43210366507,11794.820294075847,11892.33633558011,12334.902379465171,12482.170419009453,543.1630872227942,-265,11858.550868487328,True,2025-02-28_springdale
all,historical_model_estimate,2025-02-28,2024-06-09,42319.04041882639,42735.64805600663,43448.19548808441,43645.943413823225,44022.957932958605,44460.248671908426,44891.040411017006,45229.6348671579,45438.678235956446,46428.8637223768,46783.95102496124,1153.544056085647,-264,42906.99407368899,True,aggregate_independent_posterior_pairing
downtown,historical_model_estimate,2025-02-28,2024-06-09,7353.880515886532,7535.125061981657,8101.957076855178,8202.51415618751,8390.425565158914,8637.340339578668,8899.328980490802,9105.685285099402,9212.642213314783,9691.951162904566,9822.521969269472,654.2153753493038,-264,8015.544710140861,True,2025-02-28_downtown
fscoffee,historical_model_estimate,2025-02-28,2024-06-09,12012.195392714317,12191.624008355528,12651.342441507471,12742.519670269332,12904.31920646325,13081.96009932498,13293.705768460088,13427.286563779357,13527.392315910802,13963.419820967769,14111.78926852147,536.0921054999876,-264,13349.39061639036,True,2025-02-28_fscoffee
hurricane,historical_model_estimate,2025-02-28,2024-06-09,11242.635636596939,11403.493658388981,11890.274624084695,11970.357274621016,12133.002140106384,12338.9930135182,12574.419078779218,12744.322474544502,12855.73673162152,13255.527627818992,13471.151940945141,576.8053017918534,-264,11681.10527614542,True,2025-02-28_hurricane
springdale,historical_model_estimate,2025-02-28,2024-06-09,9279.789434729097,9479.508735534173,9926.654901187056,10018.355266254366,10199.43184002605,10407.432406212673,10619.124403176822,10772.848837569487,10843.264326218834,11282.067108408688,11495.643645463857,557.4122348732119,-264,9860.953471012348,True,2025-02-28_springdale
all,historical_model_estimate,2025-02-28,2024-06-10,41008.82716750518,41315.96992332089,42196.631143827544,42404.16525667699,42696.65291205919,43146.68560147544,43557.58569361875,43914.23955967551,44099.96554521407,44969.910952909784,45304.79901962043,1128.6502397907313,-263,43860.53528615148,True,aggregate_independent_posterior_pairing
downtown,historical_model_estimate,2025-02-28,2024-06-10,6612.577059714942,6724.881184217359,7325.61381040637,7443.658016815579,7656.160051728197,7870.144257260978,8088.722867576414,8304.657951088184,8406.928508287518,8905.543098302649,9089.685625354334,645.8419617282888,-263,7699.719572582899,True,2025-02-28_downtown
fscoffee,historical_model_estimate,2025-02-28,2024-06-10,13118.541110949061,13268.164694331002,13668.63573031291,13761.946489600436,13896.511757105589,14086.160157322482,14272.538292608971,14419.24926022851,14511.404901703865,14887.707323868122,15059.916836222463,497.16941309223466,-263,14308.080706131854,True,2025-02-28_fscoffee
hurricane,historical_model_estimate,2025-02-28,2024-06-10,10189.386862380165,10387.69865151748,10823.195811720492,10905.563216265102,11063.042949854736,11261.407147836984,11512.5959625545,11685.067142228374,11788.520028040693,12254.704106196705,12476.174322793788,586.7086424799359,-263,11072.939373590676,True,2025-02-28_hurricane
springdale,historical_model_estimate,2025-02-28,2024-06-10,8868.764448505552,8998.052029903167,9433.642744323848,9511.437290314636,9653.798632631095,9875.34131985564,10110.742753853603,10255.1793747339,10356.427819976527,10850.756405903581,10988.852662026113,558.4112950348185,-263,10779.795633846048,True,2025-02-28_springdale
all,historical_model_estimate,2025-02-28,2024-06-11,42135.51386745153,42519.38092784871,43443.16713880923,43634.92135404801,44050.19240848539,44501.79387872711,44966.97574713663,45332.26012135708,45547.29090236335,46376.8808765744,46797.430565603645,1201.4543430637482,-262,45262.707461045546,True,aggregate_independent_posterior_pairing
downtown,historical_model_estimate,2025-02-28,2024-06-11,6341.801983906706,6580.377005311032,7110.015880357446,7212.233309402144,7398.093532341081,7613.553097264079,7875.045506806122,8067.80852482617,8178.796381291062,8739.121657965396,8852.314988018332,661.0620858991648,-262,7794.962705996408,True,2025-02-28_downtown
fscoffee,historical_model_estimate,2025-02-28,2024-06-11,13531.398198288269,13716.896604274505,14111.653653980866,14221.212948902214,14353.33735671818,14590.248673621722,14813.030933296339,14974.913803516132,15057.579082438871,15483.1490535655,15634.208684305968,550.8308673865253,-262,15435.71092376194,True,2025-02-28_fscoffee
hurricane,historical_model_estimate,2025-02-28,2024-06-11,9975.00951284709,10174.692296926833,10827.367289273474,10978.113847864575,11179.344818752528,11444.585468139801,11655.001318465089,11850.24740687966,11937.886077474463,12443.624484862374,12619.748037047593,669.8344925062478,-262,11138.919593526149,True,2025-02-28_hurricane
springdale,historical_model_estimate,2025-02-28,2024-06-11,9799.090945480968,9995.70795477491,10414.262690697808,10511.049017802821,10679.817335989927,10871.06773294786,11078.06745219148,11260.461352254848,11358.424796320305,11723.051493350158,11951.372271638747,543.9105666359266,-262,10893.11423776105,True,2025-02-28_springdale
all,historical_model_estimate,2025-02-28,2024-06-12,44350.58491345965,44800.05294744208,45713.568844978654,45870.17581264054,46205.45968921844,46618.462123661004,47038.94896383141,47423.752130715126,47658.220282813156,48581.67316649288,48960.575445656126,1141.0292176404446,-261,45990.31101295019,True,aggregate_independent_posterior_pairing
downtown,historical_model_estimate,2025-02-28,2024-06-12,7394.911853125988,7651.47861188566,8151.861112735626,8230.321851798399,8386.552725507612,8659.027093374789,8868.924173010404,9091.8358761342,9203.597808359806,9726.639216135172,9863.941385243961,638.7547171119946,-261,8041.558442116921,True,2025-02-28_downtown
fscoffee,historical_model_estimate,2025-02-28,2024-06-12,13551.020447326566,13722.516550755789,14105.114267323283,14169.407888434593,14337.950848042352,14555.489410975872,14782.385619999339,14928.566251529808,15045.285251697904,15418.790773850638,15594.434835978893,527.808937135547,-261,14812.62870899264,True,2025-02-28_fscoffee
hurricane,historical_model_estimate,2025-02-28,2024-06-12,10254.867642506948,10509.245275922045,10926.78284961742,11003.692264494348,11156.823118146884,11377.813861011064,11628.871254490234,11763.421224470045,11846.74894489751,12296.032171134691,12458.4535345219,552.4951937838545,-261,11450.13287584549,True,2025-02-28_hurricane
springdale,historical_model_estimate,2025-02-28,2024-06-12,10934.742291676872,11154.200511720517,11573.189475869704,11675.162028593366,11836.926274453735,12058.714653221095,12251.756738224467,12380.860291750128,12459.951935405126,12899.158166435409,13073.33476351647,536.7126691218388,-261,11685.990985995137,True,2025-02-28_springdale
all,historical_model_estimate,2025-02-28,2024-06-13,45050.78137305767,45299.1784212518,46158.83813477169,46325.032079579796,46659.39277956333,47125.12880460969,47553.57984740778,47920.01505127006,48120.22935206678,48887.111513220254,49253.509050689434,1123.43125852544,-260,49239.636778209526,True,aggregate_independent_posterior_pairing
downtown,historical_model_estimate,2025-02-28,2024-06-13,8169.912881643639,8355.204147638262,8829.239071677755,8943.279625884239,9146.317273916673,9365.655991616472,9616.484301772043,9801.82939054677,9919.748193200445,10407.908402681163,10699.793520475878,636.5448333681095,-260,10072.377505779388,True,2025-02-28_downtown
fscoffee,historical_model_estimate,2025-02-28,2024-06-13,12646.94353793653,12769.75288850622,13251.383916443272,13349.271195110756,13483.74043961315,13662.064006389955,13871.613780330244,14043.227485276588,14129.209209041925,14542.84843291735,14781.102133786699,538.0554168255276,-260,13639.251899893874,True,2025-02-28_fscoffee
hurricane,historical_model_estimate,2025-02-28,2024-06-13,10826.635540497875,10934.510685070645,11372.662384000798,11459.165453519461,11622.479651826836,11858.573708044885,12046.518977724158,12209.114621927469,12291.532176714532,12739.176501682838,12872.510144143462,544.8954404671763,-260,12183.02018060545,True,2025-02-28_hurricane
springdale,historical_model_estimate,2025-02-28,2024-06-13,11200.978735288772,11348.613453703938,11775.009946028596,11859.2184166737,12016.782207651642,12222.49209374648,12431.932355338167,12587.09808676356,12707.109056402294,13108.970957529344,13228.653731017092,529.4388733002452,-260,13344.987191930815,True,2025-02-28_springdale
all,historical_model_estimate,2025-02-28,2024-06-14,45395.16777908893,45766.039364265045,46771.49394930912,46935.53841912676,47260.39331616729,47657.619408220955,48132.58898115526,48484.77323390546,48703.57170355894,49507.28949171812,49835.67147911449,1128.3710387545402,-259,47987.73045996105,True,aggregate_independent_posterior_pairing
downtown,historical_model_estimate,2025-02-28,2024-06-14,8604.652339551698,8790.40153833365,9239.167635122942,9334.133429448404,9529.976169267584,9811.989207951128,10081.371104298338,10248.886495733419,10346.07208223908,10777.536022751372,10980.382999506588,631.565668358542,-259,9543.1971042194,True,2025-02-28_downtown
fscoffee,historical_model_estimate,2025-02-28,2024-06-14,11893.901251620355,12080.70853090844,12533.172598805832,12595.262834908901,12756.853679605956,12987.19190852247,13190.700062452115,13356.175170185952,13443.024877264004,13869.19208090932,14017.399612610061,543.6037538526248,-259,12834.147357687732,True,2025-02-28_fscoffee
hurricane,historical_model_estimate,2025-02-28,2024-06-14,11485.617508952515,11620.98783782077,12035.52978360907,12137.129804341263,12280.777518285011,12510.150126206829,12704.394820004107,12909.987123902414,12999.499726182352,13489.705434697249,13646.747435446041,567.7613151496437,-259,12667.778203949922,True,2025-02-28_hurricane
springdale,historical_model_estimate,2025-02-28,2024-06-14,11310.070419084646,11454.651827158383,11929.14161744396,12018.570038781294,12184.283671087509,12370.912607393162,12588.103525187536,12733.963913945632,12807.116133232686,13301.178469778031,13516.46798850204,559.5348271222724,-259,12942.607794104,True,2025-02-28_springdale
all,historical_model_estimate,2025-02-28,2024-06-15,44340.79501818474,44697.530437688,45682.14807938959,45891.50061571025,46180.39538582531,46619.64558276674,47071.17051086603,47468.25352475369,47631.910711381104,48429.535503541374,48754.14496907589,1147.4631623963405,-258,48368.81014954514,True,aggregate_independent_posterior_pairing
downtown,historical_model_estimate,2025-02-28,2024-06-15,8196.438041352236,8392.27034836885,8838.741713250838,8939.723830183455,9156.064582508783,9397.186447507976,9665.224854991087,9831.591105088526,9908.463892141946,10456.716803617908,10588.326009242299,632.600149445058,-258,10050.840586269658,True,2025-02-28_downtown
fscoffee,historical_model_estimate,2025-02-28,2024-06-15,11628.680593192854,11839.724281581319,12299.435009638171,12383.22251953404,12547.924239808459,12744.853208463926,12943.996779266023,13085.602268919754,13165.001011841041,13550.528465927084,13725.707034052944,523.7062130018605,-258,12937.92918472912,True,2025-02-28_fscoffee
hurricane,historical_model_estimate,2025-02-28,2024-06-15,11942.559010061188,12063.509962923428,12517.833341612688,12593.10781648624,12757.506577461456,12977.686567761506,13207.495280081073,13365.620676108092,13448.783574805917,13874.337896823301,14024.762802252115,541.4623537710202,-258,13171.711701879336,True,2025-02-28_hurricane
springdale,historical_model_estimate,2025-02-28,2024-06-15,10410.245452594729,10611.832998536005,11079.757024077933,11153.574570837081,11306.285438225088,11513.531922453167,11718.134301131355,11874.82167968616,11972.442307259056,12458.756557634206,12659.887602932224,560.398713342971,-258,12208.328676667024,True,2025-02-28_springdale
all,historical_model_estimate,2025-02-28,2024-06-16,43288.1534397374,43634.18447547854,44536.64541766117,44709.22772116968,45017.738909578344,45460.747598372574,45884.035875924106,46173.09340935477,46321.108507484576,47319.57094770741,47657.110853722465,1119.2343798212735,-257,45749.300231510206,True,aggregate_independent_posterior_pairing
downtown,historical_model_estimate,2025-02-28,2024-06-16,7238.507110224643,7406.263685987899,7901.754838526696,8038.621654618959,8223.522861772246,8474.858977224147,8693.178497640878,8850.46477984553,8952.124693174443,9434.802311814918,9706.014881720908,629.5864618984734,-257,9081.456369840458,True,2025-02-28_downtown
fscoffee,historical_model_estimate,2025-02-28,2024-06-16,12408.505870712857,12510.562814770337,12962.043770768247,13046.234891385022,13161.193205425383,13365.1026268387,13587.399425227068,13752.727367286723,13815.672744466965,14181.55361913628,14346.617102098888,514.0907454895016,-257,13369.539910622614,True,2025-02-28_fscoffee
hurricane,historical_model_estimate,2025-02-28,2024-06-16,12202.937891538435,12346.400303675824,12760.607106019193,12840.75257349223,12995.830023878903,13208.43881704762,13404.12603236977,13539.962588975255,13618.22813396202,14027.44803780685,14146.304372212851,517.6942809286784,-257,12753.510400327586,True,2025-02-28_hurricane
springdale,historical_model_estimate,2025-02-28,2024-06-16,9358.91406567114,9509.68067694557,9986.707218268919,10094.253633072494,10236.30308880595,10435.799773444207,10627.590400714504,10791.049866919699,10877.577050648024,11312.937854179885,11474.987552383478,540.3777059275674,-257,10544.79355071955,True,2025-02-28_springdale
all,historical_model_estimate,2025-02-28,2024-06-17,42180.67877032428,42618.17908915888,43581.23074027363,43739.22753526314,44073.3095987974,44463.67913355489,44927.150314862105,45218.43886933365,45448.60556941987,46324.75752974587,46605.410553009984,1123.4360075844033,-256,,False,aggregate_independent_posterior_pairing
downtown,historical_model_estimate,2025-02-28,2024-06-17,6524.520761100791,6711.71146184745,7315.460979321807,7416.74558466099,7612.011521801034,7853.735208752598,8144.2039899036945,8347.845203897628,8482.096082862534,8986.093145578456,9135.96539016234,683.0001121523281,-256,,False,2025-02-28_downtown
fscoffee,historical_model_estimate,2025-02-28,2024-06-17,13355.28652686577,13499.60115130227,13898.508435289876,13996.626910578238,14131.539866207198,14316.693972140427,14483.808267888806,14639.034035687948,14726.63910454842,15083.797162144941,15214.415117074823,485.1883763618262,-256,14360.415424488998,True,2025-02-28_fscoffee
hurricane,historical_model_estimate,2025-02-28,2024-06-17,11099.869160799248,11291.811896143226,11696.259420113756,11782.602508992066,11973.285227141583,12168.989378100681,12391.94504952911,12553.213075846445,12631.726750961214,13082.539356002386,13233.544983650529,544.6380146184766,-256,12173.422457391443,True,2025-02-28_hurricane
springdale,historical_model_estimate,2025-02-28,2024-06-17,9081.903018451898,9266.956872308287,9698.2817390331,9784.692392962746,9933.237366118134,10136.815963774112,10350.448218272177,10506.72085445823,10598.198255529405,11010.959512542517,11168.322626670546,535.6444744522812,-256,10928.959381960258,True,2025-02-28_springdale
all,historical_model_estimate,2025-02-28,2024-06-18,42966.43619137254,43251.50799347421,44122.2352064456,44357.30587757885,44673.54045344116,45099.0498490893,45553.62497472935,45840.681308732295,46006.55172353422,46968.81125863591,47279.344227443755,1124.9381442424676,-255,46315.080215340226,True,aggregate_independent_posterior_pairing
downtown,historical_model_estimate,2025-02-28,2024-06-18,6363.756366885062,6645.903364838841,7102.190906367809,7237.880791850799,7401.289200556202,7664.917699139806,7908.720308567395,8134.7112959662,8249.85336128578,8736.028918122587,8886.333236221348,650.3649329220642,-255,8204.502694593608,True,2025-02-28_downtown
fscoffee,historical_model_estimate,2025-02-28,2024-06-18,13848.707913182365,14011.442778488698,14449.368647804182,14529.006565995405,14651.476797980495,14859.672666718638,15057.101798066087,15216.903231101895,15301.027035863508,15690.27529299627,15826.276031993171,514.3918840893106,-255,15081.785140449058,True,2025-02-28_fscoffee
hurricane,historical_model_estimate,2025-02-28,2024-06-18,10515.820754033486,10646.963850308162,11081.769177448665,11170.582213790229,11316.577207427945,11531.01972243073,11731.77027859155,11902.607688293912,12010.549185285585,12470.56413571251,12635.044691465602,546.8056476666792,-255,11461.731030356712,True,2025-02-28_hurricane
springdale,historical_model_estimate,2025-02-28,2024-06-18,9864.67368456055,10088.182477131002,10544.285043254997,10641.386310548682,10810.32133621632,11006.343369624112,11233.59801679504,11413.022730337572,11511.469128096478,11892.761807025721,12049.182664500428,558.3985742656492,-255,11567.06134994085,True,2025-02-28_springdale
all,historical_model_estimate,2025-02-28,2024-06-19,44908.00625352432,45260.898606777926,46197.90248380335,46411.78894399054,46710.38873037772,47157.38966717292,47592.58536766492,47888.202535265096,48075.46767019206,48958.587413457644,49254.37677772119,1128.6151829722398,-254,46851.280178218556,True,aggregate_independent_posterior_pairing
downtown,historical_model_estimate,2025-02-28,2024-06-19,7381.708848615019,7587.036652269484,8170.841473203909,8306.01411417676,8497.253764512529,8725.036776730929,8986.302976528661,9176.578826870134,9254.551959949844,9779.00971268342,10063.034295212168,666.9365146656288,-254,8617.361027960884,True,2025-02-28_downtown
fscoffee,historical_model_estimate,2025-02-28,2024-06-19,13717.33890658459,13905.514009871076,14275.244626570635,14382.199623736065,14517.104359612798,14723.790405965285,14924.054255008261,15078.481281551463,15170.27608397405,15542.456827083652,15708.604405966453,505.31795143736315,-254,14878.52240105454,True,2025-02-28_fscoffee
hurricane,historical_model_estimate,2025-02-28,2024-06-19,10356.071273324222,10488.056783246298,10954.567235209006,11051.853362918953,11198.872735814526,11407.110440633194,11574.337876164369,11746.253292477393,11824.681712900423,12277.120830970476,12545.985971105705,542.6256227338829,-254,11123.27039658618,True,2025-02-28_hurricane
springdale,historical_model_estimate,2025-02-28,2024-06-19,11258.162795145918,11456.242157562963,11784.656326136994,11893.261336489271,12045.578985465816,12267.021913923796,12509.590278238835,12666.219125405065,12761.829033381162,13218.076305054394,13410.939582246685,564.6831730103737,-254,12232.126352616948,True,2025-02-28_springdale
all,historical_model_estimate,2025-02-28,2024-06-20,45705.1720160904,46110.77795659563,46937.266819347016,47050.15159559421,47377.03579429836,47789.00136195155,48249.06898363645,48574.56183488361,48722.99049725967,49752.99303468412,50076.75107720744,1100.0342050369673,-253,47938.91529403935,True,aggregate_independent_posterior_pairing
downtown,historical_model_estimate,2025-02-28,2024-06-20,8277.384192257137,8443.078753256379,8997.990932573715,9110.375357945006,9295.377364417689,9511.43590617838,9730.742551101595,9923.277541479121,10035.504300457385,10574.882816167932,10798.250546871075,642.7336277410031,-253,9555.429968575216,True,2025-02-28_downtown
fscoffee,historical_model_estimate,2025-02-28,2024-06-20,12900.587423709663,12989.924148508788,13403.470353269702,13494.842448097426,13691.046019316935,13872.99483159585,14078.99162757634,14203.771853730988,14287.021062799415,14731.123575182351,14873.2805698395,528.5503226254225,-253,14241.076442744892,True,2025-02-28_fscoffee
hurricane,historical_model_estimate,2025-02-28,2024-06-20,10836.677931663684,11014.994620198528,11402.62141110556,11490.901755133797,11672.195400580102,11893.230991880539,12075.839861069368,12225.708668794934,12324.72804623297,12777.611097526535,12962.422515306838,541.5632342286668,-253,11079.00661453562,True,2025-02-28_hurricane
springdale,historical_model_estimate,2025-02-28,2024-06-20,11555.195562278413,11686.317691689983,12141.058367812479,12216.899407373206,12370.035806957427,12575.903746595177,12785.83737939045,12940.103211628793,13037.368293535426,13457.812871701672,13600.637301974783,531.5231171040904,-253,13063.40226818362,True,2025-02-28_springdale
all,historical_model_estimate,2025-02-28,2024-06-21,45957.8661114436,46254.36434829391,47086.3115518076,47299.885559925875,47681.80997385995,48065.45800299449,48482.23343062921,48794.68804708786,48999.44352452637,49968.1231404872,50400.74431360702,1130.113029443307,-252,47530.195516676526,True,aggregate_independent_posterior_pairing
downtown,historical_model_estimate,2025-02-28,2024-06-21,8576.958169259718,8800.816623384875,9297.886545411617,9393.14036547848,9606.737726053907,9825.757686124849,10066.425378433003,10265.92345873679,10403.684335562626,10884.0570656273,11111.932670315813,640.6217061026142,-252,10122.677410959015,True,2025-02-28_downtown
fscoffee,historical_model_estimate,2025-02-28,2024-06-21,12163.21754230873,12391.46303984077,12733.409068354198,12810.75498244562,12958.967304883317,13152.31300339475,13376.404116273496,13531.865021907828,13624.72470533904,14047.011154681804,14180.140796759195,515.5682126340882,-252,13374.883964842324,True,2025-02-28_fscoffee
hurricane,historical_model_estimate,2025-02-28,2024-06-21,11383.686081880001,11553.00914697409,11982.192682662713,12090.466648660311,12248.806327418193,12459.86912781958,12675.85817990808,12840.092343855376,12953.787300073354,13368.277431603512,13470.490719683934,565.8855341189096,-252,12195.471280204669,True,2025-02-28_hurricane
springdale,historical_model_estimate,2025-02-28,2024-06-21,11538.23803449855,11713.370719247856,12130.491896164074,12218.887628338722,12378.566217214788,12594.096520563911,12795.97999793353,12966.73745429808,13037.858616590182,13494.064070530378,13676.335953831025,539.0683836595882,-252,11837.162860670522,True,2025-02-28_springdale
all,historical_model_estimate,2025-02-28,2024-06-22,44718.94043058828,45156.8540744584,46129.92978669439,46280.19450084574,46609.06958749979,47052.10122329893,47468.9070129701,47804.21392550996,48012.752065907116,49055.23290706814,49347.721712925006,1154.011361908853,-251,45847.22465043676,True,aggregate_independent_posterior_pairing
downtown,historical_model_estimate,2025-02-28,2024-06-22,8251.862410701411,8497.597905183666,8980.117439123434,9094.011047122804,9290.040955038517,9579.884678619394,9807.513618137822,10024.7528482809,10133.821853769901,10635.873886681602,10867.216365212598,665.8780172758549,-251,9006.950957380239,True,2025-02-28_downtown
fscoffee,historical_model_estimate,2025-02-28,2024-06-22,12056.068056232887,12167.270796283607,12525.277861780618,12593.851810785549,12747.033514793799,12956.903768419337,13169.889626022896,13337.511671327007,13438.585104998949,13825.807007366831,13986.864085202169,520.2061446431568,-251,11696.809194557636,True,2025-02-28_fscoffee
hurricane,historical_model_estimate,2025-02-28,2024-06-22,11733.608518032295,11937.664762710196,12403.151203811944,12473.553717320241,12640.654904298362,12829.736112558337,13044.976505361594,13197.780259386676,13300.965301131375,13747.79768240337,14023.082426502506,559.897186539717,-251,13365.530372738976,True,2025-02-28_hurricane
springdale,historical_model_estimate,2025-02-28,2024-06-22,10616.687919973303,10814.357343628364,11250.304484066237,11323.953337628036,11477.41428789376,11687.645892701414,11887.108247176591,12021.313886718706,12128.613331716886,12554.97066328369,12768.39993088788,537.8030826620263,-251,11777.934125759906,True,2025-02-28_springdale
all,historical_model_estimate,2025-02-28,2024-06-23,43589.5660409792,43913.713060769725,44776.83682479508,44958.61226451263,45263.238553802876,45639.93345136951,46087.20646929061,46429.13003398532,46601.87127702505,47415.365886560074,47730.32671344776,1063.577055879218,-250,46805.92370905899,True,aggregate_independent_posterior_pairing
downtown,historical_model_estimate,2025-02-28,2024-06-23,7393.3037687813585,7569.534344422951,8017.835494900232,8131.096307520163,8316.819762445613,8568.011293419591,8798.289986106338,8977.160558831805,9090.705189236502,9620.761781872283,9821.92225754879,631.0250654683252,-250,8823.985839876763,True,2025-02-28_downtown
fscoffee,historical_model_estimate,2025-02-28,2024-06-23,12445.717654664824,12626.04432401009,13048.359201348567,13130.657946893436,13280.423402571094,13483.600666908005,13701.350283275458,13828.56723109349,13935.279097563634,14357.526987930429,14520.72737861609,527.4383376102161,-250,13740.566018375972,True,2025-02-28_fscoffee
hurricane,historical_model_estimate,2025-02-28,2024-06-23,12054.556616182532,12242.932004652763,12635.021206038375,12731.52064214119,12877.882874887848,13057.149153626795,13261.367932977008,13409.10193935905,13502.607509956479,13975.355540277686,14176.495883608488,522.8484844943614,-250,13620.926411531636,True,2025-02-28_hurricane
springdale,historical_model_estimate,2025-02-28,2024-06-23,9396.39229352212,9591.573447282304,10069.85371683093,10148.4824013712,10307.495156462013,10535.532843453751,10747.71292545789,10929.022415900185,11026.72243910365,11475.146024149222,11627.905426860985,564.8556108536799,-250,10620.44543927461,True,2025-02-28_springdale
all,historical_model_estimate,2025-02-28,2024-06-24,42552.97673221374,42899.83660455342,43753.15812339494,43965.849843267584,44338.05266167581,44792.158378724365,45199.90524347533,45593.81929972837,45764.096605065184,46572.06350073109,46973.647687439574,1168.980120043676,-249,44915.14210085612,True,aggregate_independent_posterior_pairing
downtown,historical_model_estimate,2025-02-28,2024-06-24,6557.802422815805,6805.037642954427,7331.511931477102,7438.82728087505,7612.556823566958,7907.787602553697,8170.530116128525,8314.71700202526,8409.622902291778,8913.956259324525,9048.109444611622,651.0577593107729,-249,9035.691999534884,True,2025-02-28_downtown
fscoffee,historical_model_estimate,2025-02-28,2024-06-24,13461.64079045791,13605.573937239564,14010.052124861362,14104.864655920564,14238.122912343826,14467.255087704521,14683.377399069153,14813.528785632618,14890.70196382417,15328.883442203436,15598.966621303616,530.2762032362849,-249,14474.208675622058,True,2025-02-28_fscoffee
hurricane,historical_model_estimate,2025-02-28,2024-06-24,11092.57189691753,11243.644571984903,11686.697527584547,11798.468069637254,11932.578518659662,12159.658430601008,12340.341873930734,12520.793024151004,12626.336405156508,13062.70854231525,13272.991666876118,559.6918536388323,-249,11890.883054516082,True,2025-02-28_hurricane
springdale,historical_model_estimate,2025-02-28,2024-06-24,9230.626826403828,9386.204504956395,9775.919173492966,9861.30357938836,10064.70358860974,10287.958704891837,10485.10003680069,10641.615007269333,10723.193438746242,11135.1592820205,11403.74754829595,553.8978055010175,-249,9514.358371183102,True,2025-02-28_springdale
all,historical_model_estimate,2025-02-28,2024-06-25,43054.996187623736,43514.15621562955,44460.81601599462,44578.22463208219,44856.26300431812,45249.78233293489,45713.45074478746,46042.45958702799,46221.661026769456,47130.62282241732,47398.44561431149,1094.9393823140579,-248,45306.61191228394,True,aggregate_independent_posterior_pairing
downtown,historical_model_estimate,2025-02-28,2024-06-25,6565.266898954331,6792.290328459974,7256.846036281711,7391.07213880667,7549.229545783063,7796.454926633483,8042.537703494259,8220.779606622904,8324.891048740385,8816.793777356143,8994.206379902123,625.0557430771528,-248,7951.346545792241,True,2025-02-28_downtown
fscoffee,historical_model_estimate,2025-02-28,2024-06-25,13901.346563211282,14108.784780835158,14538.051430793545,14639.018984330216,14796.14419485011,15011.251013427787,15218.536071816918,15350.099461880887,15436.00192002784,15840.163943124575,16017.40768162497,533.9695863796991,-248,14297.09792058748,True,2025-02-28_fscoffee
hurricane,historical_model_estimate,2025-02-28,2024-06-25,10367.567166496974,10520.057765658588,11024.71272317926,11125.27305306398,11279.210060242356,11503.505808246671,11724.495102750336,11901.332771370953,11990.695416231374,12360.618821398715,12522.099967805892,564.8073388824354,-248,11966.418067293776,True,2025-02-28_hurricane
springdale,historical_model_estimate,2025-02-28,2024-06-25,9895.092140029274,10084.63592747424,10568.008481278473,10658.359386247606,10799.417410674456,10996.489777990953,11195.300115755143,11368.540374500153,11464.555406058342,11974.17114064836,12192.398032613997,553.8153451197634,-248,11091.74937861044,True,2025-02-28_springdale
all,historical_model_estimate,2025-02-28,2024-06-26,44757.2524206517,45218.78021712917,46131.30051232824,46364.596050252505,46668.6352999347,47097.55866326972,47584.23056941011,47990.29761178594,48146.879058817576,48876.888203765906,49258.335495868545,1154.8578379194598,-247,47157.28285559593,True,aggregate_independent_posterior_pairing
downtown,historical_model_estimate,2025-02-28,2024-06-26,7626.385338804315,7790.207800600469,8276.47286222766,8399.626108128256,8541.759905924357,8809.274002751496,9054.095227123325,9223.642965774776,9334.004914304674,9850.22456934455,10041.806625726733,622.3576001377731,-247,8794.845503196497,True,2025-02-28_downtown
fscoffee,historical_model_estimate,2025-02-28,2024-06-26,13737.38963613816,13884.311929273299,14310.535236937165,14399.637510383878,14564.16031361882,14748.1299653678,14964.33586430042,15094.683539735881,15175.701178987361,15557.196951910244,15677.248723214065,508.7334603787385,-247,14641.417001567352,True,2025-02-28_fscoffee
hurricane,historical_model_estimate,2025-02-28,2024-06-26,10353.10207195794,10509.914462049923,10957.276261141948,11061.056778384662,11225.22690240036,11398.653831743231,11627.123473811316,11756.216657950825,11843.967857752574,12283.505364936667,12475.1945788533,541.7198203673795,-247,11108.012983978248,True,2025-02-28_hurricane
springdale,historical_model_estimate,2025-02-28,2024-06-26,11044.310882676049,11233.541756229934,11687.264618872088,11769.890892140258,11933.771838867086,12165.7195938226,12365.432829979822,12543.3357935184,12647.515774771433,13083.829352697505,13194.996743635595,561.1823336329026,-247,12613.007366853832,True,2025-02-28_springdale
all,historical_model_estimate,2025-02-28,2024-06-27,45541.05341920651,45894.5122833861,46843.52407171344,47072.71686090113,47416.466626536094,47839.4826059238,48214.17187516848,48537.435407503515,48778.689327357955,49574.3447339381,49833.5920319036,1120.586652892458,-246,48402.99659175452,True,aggregate_independent_posterior_pairing
downtown,historical_model_estimate,2025-02-28,2024-06-27,8401.900331251618,8575.376287873389,9098.214610892823,9216.04596941816,9378.205809736757,9609.469443107533,9882.45079088798,10066.893523763923,10161.683078059908,10668.110314175374,10855.116772943225,633.6809487058289,-246,9544.99777197691,True,2025-02-28_downtown
fscoffee,historical_model_estimate,2025-02-28,2024-06-27,12833.986268144732,12964.86312120594,13381.108810957703,13468.922947732903,13616.53859561538,13824.322231822296,14032.401273271144,14200.92338718969,14279.043781272765,14665.921321015754,14836.97313993354,519.3039554591895,-246,14607.946039436996,True,2025-02-28_fscoffee
hurricane,historical_model_estimate,2025-02-28,2024-06-27,10795.208449950975,10927.992062984027,11357.812773055151,11439.503238770852,11596.460713585046,11829.121093842394,12038.27959486292,12150.845593485787,12257.277767598925,12609.852464820375,12801.66022497556,523.8043508826364,-246,11495.34845901436,True,2025-02-28_hurricane
springdale,historical_model_estimate,2025-02-28,2024-06-27,11426.892772602276,11670.077402064657,12083.58113551284,12172.569562131477,12339.66706424982,12548.770603650562,12777.736158468872,12929.705508348961,13008.24228396382,13441.817909186386,13610.741656908594,545.9394856582988,-246,12754.704321326251,True,2025-02-28_springdale
all,historical_model_estimate,2025-02-28,2024-06-28,46078.99570106998,46346.54148992654,47216.05748638389,47408.66668791983,47732.14039271239,48187.81430903856,48606.08132269113,48964.28508691565,49183.37214517897,50103.75929858633,50401.87318845051,1143.108572566374,-245,47199.80587916213,True,aggregate_independent_posterior_pairing
downtown,historical_model_estimate,2025-02-28,2024-06-28,8671.14888337871,8883.084151144456,9407.942458010855,9501.963696277462,9704.096729255314,9962.492990150595,10219.088862524311,10373.626570129876,10490.939296380937,11053.449484755189,11271.114196066455,658.2297697864069,-245,8680.71203403209,True,2025-02-28_downtown
fscoffee,historical_model_estimate,2025-02-28,2024-06-28,12265.015001756627,12405.829713683588,12845.689833651739,12913.336445308387,13059.40131250671,13282.736839760508,13437.381425941574,13597.894331933156,13668.046089983702,14086.178154331408,14205.989933184885,500.9992167168045,-245,13016.70280992628,True,2025-02-28_fscoffee
hurricane,historical_model_estimate,2025-02-28,2024-06-28,11443.814311325288,11603.810585928613,12011.4377969459,12103.530704735093,12226.134114476195,12427.788925959449,12641.776608495942,12813.20118790406,12902.654669854166,13365.318970904158,13516.841875275293,539.292022849364,-245,12585.484337417924,True,2025-02-28_hurricane
springdale,historical_model_estimate,2025-02-28,2024-06-28,11420.898240793416,11613.05887056749,12051.552452648415,12130.925672579599,12278.504189481513,12510.0212163093,12740.90728045441,12895.549933758586,12985.283646979658,13447.042598326965,13589.73833736895,551.8636064172288,-245,12916.90669778583,True,2025-02-28_springdale
all,historical_model_estimate,2025-02-28,2024-06-29,44825.174476766566,45232.753041595264,46082.123616917364,46280.47410991112,46604.36980809258,47040.71198407191,47447.949728885775,47809.904082509776,47977.06947923004,48896.26306440396,49230.29262803248,1105.892959605208,-244,47297.02620734609,True,aggregate_independent_posterior_pairing
downtown,historical_model_estimate,2025-02-28,2024-06-29,8233.080049648386,8418.271531914199,8973.647873361235,9075.477535399623,9233.677627473577,9478.997881236517,9693.880145304707,9879.453494022093,9985.109694472152,10575.247950342888,10792.944422928967,638.7257433782526,-244,10434.033844707694,True,2025-02-28_downtown
fscoffee,historical_model_estimate,2025-02-28,2024-06-29,11904.763932589382,12086.349809235997,12485.057922227483,12569.68068315128,12745.439759346726,12925.982170432577,13112.456462300022,13278.635464597246,13356.94212162604,13793.222623861406,13972.169601877224,521.8402161868772,-244,12601.640258906198,True,2025-02-28_fscoffee
hurricane,historical_model_estimate,2025-02-28,2024-06-29,11781.332844629605,11982.114065533504,12473.134564155676,12586.44899850534,12729.011094713856,12927.084345710642,13123.109259102677,13295.014493602685,13394.363230701574,13820.942289632378,14008.292220080883,552.0827038272793,-244,13075.919377033815,True,2025-02-28_hurricane
springdale,historical_model_estimate,2025-02-28,2024-06-29,10644.22538330058,10827.240746815027,11248.383914094156,11339.588900801828,11502.830921309922,11702.827641485577,11903.483724130536,12051.682692402992,12159.298825595073,12621.17357876611,12725.604777783934,537.7844880092326,-244,11185.432726698386,True,2025-02-28_springdale
all,historical_model_estimate,2025-02-28,2024-06-30,43669.269354190474,44006.97430690074,44867.99571874976,45071.21707327447,45340.88984490443,45758.48958860786,46215.580051826866,46566.88869225727,46766.50409296772,47620.294191457615,47955.73707815732,1108.9656809650705,-243,46882.40710757359,True,aggregate_independent_posterior_pairing
downtown,historical_model_estimate,2025-02-28,2024-06-30,7412.172141679626,7523.316868871814,8098.16704390629,8225.406127308082,8376.565141816867,8671.571902209129,8892.225396402515,9055.899626492688,9172.162984182312,9679.149688390598,9875.38466920418,644.2291987567494,-243,9335.2905348484,True,2025-02-28_downtown
fscoffee,historical_model_estimate,2025-02-28,2024-06-30,12492.066618493702,12725.099799864827,13097.045950399244,13179.707066377261,13314.725659408641,13537.746635584837,13736.892620381635,13889.602757060855,13972.755306776302,14396.57242740031,14506.955743377694,515.9178536604248,-243,13498.629797275831,True,2025-02-28_fscoffee
hurricane,historical_model_estimate,2025-02-28,2024-06-30,12049.309263176352,12228.729686171733,12606.09192678204,12701.463273552612,12868.875063943196,13070.987081030362,13316.380855482628,13464.633725889573,13560.04920548748,14007.34449334772,14242.405005516175,550.092262784721,-243,13320.653684352335,True,2025-02-28_hurricane
springdale,historical_model_estimate,2025-02-28,2024-06-30,9407.846833951684,9600.186846756074,10088.183652935591,10173.037756477723,10306.753573544283,10530.312617334177,10731.030582196,10884.38821483819,11008.258536877642,11441.365536951853,11664.143625055476,558.1802137123592,-243,10727.833091097023,True,2025-02-28_springdale
all,historical_model_estimate,2025-02-28,2024-07-01,42750.150124121516,43137.95505065823,43907.68830129776,44113.76166816218,44489.366876631524,44830.87213195567,45293.82225862113,45625.7800807927,45783.24508113872,46712.5728531631,47065.47741992863,1115.5010804201454,-242,45635.03654667185,True,aggregate_independent_posterior_pairing
downtown,historical_model_estimate,2025-02-28,2024-07-01,6851.153354565095,7065.671970314863,7536.90035263172,7645.700997964982,7833.953272812411,8088.04785432506,8322.213764894908,8533.912336865837,8637.87674888282,9146.579948576053,9349.759156314665,643.6059520940831,-242,9070.627958720112,True,2025-02-28_downtown
fscoffee,historical_model_estimate,2025-02-28,2024-07-01,13516.72543984737,13665.87843390672,14011.79111644299,14095.077905878636,14234.995562135222,14458.970797059668,14668.0089878692,14832.3126992041,14925.233872746017,15252.819816727335,15525.437023144512,515.5003621767569,-242,14678.795006040944,True,2025-02-28_fscoffee
hurricane,historical_model_estimate,2025-02-28,2024-07-01,11086.260854041037,11276.771406997526,11691.765278767385,11772.710400523752,11911.827193057947,12125.142519128609,12323.7123456592,12470.140331803355,12560.443538560688,13017.147242857001,13225.602521192797,535.9086437291352,-242,12134.375829135211,True,2025-02-28_hurricane
springdale,historical_model_estimate,2025-02-28,2024-07-01,9049.722318772883,9214.638040484047,9680.55537401715,9825.896062688906,9995.635101474192,10197.952333374162,10419.801369803972,10586.791948625774,10657.316350998897,11148.28487388384,11309.309688064488,576.8804118710804,-242,9751.237752775578,True,2025-02-28_springdale
all,historical_model_estimate,2025-02-28,2024-07-02,43380.76740875653,43694.433409209334,44628.03450154492,44773.7175433611,45076.78749077502,45508.575198301216,45907.16236223976,46284.69956536836,46483.72738543245,47287.005352917935,47664.8136001998,1100.7695978130662,-241,43940.21455593938,True,aggregate_independent_posterior_pairing
downtown,historical_model_estimate,2025-02-28,2024-07-02,6718.989569399676,6890.775326603918,7398.938679838427,7497.070092176585,7693.135604919408,7902.389958059283,8130.101321712315,8299.468876263509,8402.100643244461,8846.381244936323,9012.194355998257,601.4426133525313,-241,8453.527367647417,True,2025-02-28_downtown
fscoffee,historical_model_estimate,2025-02-28,2024-07-02,13967.054262614001,14138.89798519791,14540.768332491089,14668.63002390465,14816.998416166614,15030.768355436638,15210.120979931009,15355.770066999692,15439.162327307913,15852.0289604136,16005.821008960513,519.208517126279,-241,14359.56873754815,True,2025-02-28_fscoffee
hurricane,historical_model_estimate,2025-02-28,2024-07-02,10471.097893457954,10650.047145825178,11102.459306359402,11186.802477504947,11354.936526352161,11566.611364866098,11767.75142235448,11940.835398023746,12021.71370543061,12446.013309619717,12599.651377767836,540.3049908432089,-241,10182.995035796828,True,2025-02-28_hurricane
springdale,historical_model_estimate,2025-02-28,2024-07-02,10003.977106751227,10175.730668718801,10618.88796634517,10678.762212972022,10827.989679708257,11039.352220258977,11247.320313339738,11420.11643192976,11511.219987239985,11958.79272025156,12197.751550935394,548.8078230890395,-241,10944.123414946987,True,2025-02-28_springdale
all,historical_model_estimate,2025-02-28,2024-07-03,44954.35717785263,45301.335828108255,46351.531888508594,46526.84506722298,46800.023261479415,47229.16394948629,47687.68817493698,48028.75335078467,48260.045222303066,49097.26272849276,49452.80062461478,1138.5645178389977,-240,47268.13688230113,True,aggregate_independent_posterior_pairing
downtown,historical_model_estimate,2025-02-28,2024-07-03,7636.189182482772,7919.864234496457,8415.451855060688,8554.347793780156,8754.951852519736,8986.44862209659,9226.758957071492,9401.047307260938,9517.716008021454,9979.034653170098,10186.343525289747,637.8728644960124,-240,8175.36005741555,True,2025-02-28_downtown
fscoffee,historical_model_estimate,2025-02-28,2024-07-03,13770.841828403254,13969.98840347588,14356.918301288437,14454.019912259022,14609.18698873304,14812.250995454971,15027.175256294537,15181.210492143186,15246.848815302405,15654.340617596801,15799.123657597056,522.9514776550734,-240,14707.61408614289,True,2025-02-28_fscoffee
hurricane,historical_model_estimate,2025-02-28,2024-07-03,10159.73984714403,10340.707091373295,10849.923093232628,10927.093908929743,11078.182716434085,11272.21797705723,11475.487358139102,11623.132108059688,11699.541655271909,12133.46539097826,12253.597709439358,535.6349618258403,-240,11903.375426863984,True,2025-02-28_hurricane
springdale,historical_model_estimate,2025-02-28,2024-07-03,11134.7780327644,11307.530242966626,11748.678748904538,11850.89344827018,12000.325942787547,12194.656235076845,12403.120781169804,12565.785792045725,12658.853459261478,13176.434023306369,13350.45274824009,547.9174635630234,-240,12481.787311878705,True,2025-02-28_springdale
all,historical_model_estimate,2025-02-28,2024-07-04,45841.89714004242,46119.17314442668,47016.12134158496,47212.456687715596,47580.21267919015,48000.19746944135,48376.93101432948,48661.95965071022,48853.665157985655,49687.061537351474,50019.38967983734,1085.3912093867655,-239,48533.21094580759,True,aggregate_independent_posterior_pairing
downtown,historical_model_estimate,2025-02-28,2024-07-04,8538.633855048562,8729.071698341626,9190.530763383951,9280.656320201488,9467.368077528843,9730.511178212208,9975.972051627443,10159.292273210482,10268.961680118378,10763.969293744058,10948.442093623726,636.0008946134416,-239,9725.33335761015,True,2025-02-28_downtown
fscoffee,historical_model_estimate,2025-02-28,2024-07-04,12957.607100844703,13105.750409696697,13540.875397019052,13608.741070495298,13776.63215076535,13960.878418234603,14142.706701944931,14304.619200532801,14381.119630021261,14808.47895158122,14973.752886953616,514.4354193044103,-239,14134.016890479472,True,2025-02-28_fscoffee
hurricane,historical_model_estimate,2025-02-28,2024-07-04,10642.903473089164,10791.148473713334,11254.283204158868,11339.910158854636,11500.565923677445,11704.061465053517,11905.34839825372,12065.98039341444,12169.585951577785,12550.899120838227,12757.95853280887,536.950243436461,-239,11464.55446814419,True,2025-02-28_hurricane
springdale,historical_model_estimate,2025-02-28,2024-07-04,11518.257336938861,11693.790969890846,12076.371124287316,12175.825184305959,12354.022587272879,12538.60634370696,12780.78878731751,12922.772921718324,13002.779829831243,13449.862963195945,13611.155193235798,539.1753688851344,-239,13209.306229573773,True,2025-02-28_springdale
all,historical_model_estimate,2025-02-28,2024-07-05,46085.04993503816,46319.58689768635,47203.54945891431,47390.611168011754,47710.56407825406,48158.08391204996,48645.57312401662,48983.98763786417,49162.72428425286,49946.65643405783,50340.03887411136,1130.799159946749,-238,47686.714560606466,True,aggregate_independent_posterior_pairing
downtown,historical_model_estimate,2025-02-28,2024-07-05,8693.477285300178,8972.099991142753,9489.86587651392,9603.349608671713,9765.9012287991,9990.701654047301,10253.640371659923,10462.187448642939,10554.238295116606,11040.102711983576,11161.855190789265,637.2809058256166,-238,9845.677227629973,True,2025-02-28_downtown
fscoffee,historical_model_estimate,2025-02-28,2024-07-05,12212.299703180775,12309.23308681909,12694.99256878515,12791.474408868671,12960.804818362289,13171.442357067417,13379.740060554332,13528.001803105299,13614.861007881991,14034.343292356165,14243.871107378183,531.902974466477,-238,13092.648430140562,True,2025-02-28_fscoffee
hurricane,historical_model_estimate,2025-02-28,2024-07-05,11397.124139834015,11572.828830998733,11992.702675939006,12104.396380622804,12248.10203829155,12427.047409086399,12635.19855985674,12785.082994163135,12884.710777574513,13323.151218763003,13506.403060580962,529.0137649807727,-238,12651.346961809795,True,2025-02-28_hurricane
springdale,historical_model_estimate,2025-02-28,2024-07-05,11518.060445967101,11685.449392776329,12106.238504986162,12195.352996686328,12330.35372109941,12541.129111576865,12744.92503874407,12928.374495663538,13035.199766375474,13487.960262272232,13682.849453231707,554.6637733152444,-238,12097.04194102614,True,2025-02-28_springdale
all,historical_model_estimate,2025-02-28,2024-07-06,44789.54745874267,45181.58331022622,46165.61739140899,46384.42293255315,46710.41660598679,47208.793083983146,47600.53418767676,47895.08558851967,48043.14615866187,49023.0820316952,49369.054167863556,1157.5977896999616,-237,47912.19300066678,True,aggregate_independent_posterior_pairing
downtown,historical_model_estimate,2025-02-28,2024-07-06,8520.87287827058,8708.691695876834,9223.029714078353,9317.123859621443,9492.650245235438,9732.596422057679,9975.229251342424,10170.82209407151,10281.864306379312,10774.918429838635,10942.22141658417,630.4500665521888,-237,9960.177922215904,True,2025-02-28_downtown
fscoffee,historical_model_estimate,2025-02-28,2024-07-06,11890.105582602995,12027.74324417267,12435.980335121867,12535.103779610123,12660.045688133434,12846.57690656092,13064.003265494985,13206.278346124582,13294.574980844656,13769.076883391765,13908.533312227411,520.0098072151046,-237,13229.816728546455,True,2025-02-28_fscoffee
hurricane,historical_model_estimate,2025-02-28,2024-07-06,11841.237716242535,11958.636465514586,12442.184304691826,12543.204772019406,12692.90579941774,12899.280273693777,13102.849421264886,13214.544524821995,13310.967160810285,13757.099562869284,13874.639799965295,531.4621657291265,-237,12833.834280025463,True,2025-02-28_hurricane
springdale,historical_model_estimate,2025-02-28,2024-07-06,10581.856531647432,10731.042915737857,11200.599504519894,11279.258511959732,11422.020270425593,11624.880646691265,11848.54727669756,12033.476535085096,12143.164843021574,12601.308387126895,12711.780561001302,554.6646130773357,-237,11888.364069878962,True,2025-02-28_springdale
all,historical_model_estimate,2025-02-28,2024-07-07,43866.098862904735,44308.185115645414,45152.60756425197,45361.028150256185,45729.732807801156,46134.36311824978,46589.563603057366,46965.386061846984,47108.80872892268,47913.024118743844,48166.34540603976,1112.763145506058,-236,46409.800905943215,True,aggregate_independent_posterior_pairing
downtown,historical_model_estimate,2025-02-28,2024-07-07,7466.846175483832,7750.4756449675,8271.694122919032,8394.65339290522,8579.572764937384,8843.977678635934,9093.067796867115,9270.708637275773,9367.181072290263,9784.598598070786,10035.573370954991,640.1254558215217,-236,7889.809305916269,True,2025-02-28_downtown
fscoffee,historical_model_estimate,2025-02-28,2024-07-07,12662.528012861392,12804.934498746654,13186.979493066956,13292.613612792491,13435.118919840828,13620.602928217264,13813.559074107616,13991.530018742878,14063.24096481888,14460.153240682517,14639.206367846864,517.026303130159,-236,14222.222279508123,True,2025-02-28_fscoffee
hurricane,historical_model_estimate,2025-02-28,2024-07-07,12094.705058939997,12210.349421753832,12668.245082393678,12743.110687680422,12896.958183097771,13103.118877304973,13312.319430669886,13446.221040932625,13527.089964636172,13932.58172308277,14125.508312237436,524.3976786729112,-236,12918.548573636335,True,2025-02-28_hurricane
springdale,historical_model_estimate,2025-02-28,2024-07-07,9572.153628804954,9682.727441602665,10118.26448192709,10221.832730804119,10372.28300346768,10574.632780064381,10805.297066477733,10994.484642969368,11068.592720326173,11450.203811060961,11610.911500642722,540.768338736876,-236,11379.220746882484,True,2025-02-28_springdale
all,historical_model_estimate,2025-02-28,2024-07-08,42934.413424332706,43274.26560824226,44211.019444064565,44368.225619594974,44686.092154943086,45124.11597258381,45499.850857422694,45814.20839541894,46013.39481749423,46948.339426588806,47263.29861163849,1105.8530863491858,-235,43341.57436480303,True,aggregate_independent_posterior_pairing
downtown,historical_model_estimate,2025-02-28,2024-07-08,6912.4816406931195,7104.797840817717,7599.759629515499,7719.332787718629,7913.445502296825,8160.358352424427,8377.209730918923,8547.360878734446,8652.702606660821,9166.356373630213,9346.697013089375,617.1080675541425,-235,7231.267016340839,True,2025-02-28_downtown
fscoffee,historical_model_estimate,2025-02-28,2024-07-08,13609.140526670006,13786.307053080638,14181.144295468575,14286.48904102508,14449.55597617218,14666.105462953816,14878.823086673361,15029.990875304524,15100.11077231298,15462.346245186189,15572.277946339542,525.8322152724554,-235,14246.487217855554,True,2025-02-28_fscoffee
hurricane,historical_model_estimate,2025-02-28,2024-07-08,11092.625348376494,11213.066931525434,11586.43902310228,11681.5994401588,11833.447676474972,12035.701786661275,12248.328545768047,12396.336055436986,12491.453869980318,12943.68653103052,13099.67692817812,528.3416420326769,-235,11631.637246156108,True,2025-02-28_hurricane
springdale,historical_model_estimate,2025-02-28,2024-07-08,9215.34474810847,9421.079596527881,9803.830614460017,9879.292720347925,10029.213806482427,10274.07208981641,10480.029713278665,10633.248801567894,10739.940039154473,11163.734523670493,11381.292172476635,552.5835903933516,-235,10232.182884450536,True,2025-02-28_springdale
all,historical_model_estimate,2025-02-28,2024-07-09,43027.52756830862,43446.5430446481,44450.51377278804,44653.511832889984,45007.40172592138,45444.83680174693,45833.565279928225,46162.41641472542,46367.39241090847,47234.669960160005,47661.49470423193,1142.8703727100255,-234,44093.03308616492,True,aggregate_independent_posterior_pairing
downtown,historical_model_estimate,2025-02-28,2024-07-09,6517.889940139776,6751.176393733062,7289.108652992384,7415.076028939482,7581.7778884618965,7836.86028606146,8054.749617632252,8214.736685980708,8353.015578978733,8921.408652887272,9063.413022739242,636.1069956501358,-234,7721.275476110807,True,2025-02-28_downtown
fscoffee,historical_model_estimate,2025-02-28,2024-07-09,14041.47035303759,14203.966758430182,14631.14533663051,14714.078250818626,14849.673695434722,15057.00956908254,15264.425966602885,15427.753268410077,15502.927001214712,15905.0789566094,16094.913091288938,524.9859844692875,-234,14871.644188334409,True,2025-02-28_fscoffee
hurricane,historical_model_estimate,2025-02-28,2024-07-09,10314.68233928535,10482.360918702016,10928.206341687499,11022.900307112885,11171.34617012452,11385.422429391285,11590.740544662274,11714.268936297567,11769.072636395184,12187.845303499593,12414.340166727869,531.3201445053107,-234,10908.375261581712,True,2025-02-28_hurricane
springdale,historical_model_estimate,2025-02-28,2024-07-09,10129.73624840734,10265.58703404292,10698.423867392812,10787.665972535242,10946.493740092152,11176.267505332113,11384.376366715667,11534.81860517473,11628.740495121272,12034.638780107494,12272.983706917701,554.6536905066201,-234,10591.738160137988,True,2025-02-28_springdale
all,historical_model_estimate,2025-02-28,2024-07-10,45055.969832990006,45379.576200962765,46257.24317804459,46397.79162126416,46736.383445060215,47222.01379736721,47650.77828420777,47996.254854635146,48145.09871671362,48987.35974221606,49421.2916842918,1128.7842188524385,-233,45844.75635759372,True,aggregate_independent_posterior_pairing
downtown,historical_model_estimate,2025-02-28,2024-07-10,7495.4966635731835,7677.968484853698,8228.972266238412,8325.585282748283,8487.39214034894,8735.94652755162,8965.994171266935,9153.178072814702,9258.816414925888,9725.09913727532,9869.432636686593,615.255883683694,-233,8385.295400602576,True,2025-02-28_downtown
fscoffee,historical_model_estimate,2025-02-28,2024-07-10,13958.31177395772,14056.943731518748,14497.301548634498,14564.042586662115,14720.1710527687,14931.962796314696,15111.256285636162,15281.144340098701,15377.707693767454,15800.765620023778,15958.900272468687,525.427817249892,-233,14802.71519100233,True,2025-02-28_fscoffee
hurricane,historical_model_estimate,2025-02-28,2024-07-10,10171.183187542738,10341.515386511168,10821.336804965178,10916.335575159952,11060.479863595048,11277.50649176831,11472.557995128465,11610.90730789308,11689.565616613298,12141.402266719155,12274.6709439121,537.624905733366,-233,10792.356388899629,True,2025-02-28_hurricane
springdale,historical_model_estimate,2025-02-28,2024-07-10,11264.723175402669,11412.680809390149,11847.352875554558,11925.910961271793,12069.667915447128,12290.681706639622,12482.35713157767,12630.78007962954,12728.838070119025,13236.27810961726,13454.747384969245,550.1512035054211,-233,11864.38937708918,True,2025-02-28_springdale
all,historical_model_estimate,2025-02-28,2024-07-11,45700.85367792987,45938.811700294515,46897.03586751825,47092.29202640088,47437.918982133706,47883.336210270136,48279.571061037524,48632.28307405426,48827.13918511704,49734.1494951545,50240.502976905045,1150.454569378043,-232,,False,aggregate_independent_posterior_pairing
downtown,historical_model_estimate,2025-02-28,2024-07-11,8312.380746104045,8508.29752242664,9039.52178285973,9138.99870311864,9323.368041189528,9584.302879638883,9806.079978927031,10008.840715640821,10123.910233157183,10612.182719595803,10848.06215613397,643.5061450450553,-232,9661.964484962253,True,2025-02-28_downtown
fscoffee,historical_model_estimate,2025-02-28,2024-07-11,13042.307889441465,13190.570753969942,13607.144955990001,13678.988667277517,13842.660181068111,14066.725605179643,14277.894965860207,14456.585274179923,14570.657142033931,14912.825708741257,15053.879792159598,541.6175230725895,-232,12976.61256512668,True,2025-02-28_fscoffee
hurricane,historical_model_estimate,2025-02-28,2024-07-11,10487.339087159811,10701.987289903003,11171.975172956727,11221.124909963612,11379.849757622049,11563.119300390974,11803.435476103123,11962.495225164108,12066.702056500897,12534.59021337952,12648.465331665771,552.887295143758,-232,,False,2025-02-28_hurricane
springdale,historical_model_estimate,2025-02-28,2024-07-11,11526.651798500507,11702.020575490053,12192.81632426718,12292.008670249761,12436.840259954839,12632.474031828733,12808.40213586647,12992.760951205148,13113.082408342178,13520.303353537533,13717.842221317711,551.0337651536466,-232,13109.339530351155,True,2025-02-28_springdale
all,historical_model_estimate,2025-02-28,2024-07-12,45684.23327947624,45990.30695457623,46934.53653986347,47104.889766284454,47374.40602620469,47785.414903477875,48278.12941521213,48648.487466473875,48835.74647964801,49810.82482227366,50074.78678911985,1135.7007995707938,-231,,False,aggregate_independent_posterior_pairing
downtown,historical_model_estimate,2025-02-28,2024-07-12,8605.42561134728,8797.445849037076,9279.463632575455,9375.750990789116,9570.11949865625,9814.291184208769,10044.478228003569,10231.688454655117,10345.019024338824,10806.570463804554,11063.501821092355,637.2420485819431,-231,9154.688506069258,True,2025-02-28_downtown
fscoffee,historical_model_estimate,2025-02-28,2024-07-12,12186.554069378142,12336.947458998653,12715.038143745853,12825.809523824573,12970.736360863602,13192.350850690682,13375.95583994233,13532.316316400347,13594.259718500056,14052.877683420476,14274.237924053683,530.858452607013,-231,13235.68300478507,True,2025-02-28_fscoffee
hurricane,historical_model_estimate,2025-02-28,2024-07-12,11354.914881625687,11527.531342700588,11879.271867591091,11968.484114832969,12116.059651285324,12297.889413219149,12525.822114864835,12666.165745876404,12744.07851278919,13194.986286160092,13394.46212614236,512.553596883404,-231,,False,2025-02-28_hurricane
springdale,historical_model_estimate,2025-02-28,2024-07-12,11450.619634826216,11568.947085041618,12051.641510961223,12157.941280156903,12306.704771249539,12544.85703942646,12754.986740783173,12920.418024041952,13004.581902960019,13444.62602856839,13627.763640039073,563.4889007784623,-231,10988.164806104864,True,2025-02-28_springdale
all,historical_model_estimate,2025-02-28,2024-07-13,44608.30156642421,44892.27451546808,45851.50997961371,46078.57561011963,46404.14780772277,46821.74841664446,47235.29345132075,47561.88852544317,47701.99437740869,48571.02644582629,49012.539767436254,1102.123633832524,-230,46953.143891138985,True,aggregate_independent_posterior_pairing
downtown,historical_model_estimate,2025-02-28,2024-07-13,8283.240796168331,8501.937439094556,8953.178204456033,9100.73354519275,9292.895571000223,9513.214766971527,9742.722186933424,9943.91085379986,10046.438239752879,10560.73529449362,10659.857722276372,626.7492881643049,-230,9991.353030272085,True,2025-02-28_downtown
fscoffee,historical_model_estimate,2025-02-28,2024-07-13,11871.92190154764,12064.840731127355,12502.825327819071,12584.337597591286,12739.380783051358,12941.61681795691,13112.606810903559,13270.669904617731,13358.052273805219,13757.969935182266,13908.393503014247,513.5392692064843,-230,13330.939536998234,True,2025-02-28_fscoffee
hurricane,historical_model_estimate,2025-02-28,2024-07-13,11672.298126858623,11847.55891454437,12290.63059048578,12377.566452436173,12514.533347309283,12726.646875675175,12947.124449006738,13102.061069637079,13195.871117156938,13604.03664158273,13821.530432538199,530.2036558061302,-230,12894.633522117856,True,2025-02-28_hurricane
springdale,historical_model_estimate,2025-02-28,2024-07-13,10500.131337520625,10700.816283005863,11173.08705032318,11254.957287630954,11414.161090958956,11623.21966288042,11841.06686440169,11978.949596416584,12057.539938128428,12447.6965255896,12595.424241064522,528.7099062261949,-230,10736.21780175081,True,2025-02-28_springdale
all,historical_model_estimate,2025-02-28,2024-07-14,43296.43609874544,43565.53717899047,44646.253431937585,44826.13887749066,45156.343077999336,45564.13949858438,45987.144024956884,46326.83842311942,46497.10067609743,47380.42088391389,47706.01893374862,1136.8510578409835,-229,43819.914785999645,True,aggregate_independent_posterior_pairing
downtown,historical_model_estimate,2025-02-28,2024-07-14,7314.00857755674,7533.234397986086,7997.447276485572,8090.700634082979,8294.665537137571,8536.15227877572,8774.381934632313,8935.11583620415,9077.34216303864,9564.12035175503,9756.234940912298,637.9902265790744,-229,7853.826780753823,True,2025-02-28_downtown
fscoffee,historical_model_estimate,2025-02-28,2024-07-14,12568.176781342003,12759.537644786484,13157.36306747632,13258.080216690421,13397.15904184024,13584.988776936512,13808.776345700671,13973.932640317209,14091.883832650463,14567.80908403107,14697.63013673118,540.4460677271488,-229,13562.792683242797,True,2025-02-28_fscoffee
hurricane,historical_model_estimate,2025-02-28,2024-07-14,11834.290384090917,12065.74839227283,12523.262035429474,12594.60504300203,12734.273150579713,12970.614109849066,13174.804340361536,13337.963367755343,13405.802640500782,13803.047169222551,13933.196394423832,538.3619559560512,-229,11708.565296978964,True,2025-02-28_hurricane
springdale,historical_model_estimate,2025-02-28,2024-07-14,9289.149940732006,9479.729097231031,9958.875304871792,10065.999340407356,10238.521301234681,10452.675874654735,10671.079926209277,10822.637287818132,10923.193593846128,11397.718820983044,11491.670010080787,565.9449759237585,-229,10694.73002502406,True,2025-02-28_springdale
all,historical_model_estimate,2025-02-28,2024-07-15,42090.133505013146,42547.51854208541,43258.626644330885,43412.08856612356,43789.54402412868,44244.941768189936,44738.63180968111,45060.260321265145,45235.718292678815,46048.51829526721,46438.68051289125,1108.614134230139,-228,45647.63578810745,True,aggregate_independent_posterior_pairing
downtown,historical_model_estimate,2025-02-28,2024-07-15,6685.70619464306,6864.490413468568,7391.320066477095,7487.608983630882,7661.717291338959,7879.54932955066,8134.19616632508,8300.417870616746,8409.31979689799,8886.3387056848,9113.765568528652,615.0044765997463,-228,7097.8311321683705,True,2025-02-28_downtown
fscoffee,historical_model_estimate,2025-02-28,2024-07-15,13470.493707472528,13617.816959550344,14058.254364285205,14161.595090227698,14344.590635826646,14524.321744329804,14752.813963108822,14895.104067871673,14977.04167112393,15386.381968155967,15530.610021534789,540.5215548490002,-228,15264.232981768271,True,2025-02-28_fscoffee
hurricane,historical_model_estimate,2025-02-28,2024-07-15,10671.405470534502,10890.975773948781,11329.793329517668,11412.246421075448,11573.076786147045,11812.149653912544,12044.655260852973,12181.856838593138,12263.841820239395,12679.445490997057,12881.321215344322,558.32699003451,-228,11846.890272745724,True,2025-02-28_hurricane
springdale,historical_model_estimate,2025-02-28,2024-07-15,8991.339296790018,9133.043160316018,9564.149185917615,9659.904014146365,9836.243066181074,10040.004206207466,10244.118552481992,10393.914275603422,10451.480447418726,10981.624620183344,11209.704514367271,548.7860748642773,-228,11438.681401425089,True,2025-02-28_springdale
all,historical_model_estimate,2025-02-28,2024-07-16,42525.817351348516,42803.22958094186,43811.739302013615,43977.89537581365,44321.442880834125,44780.159275566155,45265.94466254484,45629.48924137903,45814.31838205321,46773.74637515488,47150.01086235166,1180.5747035881675,-227,,False,aggregate_independent_posterior_pairing
downtown,historical_model_estimate,2025-02-28,2024-07-16,6354.785709706596,6615.654943001965,7058.73866043494,7174.308577573051,7335.7049858789715,7563.242784299498,7836.908735015951,8015.72560225794,8123.231620625656,8609.553129130407,8917.59933488513,630.480515899791,-227,8510.520206644713,True,2025-02-28_downtown
fscoffee,historical_model_estimate,2025-02-28,2024-07-16,14099.814635279583,14228.082203695438,14617.48093207488,14720.110373788257,14858.65591299592,15040.306470435458,15266.621778454533,15441.517241796231,15524.931655493949,15956.844357238728,16109.971090604085,532.6035653515947,-227,,False,2025-02-28_fscoffee
hurricane,historical_model_estimate,2025-02-28,2024-07-16,10064.616407010953,10205.381793352568,10618.304682497961,10724.537473486085,10923.525990121516,11097.6695697502,11314.1492171763,11462.822393458504,11569.111954246942,12014.518419040087,12251.940660716173,549.0408765690676,-227,11857.453901007351,True,2025-02-28_hurricane
springdale,historical_model_estimate,2025-02-28,2024-07-16,10012.045271360064,10139.805119388933,10552.544212734118,10624.591285423909,10809.334597086841,10995.90314297843,11226.170701871564,11370.843771989526,11492.08700898313,11947.98561244245,12114.937029092109,549.5142553836612,-227,11356.79616954206,True,2025-02-28_springdale
all,historical_model_estimate,2025-02-28,2024-07-17,44837.47240543746,45075.71356070873,45908.57417580081,46099.7901729241,46434.24167228537,46869.21671571498,47343.580450609355,47666.000028835464,47850.76032696077,48777.354882466425,49165.79267978884,1126.8985008866446,-226,47498.4080141936,True,aggregate_independent_posterior_pairing
downtown,historical_model_estimate,2025-02-28,2024-07-17,7318.08724354293,7589.983783451379,8074.730266417959,8161.71863538602,8348.767228380882,8565.848030373609,8787.868998690336,8991.566093717163,9081.823567991023,9554.782278525785,9713.46676154511,608.8278413490169,-226,9286.942997922795,True,2025-02-28_downtown
fscoffee,historical_model_estimate,2025-02-28,2024-07-17,13972.193694448652,14149.427890988089,14490.082275267443,14607.041863421226,14747.914212111276,14948.633731084767,15156.151509611851,15316.898909733152,15383.304226202246,15824.35352205602,16034.771983572855,525.8987404304636,-226,14825.952542091964,True,2025-02-28_fscoffee
hurricane,historical_model_estimate,2025-02-28,2024-07-17,10024.991781003184,10192.948783353491,10668.704026510284,10752.481875242887,10909.584617247958,11115.84527346861,11322.302504125535,11485.926936279315,11552.942110622127,12081.754434984736,12212.505240926057,544.1255859493787,-226,11881.36191951757,True,2025-02-28_hurricane
springdale,historical_model_estimate,2025-02-28,2024-07-17,11242.612652519809,11396.896344759816,11796.123978226877,11884.141395706165,12037.978883830576,12241.299613246561,12484.810383197468,12637.615085308595,12707.989032146314,13152.239119768663,13276.170844776021,529.9179645186488,-226,11504.150554661268,True,2025-02-28_springdale
all,historical_model_estimate,2025-02-28,2024-07-18,46763.62131854332,47280.79031904173,48069.27395131419,48293.25564573842,48603.586930416284,48970.89590597723,49384.59349856686,49763.36199297291,49936.56944364941,50871.7430321355,51214.059876056774,1117.5297862771629,-225,49323.85793080789,True,aggregate_independent_posterior_pairing
downtown,historical_model_estimate,2025-02-28,2024-07-18,8303.9955270185,8571.956687245167,9076.93683532609,9189.762742321751,9351.966114827837,9582.303740574736,9829.747382289752,10016.2418016853,10099.706728237814,10537.170453305338,10794.113606774246,625.340025124763,-225,9591.079403227908,True,2025-02-28_downtown
fscoffee,historical_model_estimate,2025-02-28,2024-07-18,14165.811577213544,14346.1595127736,14783.331257929001,14864.566109847345,15028.204065786336,15245.500891025276,15451.597136936422,15633.505723945465,15720.215083542125,16160.90345578953,16315.30268134566,556.6306957106,-225,15818.924239618536,True,2025-02-28_fscoffee
hurricane,historical_model_estimate,2025-02-28,2024-07-18,10544.619374537453,10740.984688387442,11149.082712780102,11239.353779047626,11407.755141620717,11622.490543593518,11811.390205442398,11969.710640598967,12081.287051545669,12525.63503276191,12658.14467398277,544.501124536656,-225,12456.906998949748,True,2025-02-28_hurricane
springdale,historical_model_estimate,2025-02-28,2024-07-18,11527.41328070441,11656.30644158136,12140.402473689275,12223.481828909738,12348.982177340811,12563.675998403456,12771.591009187228,12950.197685296,13049.58446385678,13437.600254346517,13528.375533892271,529.8477673733113,-225,11456.9472890117,True,2025-02-28_springdale
all,historical_model_estimate,2025-02-28,2024-07-19,46834.107842304315,47507.821985440765,48486.902020023146,48678.01233086389,49032.223457796914,49520.37760471726,50046.775417384095,50332.89636165402,50591.76621381741,51491.82106873847,51775.848009170164,1246.8038829554769,-224,51190.027736973774,True,aggregate_independent_posterior_pairing
downtown,historical_model_estimate,2025-02-28,2024-07-19,8702.192947218517,9048.908639263655,9670.11619457358,9845.622825705304,10080.241215182763,10410.053624351542,10668.507847366332,10909.686904012691,11040.31343188787,11629.887728295123,11873.734826126913,809.7396958843755,-224,10477.453479879903,True,2025-02-28_downtown
fscoffee,historical_model_estimate,2025-02-28,2024-07-19,13450.70548900603,13623.002838168142,14086.92048445173,14170.740780315393,14288.62443287846,14537.365066028688,14758.186830266197,14921.242805434766,15006.937196874916,15486.282062627422,15594.262784747525,554.7733205444067,-224,14649.093918446068,True,2025-02-28_fscoffee
hurricane,historical_model_estimate,2025-02-28,2024-07-19,11264.596424494886,11427.1507038803,11898.776071704213,11984.16298952476,12139.663602104061,12355.585915855558,12572.981953383958,12744.240782304574,12824.257770986069,13260.517435405498,13483.348729988575,569.2401705298255,-224,12921.856483339634,True,2025-02-28_hurricane
springdale,historical_model_estimate,2025-02-28,2024-07-19,11180.633219007494,11342.167430032781,11814.668208110254,11904.113286921267,12080.46863004312,12271.658683952142,12482.376588457662,12639.676707554405,12712.198995006545,13145.060414148282,13331.23963796409,537.9840916482741,-224,13141.62385530816,True,2025-02-28_springdale
all,historical_model_estimate,2025-02-28,2024-07-20,46726.4043339757,47065.952097980124,47938.96277033927,48133.975828210445,48508.62195356584,48892.48381467886,49444.86092241535,49783.59089922831,49975.91277699728,50778.66965150883,51090.052214501055,1161.5995334226702,-223,49614.66483105461,True,aggregate_independent_posterior_pairing
downtown,historical_model_estimate,2025-02-28,2024-07-20,8637.105157651185,8981.772786298425,9515.605433065677,9693.130783041519,9883.195527856764,10180.818621103415,10497.303391154455,10746.257917558649,10838.767662329139,11326.497618377638,11588.16058095002,751.0812356151931,-223,10353.21663176279,True,2025-02-28_downtown
fscoffee,historical_model_estimate,2025-02-28,2024-07-20,13260.143591351454,13472.923818570594,13886.929751292151,13989.767338990809,14114.786053495069,14320.369874664786,14549.673495376697,14700.322426891173,14778.761429772328,15189.618542519322,15314.832273685292,525.6176394238405,-223,14913.51274570562,True,2025-02-28_fscoffee
hurricane,historical_model_estimate,2025-02-28,2024-07-20,11850.138964162259,12042.583199829438,12456.798627211365,12541.971134703823,12688.268900575093,12898.777888042046,13078.900487851866,13250.4494603221,13347.036900956458,13805.531893897461,13970.830279858419,538.7512513104878,-223,13050.256571156788,True,2025-02-28_hurricane
springdale,historical_model_estimate,2025-02-28,2024-07-20,10515.850667720248,10698.221278499246,11073.03865636278,11161.907013305075,11327.94038926681,11526.088669979477,11745.673104142092,11906.572257570624,11999.067470793794,12413.291927589233,12594.69720982131,535.8505591876833,-223,11297.678882429413,True,2025-02-28_springdale
all,historical_model_estimate,2025-02-28,2024-07-21,45635.694534485134,45926.453386219386,46818.24962994838,47039.108114478215,47377.189426674486,47856.035869357234,48263.638627860004,48588.1325935346,48771.727776492495,49793.39185824963,50100.372652540405,1171.688985676151,-222,49487.794474146096,True,aggregate_independent_posterior_pairing
downtown,historical_model_estimate,2025-02-28,2024-07-21,7655.707808869606,7953.583307525227,8666.231915991355,8784.972344915925,8993.13390865769,9298.617969707198,9607.794199237847,9833.901681698459,9933.74761345497,10419.921718953648,10651.087605796638,760.1130532107502,-222,9884.82583976746,True,2025-02-28_downtown
fscoffee,historical_model_estimate,2025-02-28,2024-07-21,14089.918252196114,14226.11105280057,14610.377476672955,14700.779238870598,14855.4319818004,15087.664285799381,15281.322522960487,15436.982996262377,15524.543155810876,15884.692334354368,16072.598830618,514.1051955092786,-222,15343.499978357111,True,2025-02-28_fscoffee
hurricane,historical_model_estimate,2025-02-28,2024-07-21,12027.98352149308,12149.415805851084,12575.544372099783,12645.920985411338,12802.567418951307,13008.926614985327,13216.946357212679,13337.045387307558,13407.122008272963,13778.939004707374,13978.550176321694,504.66432330798153,-222,13595.911302509096,True,2025-02-28_hurricane
springdale,historical_model_estimate,2025-02-28,2024-07-21,9396.725629097395,9618.669525560286,10029.604821737725,10117.691086693063,10312.690424271692,10508.207055684052,10692.51115241584,10858.792518237427,10927.38098515618,11374.37755745299,11543.573746634182,539.5266836105021,-222,10663.55735351243,True,2025-02-28_springdale
all,historical_model_estimate,2025-02-28,2024-07-22,44999.85326889932,45287.05493616033,46221.31477721804,46436.58278730755,46760.3286821739,47247.615966220634,47751.2947763521,48091.02016648673,48231.19731939034,49257.7031751642,49601.764754761185,1190.5504449936177,-221,,False,aggregate_independent_posterior_pairing
downtown,historical_model_estimate,2025-02-28,2024-07-22,7477.284127208956,7760.87734335783,8346.446277683046,8466.69283800713,8684.09219366537,8925.842434006669,9215.313113927963,9399.907986463719,9503.43523180777,10024.00414402914,10249.421324913324,700.8246008164182,-221,8491.248250363842,True,2025-02-28_downtown
fscoffee,historical_model_estimate,2025-02-28,2024-07-22,15021.057168863703,15171.467002158359,15563.815305238402,15674.062394263721,15815.16450708765,16041.255498552946,16245.9668006345,16400.35347383024,16479.39896090421,16900.02050003499,17044.196114938102,525.0782630659613,-221,16696.26369630895,True,2025-02-28_fscoffee
hurricane,historical_model_estimate,2025-02-28,2024-07-22,11057.879609277159,11243.158711359243,11693.812506333437,11768.28893840911,11918.040136430907,12141.399216024256,12364.016090314548,12496.056353174998,12595.615028844295,12987.842369856702,13174.68577065745,540.0391818233674,-221,12420.587706191103,True,2025-02-28_hurricane
springdale,historical_model_estimate,2025-02-28,2024-07-22,9008.372146172775,9196.452034829108,9693.111118112853,9794.08097362987,9960.347322002104,10152.018834417904,10391.285888229206,10551.090293849458,10638.01908716306,11134.188192725815,11246.383584658099,564.20127502057,-221,,False,2025-02-28_springdale
all,historical_model_estimate,2025-02-28,2024-07-23,45649.74149888262,45901.40689401237,46760.24358900358,46939.628795739525,47287.17414560566,47750.63917408084,48239.585154496104,48561.47680443753,48754.51276572997,49572.765950470435,49869.986045100246,1139.5497952556916,-220,49105.42721709395,True,aggregate_independent_posterior_pairing
downtown,historical_model_estimate,2025-02-28,2024-07-23,7443.2755673804895,7642.063159486201,8143.59216639674,8247.813326959404,8447.291797304062,8707.71942101971,8956.967250691192,9172.832941608303,9311.369034560139,9742.659547118903,9973.885683273018,658.7417502759287,-220,9467.82658712946,True,2025-02-28_downtown
fscoffee,historical_model_estimate,2025-02-28,2024-07-23,15437.41458951712,15614.56862008336,16087.590508341696,16169.46117514399,16341.733025971298,16521.314572159205,16720.015982916237,16895.682137948424,16989.65733675031,17411.35850949766,17529.623360207846,530.4645331845425,-220,16946.78070875568,True,2025-02-28_fscoffee
hurricane,historical_model_estimate,2025-02-28,2024-07-23,10566.995187812448,10672.152556205863,11064.65632122721,11166.99051056852,11299.944772007311,11524.964528305783,11785.281952616333,11955.555253216713,12058.14163724269,12374.70466105384,12548.011304340374,545.3940351847597,-220,12039.231928779793,True,2025-02-28_hurricane
springdale,historical_model_estimate,2025-02-28,2024-07-23,9760.984797171783,10023.666087961716,10515.274988549885,10597.467499363078,10744.92073618848,10953.046686824113,11182.52944016374,11362.086039519292,11445.050294768494,11783.408396189077,11974.98115041643,547.0260888374281,-220,10651.587992429017,True,2025-02-28_springdale
all,historical_model_estimate,2025-02-28,2024-07-24,47442.02392287029,47773.06417234641,48568.82530491247,48774.495610886894,49138.00141816967,49544.0143929696,50035.35160700544,50311.17195802934,50465.7861155455,51302.17177614768,51837.80738888059,1116.4332587503932,-219,50234.825721818546,True,aggregate_independent_posterior_pairing
downtown,historical_model_estimate,2025-02-28,2024-07-24,8381.708677405899,8522.82965331316,9052.006641662852,9158.35709904502,9366.496673034788,9623.257648931556,9867.005903637595,10097.891979978871,10222.161379713098,10722.454298163264,10968.976805971422,674.722501577168,-219,8946.153096835995,True,2025-02-28_downtown
fscoffee,historical_model_estimate,2025-02-28,2024-07-24,15301.235962531238,15495.323133327178,15943.139826573131,16033.578784814214,16177.590158763533,16368.777768860184,16586.64954533496,16713.47942127512,16788.48720837395,17197.160551719957,17356.940594078667,524.6021761474938,-219,16429.156717546346,True,2025-02-28_fscoffee
hurricane,historical_model_estimate,2025-02-28,2024-07-24,10442.593647307702,10615.16823437582,11033.96060733157,11106.406638666542,11252.964705704246,11459.570173879849,11677.699260216388,11834.669733649542,11901.252052999931,12370.024641317108,12565.096425889256,540.3312200515994,-219,12219.779027327742,True,2025-02-28_hurricane
springdale,historical_model_estimate,2025-02-28,2024-07-24,11079.52801335018,11198.97051693534,11631.621133367453,11704.630541213732,11865.220401210241,12103.674397501081,12290.258258737795,12461.733525094647,12560.464487683006,12980.928625812716,13169.625796760534,542.2338793620622,-219,12639.736880108465,True,2025-02-28_springdale
all,historical_model_estimate,2025-02-28,2024-07-25,47943.11067185877,48587.245892316816,49472.04087635167,49671.85248962747,50020.6171320714,50442.39665497822,50907.649409006764,51239.692849591105,51397.34031010899,52272.077544167376,52556.50168232486,1144.037306956381,-218,51371.66269551202,True,aggregate_independent_posterior_pairing
downtown,historical_model_estimate,2025-02-28,2024-07-25,9205.647116607533,9414.205984359001,9879.161565729208,9998.457402565175,10212.242581248322,10455.718136701867,10717.08193443871,10891.17583540656,11004.203884746003,11499.887028326992,11693.085270832942,633.1795444160043,-218,11246.405023914716,True,2025-02-28_downtown
fscoffee,historical_model_estimate,2025-02-28,2024-07-25,14488.514600514038,14623.448281501574,15055.375991260893,15140.880906459322,15277.24829542818,15434.996381493896,15667.860801404351,15824.989109748845,15885.582325615198,16375.561917570385,16599.10445891541,529.4595555029416,-218,16324.155641393136,True,2025-02-28_fscoffee
hurricane,historical_model_estimate,2025-02-28,2024-07-25,10950.42094212272,11084.986157964659,11491.059019286231,11584.975598971974,11734.894442398845,11962.063853498144,12177.09312498561,12359.485129599749,12441.11037799564,12913.802064485657,13041.778412761161,554.9560340702409,-218,11262.29686017668,True,2025-02-28_hurricane
springdale,historical_model_estimate,2025-02-28,2024-07-25,11489.584216965428,11690.48591234482,12107.56802532784,12200.791303422555,12333.821014166666,12517.71539595317,12733.824991326128,12882.361075678959,12962.349740114903,13461.705736047632,13653.305367558029,544.6453433981696,-218,12538.80517002749,True,2025-02-28_springdale
all,historical_model_estimate,2025-02-28,2024-07-26,47149.86743832164,47519.05955329055,48574.91891848704,48739.27617708368,49125.01560108946,49622.445587247465,50067.900420804755,50350.204362828816,50594.21370126871,51597.534798734545,51841.18307519638,1216.5357101403317,-217,50061.3223661113,True,aggregate_independent_posterior_pairing
downtown,historical_model_estimate,2025-02-28,2024-07-26,8590.53177253826,8815.094871264753,9306.406359970968,9440.878375018872,9680.1233340209,9926.102297960995,10204.0150816112,10397.86343115777,10528.645775131645,11016.928812711,11218.368613979024,672.6686783162296,-217,10542.433354720204,True,2025-02-28_downtown
fscoffee,historical_model_estimate,2025-02-28,2024-07-26,13620.536550001872,13783.256897089146,14172.577152065847,14268.369727793626,14443.783743545573,14673.396992969905,14888.89113642833,15040.541483997045,15126.648870762516,15537.186200703556,15725.923326308992,549.9820870842016,-217,14226.789078420708,True,2025-02-28_fscoffee
hurricane,historical_model_estimate,2025-02-28,2024-07-26,11579.335167321635,11768.498599069182,12140.921706431669,12244.659674143588,12399.318195866172,12625.324989531426,12792.718646621763,12956.966163385594,13032.370528410436,13519.783060162366,13688.5894692255,538.3659014212735,-217,12748.784266742665,True,2025-02-28_hurricane
springdale,historical_model_estimate,2025-02-28,2024-07-26,11290.868903897974,11466.532030355433,11887.8895977768,12002.834237739531,12168.07826465989,12395.167042330562,12634.941306799263,12809.997450357256,12892.107544541997,13306.168665052288,13504.17430600347,574.8099960235157,-217,12543.315666227723,True,2025-02-28_springdale
all,historical_model_estimate,2025-02-28,2024-07-27,45441.80828114676,45737.95333923074,46599.256426853826,46778.763395087124,47120.23247060568,47609.86667159228,48012.655162359355,48287.73351724363,48495.07273313631,49396.7635031804,49783.78401417835,1127.2413446989344,-216,48176.81524054935,True,aggregate_independent_posterior_pairing
downtown,historical_model_estimate,2025-02-28,2024-07-27,8508.337214353913,8712.038208809343,9236.307694460727,9355.45189483343,9533.109488100321,9836.762140802355,10055.162770640132,10226.147569044097,10344.966312686027,10967.87626527922,11134.174740596893,663.2664087275986,-216,10185.361821599116,True,2025-02-28_downtown
fscoffee,historical_model_estimate,2025-02-28,2024-07-27,12031.222260169903,12211.960339534831,12667.83066681832,12774.617822384851,12929.20578585921,13158.159714573465,13388.928130034785,13555.914105039401,13666.533890186316,14192.22045835743,14436.584204801982,594.7864705474151,-216,13982.334437111387,True,2025-02-28_fscoffee
hurricane,historical_model_estimate,2025-02-28,2024-07-27,12009.516787944383,12229.060552434463,12596.510095329739,12676.55537943559,12834.003637218419,13030.396181686985,13254.12469559344,13403.858000095477,13491.545815033895,13953.214243193188,14090.945319703746,533.3609179692422,-216,13318.944655534957,True,2025-02-28_hurricane
springdale,historical_model_estimate,2025-02-28,2024-07-27,10522.271900910508,10620.387557862807,11085.455859405032,11184.641008536339,11334.438334095405,11548.316892037474,11783.978840731092,11939.246268798868,12023.713073988176,12421.961081933843,12588.27017328674,548.6068635229644,-216,10690.174326303895,True,2025-02-28_springdale
all,historical_model_estimate,2025-02-28,2024-07-28,44139.78334376688,44540.87222254579,45391.55325822649,45570.80117324256,45871.650605699804,46347.7723763589,46791.16510810157,47118.42636738019,47314.361711393954,48175.57451332988,48658.18050562677,1118.6339957309228,-215,48750.7075116061,True,aggregate_independent_posterior_pairing
downtown,historical_model_estimate,2025-02-28,2024-07-28,7529.748136163615,7712.312297061721,8244.403655568782,8344.074158945323,8544.77349519351,8804.433424074385,9039.58617566562,9207.187645474009,9298.233589089505,9799.388397134597,10035.707839534369,639.9848382175531,-215,9242.550747854992,True,2025-02-28_downtown
fscoffee,historical_model_estimate,2025-02-28,2024-07-28,12824.102348533152,13005.513254848634,13402.540694569552,13492.859661896782,13648.978176476612,13901.070602219508,14102.355702756186,14276.673327987652,14374.572127015634,14817.72838643613,14992.908654196017,561.9958863222148,-215,14702.511143776848,True,2025-02-28_fscoffee
hurricane,historical_model_estimate,2025-02-28,2024-07-28,12176.900675826633,12333.199375389157,12766.161448315304,12836.830054477194,13008.002583506235,13208.679580155527,13429.76798136533,13583.783271549783,13678.713158386085,14058.211129715119,14202.198763211296,534.3999875255071,-215,13944.308779923856,True,2025-02-28_hurricane
springdale,historical_model_estimate,2025-02-28,2024-07-28,9378.39054108911,9517.060678852951,9995.22357863927,10078.993592584004,10266.992400634179,10483.42690105784,10677.646133927257,10825.078420839358,10907.00768182595,11366.636465404164,11571.559383990785,557.737757738252,-215,10861.3368400504,True,2025-02-28_springdale
all,historical_model_estimate,2025-02-28,2024-07-29,43269.860552760205,43651.92305526671,44552.14105028268,44750.181295231116,45102.541222919965,45561.762614674895,45948.21873485692,46267.56921554797,46444.94950833449,47382.675700184125,47683.414442394416,1134.4979274669317,-214,44688.61158690269,True,aggregate_independent_posterior_pairing
downtown,historical_model_estimate,2025-02-28,2024-07-29,6895.761689001815,7095.015118768872,7612.13275072126,7697.751838552553,7929.481558557043,8224.62128903258,8470.939393452745,8621.948815910604,8748.053724056428,9231.05062541645,9352.221574470546,671.1869376530835,-214,7956.937032982014,True,2025-02-28_downtown
fscoffee,historical_model_estimate,2025-02-28,2024-07-29,13817.383424030251,13994.11841165176,14419.952807954845,14514.422553903176,14670.382345796546,14863.7085172113,15096.70994359781,15270.370876263214,15368.964752611028,15732.235979569337,15892.435060184223,536.7784502915854,-214,14597.28364762324,True,2025-02-28_fscoffee
hurricane,historical_model_estimate,2025-02-28,2024-07-29,11244.934130948912,11426.162533823372,11827.110988000395,11909.134637117555,12065.80167247908,12315.364304934667,12519.11893426387,12677.76565084859,12770.934400782904,13289.496531608,13530.837946788468,565.0637318176326,-214,11900.701080142611,True,2025-02-28_hurricane
springdale,historical_model_estimate,2025-02-28,2024-07-29,9061.50119045726,9247.891438485283,9663.461292022657,9759.140270656299,9945.554476816602,10154.862976989101,10364.564858098931,10531.798479749532,10616.726020213211,10975.76292659661,11204.91023807277,545.3902286556798,-214,10233.689826154829,True,2025-02-28_springdale
all,historical_model_estimate,2025-02-28,2024-07-30,43878.28691768242,44203.01966234542,45200.98002988264,45363.94310819797,45649.64553643809,46026.19781133955,46397.97154812061,46781.60456059364,46997.349225710816,47903.94486906878,48282.23417364538,1107.0286038325269,-213,46648.50758444093,True,aggregate_independent_posterior_pairing
downtown,historical_model_estimate,2025-02-28,2024-07-30,6727.455680831433,7059.153032142916,7563.223057537802,7686.84453185026,7886.648693583958,8118.561218740083,8375.593213754963,8567.688628542086,8676.626680013798,9186.016587420308,9343.370223282453,659.793721462005,-213,9210.992076905,True,2025-02-28_downtown
fscoffee,historical_model_estimate,2025-02-28,2024-07-30,14306.14182713859,14455.989331657858,14861.439222025194,14978.846552622075,15120.174006887613,15303.927677739237,15527.229026640409,15685.524045540358,15782.420541560463,16156.357165861971,16321.19716552619,532.4730860217389,-213,15364.82898209257,True,2025-02-28_fscoffee
hurricane,historical_model_estimate,2025-02-28,2024-07-30,10643.33854939148,10903.947817628567,11234.94361494095,11321.716664023035,11461.516832851821,11686.443914806303,11883.551669291455,12047.311885332318,12135.79394746107,12513.635652463174,12648.675490082464,509.5333886282783,-213,11650.996482543898,True,2025-02-28_hurricane
springdale,historical_model_estimate,2025-02-28,2024-07-30,9907.80588464848,10105.24117928097,10459.890408223942,10570.765736919007,10734.262447610015,10929.609374364672,11138.103935520261,11259.091268302976,11365.297912792334,11792.12036955526,11928.993020694086,529.8909417158135,-213,10421.690042899456,True,2025-02-28_springdale
all,historical_model_estimate,2025-02-28,2024-07-31,45705.27791936577,45971.21697954765,46843.82837552538,47015.38581122098,47379.32193096265,47848.76928021563,48266.1991554659,48606.800464503,48770.5502864217,49670.05843213701,49933.84532593422,1118.9629209881884,-212,48880.444242153804,True,aggregate_independent_posterior_pairing
downtown,historical_model_estimate,2025-02-28,2024-07-31,7743.656820826314,7912.077206512131,8431.894737717157,8543.413630965886,8735.125322131922,8982.893441102326,9202.661911761079,9410.003551200496,9505.59059144113,10067.42142040806,10281.795586935996,664.2488402538817,-212,9594.74769225086,True,2025-02-28_downtown
fscoffee,historical_model_estimate,2025-02-28,2024-07-31,14127.425657706548,14278.09239731447,14721.166916645454,14796.557085017012,14943.106299943815,15159.343902115052,15395.914887779125,15537.61616502454,15607.257812335021,16052.957474062714,16255.143396861082,546.7485885519628,-212,15605.107522319438,True,2025-02-28_fscoffee
hurricane,historical_model_estimate,2025-02-28,2024-07-31,10476.265862676732,10670.840997035459,11142.536298275096,11230.354072054866,11382.940106963339,11599.529491200774,11805.311974290196,11929.01746731316,12022.508298025947,12561.478532890498,12703.008902940515,546.2073036957042,-212,11833.350930347102,True,2025-02-28_hurricane
springdale,historical_model_estimate,2025-02-28,2024-07-31,11044.671611264866,11196.18839291319,11617.897127225324,11719.726224506487,11892.880869263006,12097.410145699596,12280.26226423901,12462.906396648912,12540.953276511817,13000.638815559723,13164.92571952292,540.2311426834013,-212,11847.238097236404,True,2025-02-28_springdale
all,historical_model_estimate,2025-02-28,2024-08-01,46643.204307493135,47077.34904695787,48026.65428160812,48203.148424292594,48461.92181237584,48885.88452099051,49384.32897653965,49705.702426986616,49861.449426705854,50785.2656372988,51060.37768002356,1133.711979729948,-211,48227.381954362994,True,aggregate_independent_posterior_pairing
downtown,historical_model_estimate,2025-02-28,2024-08-01,8816.92808884502,9001.814771815489,9515.492950171665,9634.82244741017,9792.822584223959,10062.025337647701,10264.209399627824,10455.859311560442,10558.19573529007,11049.160160113342,11244.070773009033,625.2110279474246,-211,9855.421894535048,True,2025-02-28_downtown
fscoffee,historical_model_estimate,2025-02-28,2024-08-01,13312.295058187803,13496.176560190337,14025.12129896678,14108.779141735817,14249.088157652746,14432.58941746665,14650.822678760334,14809.443253082656,14889.757438461636,15305.927504567251,15420.777250300715,543.6481986865589,-211,14439.071780359787,True,2025-02-28_fscoffee
hurricane,historical_model_estimate,2025-02-28,2024-08-01,11049.894050666808,11198.21126745926,11631.44703759728,11697.081630726077,11839.965269697876,12014.628120330186,12237.90341049082,12416.129427464432,12500.928787383913,12954.119160324744,13123.379846348122,531.5129266605692,-211,11639.874125889544,True,2025-02-28_hurricane
springdale,historical_model_estimate,2025-02-28,2024-08-01,11352.170789989346,11529.193684107142,11940.578567852079,12020.057280746674,12172.530504302598,12387.56178599341,12593.613939616984,12765.074090663307,12868.282038408273,13387.50095275666,13581.0915615374,556.564414642605,-211,12293.014153578615,True,2025-02-28_springdale
all,historical_model_estimate,2025-02-28,2024-08-02,46762.688248476436,47102.370211558795,48008.752529907615,48217.2102735889,48489.724664817804,48937.87638227376,49331.87518972473,49657.72908378107,49887.12300325286,50833.11618014476,51102.77616152059,1120.1723808390022,-210,47890.09589757438,True,aggregate_independent_posterior_pairing
downtown,historical_model_estimate,2025-02-28,2024-08-02,8956.215729809865,9171.959911309219,9666.597518015898,9772.603925255895,10003.916259815065,10254.880274535331,10511.439136155162,10721.050755911483,10845.105246810273,11318.386090364926,11548.371165670673,666.5104050724831,-210,9695.51728571286,True,2025-02-28_downtown
fscoffee,historical_model_estimate,2025-02-28,2024-08-02,12599.059099855102,12749.688594962336,13254.135853350786,13337.7131481041,13475.61836288823,13653.967673452351,13847.755294874843,14008.89964996028,14110.610228004716,14532.62918206174,14657.104243696975,530.3516547224856,-210,13774.426753273836,True,2025-02-28_fscoffee
hurricane,historical_model_estimate,2025-02-28,2024-08-02,11645.995065662195,11807.037521171658,12259.486465050755,12343.338048628546,12501.743434513515,12728.16008070386,12919.14991632564,13066.842978756604,13159.21614360173,13597.700691315153,13714.437723541492,537.4549157426893,-210,13120.251560299312,True,2025-02-28_hurricane
springdale,historical_model_estimate,2025-02-28,2024-08-02,11265.901802024593,11436.783845869204,11858.753517853365,11957.644178115825,12119.342963429788,12339.638738880858,12517.592355957713,12693.376195431032,12797.662067531151,13227.210634916511,13384.023094478638,550.1833563699242,-210,11299.900298288376,True,2025-02-28_springdale
all,historical_model_estimate,2025-02-28,2024-08-03,45606.20342050391,45949.05830109909,46979.511331296686,47197.14435709229,47590.03425817594,48040.52919418692,48476.55930481489,48819.1719964491,48992.12385218716,49972.803867224255,50390.771055533296,1217.6636895732238,-209,46791.1118831487,True,aggregate_independent_posterior_pairing
downtown,historical_model_estimate,2025-02-28,2024-08-03,8709.542260630375,8955.087369502555,9486.107383131504,9576.071983425209,9758.483291206883,9968.724265084082,10231.911700036835,10423.77829553836,10522.768952188075,11064.0637460446,11342.226795660443,639.6267535015952,-209,9821.590320081888,True,2025-02-28_downtown
fscoffee,historical_model_estimate,2025-02-28,2024-08-03,12422.792810125778,12591.153109707137,13057.286371779097,13154.006877557837,13297.11943991855,13506.008389136823,13683.1104945638,13873.866440400745,13943.58314232581,14367.768961258334,14550.744882850733,534.9925603697357,-209,13521.457623900264,True,2025-02-28_fscoffee
hurricane,historical_model_estimate,2025-02-28,2024-08-03,12088.52714296052,12266.15073413919,12732.041940635165,12807.361180215716,12963.338997600886,13173.673116742204,13381.792948817463,13542.011267064074,13636.738493162278,14056.99029215994,14271.58083210323,541.0057134608439,-209,12454.333495748157,True,2025-02-28_hurricane
springdale,historical_model_estimate,2025-02-28,2024-08-03,10353.337905838209,10470.064331529562,10893.515872204012,10992.407290093313,11138.988682480807,11341.41803063957,11534.458572511056,11707.25344449828,11785.503277704143,12248.886302522822,12421.26470673235,537.3561841502101,-209,10993.730443418392,True,2025-02-28_springdale
all,historical_model_estimate,2025-02-28,2024-08-04,44616.93360063641,44922.07256513192,45878.058776432765,46039.11777702053,46340.60761775318,46726.22908239551,47218.035231186215,47610.45567954237,47746.51071453633,48694.75842643211,48994.690846034915,1132.814077666963,-208,46347.86248360032,True,aggregate_independent_posterior_pairing
downtown,historical_model_estimate,2025-02-28,2024-08-04,7710.645133213228,7981.633826571507,8467.372804569346,8561.817745400022,8740.745528714204,8973.224922860318,9226.876797248837,9406.263455163402,9524.058804351253,10104.621248759597,10278.571162086184,645.1800877276344,-208,9206.926391349818,True,2025-02-28_downtown
fscoffee,historical_model_estimate,2025-02-28,2024-08-04,13073.088734723065,13300.92359572099,13729.205040569987,13829.356758063706,13979.344164826336,14220.795764766892,14407.51037779453,14532.096538532587,14598.544337522406,15090.09573054939,15246.91284501344,547.5820219063393,-208,13958.518551229736,True,2025-02-28_fscoffee
hurricane,historical_model_estimate,2025-02-28,2024-08-04,12263.45101599469,12441.908518225378,12898.935112798066,12982.554788168003,13113.41893489225,13321.231618945309,13507.282888909236,13645.13238027665,13738.561695769165,14170.086672772828,14370.852897304736,527.392087963863,-208,12840.231777937372,True,2025-02-28_hurricane
springdale,historical_model_estimate,2025-02-28,2024-08-04,9259.386866559356,9364.192720513885,9822.34105718209,9910.130196315042,10057.488593487575,10303.947751390633,10497.592988817156,10657.09146109319,10746.366642097448,11190.423088793776,11371.456490265591,543.6897710571161,-208,10342.185763083397,True,2025-02-28_springdale
all,historical_model_estimate,2025-02-28,2024-08-05,43405.022838993915,43749.88833857202,44642.26115412203,44862.11366350158,45161.628221696854,45644.18700753481,46003.23003630613,46321.910512380346,46563.53588748998,47465.472646614,47801.18873494745,1113.3414004652711,-207,45135.968324950554,True,aggregate_independent_posterior_pairing
downtown,historical_model_estimate,2025-02-28,2024-08-05,7130.275372506123,7286.837833067443,7822.518178729929,7919.173745414569,8082.966116005592,8298.826437290016,8539.319211916963,8727.34583665124,8826.800327517924,9309.058425083047,9470.691135759396,618.2672775627641,-207,8250.121492515498,True,2025-02-28_downtown
fscoffee,historical_model_estimate,2025-02-28,2024-08-05,14061.588908728612,14279.907079244327,14656.883519193818,14752.145025835005,14894.667010736865,15115.306490606676,15302.221547983543,15441.013502725651,15510.327965995926,15947.38812125327,16070.476728453104,511.9008977865382,-207,15097.301456747906,True,2025-02-28_fscoffee
hurricane,historical_model_estimate,2025-02-28,2024-08-05,11186.37596039288,11381.161000137447,11865.316867215359,11962.107748674202,12092.349418280235,12307.737335316222,12505.561036211993,12639.632147752865,12750.315572752563,13155.403142491763,13352.267064106347,535.5968276040599,-207,12212.353130062893,True,2025-02-28_hurricane
springdale,historical_model_estimate,2025-02-28,2024-08-05,8842.43406196481,9005.940553017575,9447.990113314909,9543.665925551575,9713.647477680815,9905.489049548862,10114.086601743362,10288.198884004705,10371.705901512443,10787.851506306135,10925.006595189136,543.5970527720771,-207,9576.192245624256,True,2025-02-28_springdale
all,historical_model_estimate,2025-02-28,2024-08-06,44128.490405041695,44443.670735772524,45339.253405833435,45480.6927910508,45824.06478310643,46249.75320601277,46673.46607438618,47032.55147960625,47170.00604683863,48100.00116219866,48443.84732437689,1119.1340553635084,-206,45114.59823779085,True,aggregate_independent_posterior_pairing
downtown,historical_model_estimate,2025-02-28,2024-08-06,7156.4341118146485,7275.197205413725,7819.884447537251,7900.132334060033,8077.675163907774,8347.101954728421,8584.546059911461,8752.938778707388,8866.321193131496,9357.625283786365,9549.25417461138,625.4990992693894,-206,7986.035731724696,True,2025-02-28_downtown
fscoffee,historical_model_estimate,2025-02-28,2024-08-06,14592.432000019213,14767.475634125041,15160.29059891739,15269.109896600916,15379.139121905318,15602.539961752362,15792.684052261053,15950.676790109228,16005.061291281554,16406.068551538887,16513.17802122376,503.9160560099503,-206,15246.080183199208,True,2025-02-28_fscoffee
hurricane,historical_model_estimate,2025-02-28,2024-08-06,10620.571762413261,10755.632467765998,11215.961564933777,11314.308971655772,11459.501281725308,11644.440822113704,11841.765039532665,12018.011513393372,12122.783668594298,12583.526239709967,12710.70640468373,547.9680258441584,-206,11246.740934733163,True,2025-02-28_hurricane
springdale,historical_model_estimate,2025-02-28,2024-08-06,9602.030575800873,9756.345334001191,10195.393683142142,10282.376919782328,10456.300438432283,10683.917181788955,10871.15341007158,11011.774003716977,11114.075655538412,11495.616494806294,11703.574566551752,533.5144779848775,-206,10635.741388133783,True,2025-02-28_springdale
all,historical_model_estimate,2025-02-28,2024-08-07,45810.48138041614,46252.650159134624,47059.537330644685,47251.56431013248,47616.152696256606,48088.35426164554,48509.98585504414,48887.732675369065,49092.38614425315,49951.287022371376,50447.20163537276,1196.3924162192518,-205,45925.19527579255,True,aggregate_independent_posterior_pairing
downtown,historical_model_estimate,2025-02-28,2024-08-07,7730.6515597164225,8007.512479833255,8589.483217568633,8705.145258162618,8882.605179970833,9122.909419024883,9396.65975337219,9566.283814589888,9679.257884478404,10191.859208555385,10400.646389370304,669.4823751206387,-205,8286.437307676802,True,2025-02-28_downtown
fscoffee,historical_model_estimate,2025-02-28,2024-08-07,14500.841615848305,14688.669471372094,15090.734345591773,15163.50717276413,15324.805045416382,15528.306685708296,15757.680608861556,15896.867982834008,15984.659570130782,16442.64154841713,16609.246808474687,533.6802471794704,-205,15172.10097305834,True,2025-02-28_fscoffee
hurricane,historical_model_estimate,2025-02-28,2024-08-07,10569.659339771084,10698.577988136316,11145.194624530915,11227.49784223603,11370.734852117206,11560.673372490117,11767.138527685502,11912.64733556324,11998.683878756656,12453.09699103855,12649.197363625062,525.0939931172976,-205,10661.825596448482,True,2025-02-28_hurricane
springdale,historical_model_estimate,2025-02-28,2024-08-07,10648.298486353991,10877.967678522795,11364.650534809702,11467.132688588435,11642.642254851711,11852.944628947991,12085.831114027918,12253.552263923768,12333.468444640292,12744.87409243514,12916.412518526116,562.6550637793074,-205,11804.831398608916,True,2025-02-28_springdale
all,historical_model_estimate,2025-02-28,2024-08-08,46490.805112929185,46948.267132577086,47834.907819401735,48066.876349620805,48372.10883434393,48806.014226351064,49199.00345701119,49546.47909703171,49695.44915136749,50487.40571849366,50857.536410525754,1090.603472133896,-204,50057.30437303125,True,aggregate_independent_posterior_pairing
downtown,historical_model_estimate,2025-02-28,2024-08-08,8716.00761389109,8914.798137290827,9438.627140197872,9556.388964827165,9727.20689169651,9958.230543874073,10185.953284977943,10352.343055782465,10474.497132183436,11010.700802974172,11113.278438475965,612.6842124148064,-204,10646.5918889797,True,2025-02-28_downtown
fscoffee,historical_model_estimate,2025-02-28,2024-08-08,13727.503422912278,13909.184959546463,14307.047172165425,14420.114604728577,14576.318402619618,14786.356220993512,14958.372729644238,15120.091744813282,15213.030465260508,15619.436965296994,15750.855599853661,529.1334268062596,-204,15007.549326792763,True,2025-02-28_fscoffee
hurricane,historical_model_estimate,2025-02-28,2024-08-08,10769.257246315143,10921.489746989299,11419.583303694715,11507.035197110901,11647.103166260671,11864.478492960487,12059.84655707922,12208.10811742493,12277.813661763461,12677.005346304575,12820.576219000288,528.4915938505058,-204,12001.051410675704,True,2025-02-28_hurricane
springdale,historical_model_estimate,2025-02-28,2024-08-08,11099.358278407213,11289.474859905416,11757.363873628547,11827.638892643206,11978.729351882444,12226.206137833055,12457.401826358215,12605.461483572057,12688.692529165297,13067.190728387395,13265.122372776523,552.5771908938304,-204,12402.11174658308,True,2025-02-28_springdale
all,historical_model_estimate,2025-02-28,2024-08-09,46853.299238594875,47225.642049182294,48155.586018152695,48292.327441784364,48570.86007531614,48989.99902649869,49417.82897542545,49726.738118290275,49889.46846966122,50789.88280497586,50953.08106891422,1083.458335589738,-203,47922.96770390528,True,aggregate_independent_posterior_pairing
downtown,historical_model_estimate,2025-02-28,2024-08-09,8934.463361829066,9127.181030185593,9680.39334331022,9800.635622355016,9971.785252849526,10227.878032585715,10446.33498254064,10629.833205130239,10723.368426024193,11275.09296350638,11462.798489401725,644.2103230516886,-203,9833.451960349714,True,2025-02-28_downtown
fscoffee,historical_model_estimate,2025-02-28,2024-08-09,13090.636413781618,13268.273495836715,13676.908277840044,13752.443842529452,13919.450619505002,14125.125458055387,14304.584930822362,14468.399210610703,14530.75504029722,14934.361440005057,15118.041029925413,505.31497997043857,-203,13790.797861419573,True,2025-02-28_fscoffee
hurricane,historical_model_estimate,2025-02-28,2024-08-09,11557.53953794945,11774.883029225839,12161.45141348,12240.026008052857,12391.246769939162,12610.690848980488,12801.608347615838,12962.89102496333,13046.54077870025,13464.441300417435,13633.161005127566,524.0809198597656,-203,11590.4169902772,True,2025-02-28_hurricane
springdale,historical_model_estimate,2025-02-28,2024-08-09,10962.88483843711,11151.67650959827,11617.559271465978,11713.59456327047,11881.3697512497,12074.276537654998,12261.456720253467,12425.615699604774,12518.26813444315,12917.338197965451,13051.48853177964,540.5070122485635,-203,12708.300891858791,True,2025-02-28_springdale
all,historical_model_estimate,2025-02-28,2024-08-10,46048.03138595618,46321.18070140701,47284.89695292768,47480.29827785634,47814.17947124353,48286.55840112794,48687.14251432135,49007.41666301724,49221.97818625601,50163.73851317611,50630.25218390427,1170.6050009963838,-202,48788.9332789217,True,aggregate_independent_posterior_pairing
downtown,historical_model_estimate,2025-02-28,2024-08-10,8789.319104054523,9012.550064522922,9552.385006062173,9613.176933002504,9790.74101425438,10035.280273945522,10276.707498072445,10440.098751347876,10573.569323553033,11052.506877257729,11330.249599526765,620.0662081078428,-202,9424.370845747148,True,2025-02-28_downtown
fscoffee,historical_model_estimate,2025-02-28,2024-08-10,12992.707007708359,13140.160728990117,13657.743784988159,13745.081267566591,13878.641190543489,14050.796061675777,14273.02625954784,14419.98135516142,14502.80364920843,14895.10785085719,14993.645235634242,520.4202947448772,-202,14357.039653974114,True,2025-02-28_fscoffee
hurricane,historical_model_estimate,2025-02-28,2024-08-10,11845.720268503223,12001.442894165992,12486.725819311807,12570.597429386327,12753.864800027683,12951.207721212475,13153.208820759279,13303.981415429003,13414.5614012035,13884.447393484428,14002.550963124657,562.3712665651595,-202,13854.212701149483,True,2025-02-28_hurricane
springdale,historical_model_estimate,2025-02-28,2024-08-10,10061.224010608745,10298.201107236464,10751.957924883505,10853.737255879263,11008.276595107705,11219.986102844534,11416.8779560514,11595.13653190931,11657.685619767213,12100.457166713637,12310.501474242046,545.6126634720941,-202,11153.310078050956,True,2025-02-28_springdale
all,historical_model_estimate,2025-02-28,2024-08-11,45099.999539162374,45545.88731173941,46357.461607237645,46531.94746133361,46811.93255417809,47234.387644516086,47694.71929587945,48016.271302588146,48187.68242292661,49091.46726921305,49482.26896997771,1104.8551100459295,-201,48480.30431396491,True,aggregate_independent_posterior_pairing
downtown,historical_model_estimate,2025-02-28,2024-08-11,7649.994970140397,7925.647600548884,8519.156608134614,8617.691804608352,8763.824003823689,8975.705037462729,9244.802802350949,9418.06021334547,9509.806783745891,10058.153806052698,10262.085024732865,630.7121515820071,-201,8941.723997948158,True,2025-02-28_downtown
fscoffee,historical_model_estimate,2025-02-28,2024-08-11,13841.196279766504,14009.275014512123,14359.527806304306,14437.069234154309,14612.621465557066,14803.113891907587,15007.049098946572,15160.485353327615,15255.31158061232,15665.039845129972,15805.029837028207,517.1957510898148,-201,14899.95751504913,True,2025-02-28_fscoffee
hurricane,historical_model_estimate,2025-02-28,2024-08-11,12067.105056971966,12293.85589951712,12691.387508836164,12804.652241282301,12955.275037471798,13147.49254126662,13385.197523788811,13529.586604526407,13638.001102226384,14048.525451430478,14186.53707135815,544.7165073606382,-201,13302.007275445692,True,2025-02-28_hurricane
springdale,historical_model_estimate,2025-02-28,2024-08-11,9245.04424896725,9387.347758733327,9784.947399482133,9905.796521691293,10073.916974097263,10283.834500248879,10507.075989698898,10673.203235088273,10787.484079316862,11180.986411713935,11319.78228459626,553.1919524928276,-201,11336.61552552193,True,2025-02-28_springdale
all,historical_model_estimate,2025-02-28,2024-08-12,43907.175585729994,44365.6893232956,45245.88856353477,45405.82447929143,45738.89237303139,46220.08966504104,46665.89529843201,46985.86722420871,47219.72224890711,48145.095588339325,48350.00470789218,1146.5182336588532,-200,46246.360936282916,True,aggregate_independent_posterior_pairing
downtown,historical_model_estimate,2025-02-28,2024-08-12,7040.322026565495,7239.045192614154,7734.513439082244,7839.98814306866,7994.155935395652,8218.50663820605,8501.188153024903,8685.852071920386,8780.516449341743,9295.796561738998,9410.389126520873,621.0709035933621,-200,7663.530128634806,True,2025-02-28_downtown
fscoffee,historical_model_estimate,2025-02-28,2024-08-12,14715.956415813444,14877.058658502403,15315.058016936766,15406.335341403566,15572.096682706248,15799.91547006789,16018.074096841929,16199.98162020216,16287.386415176885,16641.07275824177,16844.12125561182,551.6073447047423,-200,17074.245387740524,True,2025-02-28_fscoffee
hurricane,historical_model_estimate,2025-02-28,2024-08-12,11144.625315143603,11312.20306494654,11730.363238016238,11817.512091591725,11989.335783045792,12190.531793999224,12388.908341637281,12523.748850983444,12641.964095282516,13078.115636713721,13217.632731129479,529.8150910645767,-200,11883.846499396332,True,2025-02-28_hurricane
springdale,historical_model_estimate,2025-02-28,2024-08-12,8943.549143866636,9157.72583092985,9495.685051742003,9585.767255548868,9775.967970023798,9999.207144019283,10193.884164926103,10367.487690555203,10469.34667364715,10827.818667398462,11007.640410565285,545.4552642609419,-200,9624.738920511252,True,2025-02-28_springdale
all,historical_model_estimate,2025-02-28,2024-08-13,44726.48861426475,45087.09252229163,45917.93361039932,46143.84701085225,46463.59683238533,46887.068272812015,47292.47265151135,47643.399396576766,47806.38118577117,48755.27729397991,49013.900228876606,1115.541638580762,-199,,False,aggregate_independent_posterior_pairing
downtown,historical_model_estimate,2025-02-28,2024-08-13,6905.808117055858,7160.207442486957,7664.644508951616,7755.037889487875,7955.066527240034,8229.444946673437,8508.738225123421,8685.491082734297,8802.505360691866,9293.030541019687,9488.226580604798,669.0198606144944,-199,,False,2025-02-28_downtown
fscoffee,historical_model_estimate,2025-02-28,2024-08-13,15342.872139662986,15479.629797864838,15949.49209627509,16033.387511445379,16200.2543827591,16439.07198259094,16622.908248696443,16795.202101236613,16854.54778921118,17283.752284561204,17406.35204575002,540.400153216486,-199,16417.311044042646,True,2025-02-28_fscoffee
hurricane,historical_model_estimate,2025-02-28,2024-08-13,10525.473968497865,10648.132697387815,11107.616883179346,11203.860441498262,11365.440196722946,11574.704708041492,11748.916900012406,11898.404167788955,11999.779430928229,12428.771687612207,12579.452899457232,531.5113386739089,-199,11584.590530176478,True,2025-02-28_hurricane
springdale,historical_model_estimate,2025-02-28,2024-08-13,9726.607396580604,9851.546743515528,10268.315371002875,10349.703702701088,10500.853414956027,10703.55168406446,10894.993743933359,11048.656876197996,11127.240214567544,11577.560239302564,11725.400353821566,516.9128344764172,-199,9766.947401185267,True,2025-02-28_springdale
all,historical_model_estimate,2025-02-28,2024-08-14,46365.462127910054,46733.58022468924,47684.97241121559,47857.49945824814,48123.42914521962,48668.19393276333,49114.91278524759,49424.91101056217,49562.197749234576,50452.63127389714,50819.61145781462,1150.1379860965346,-198,,False,aggregate_independent_posterior_pairing
downtown,historical_model_estimate,2025-02-28,2024-08-14,7739.601616351921,7999.721277564279,8466.541679585547,8601.490367655098,8768.417781353308,9007.121682943587,9283.483850475006,9472.318403763293,9555.491440068616,10001.860236296321,10147.760541096346,642.3633155877806,-198,,False,2025-02-28_downtown
fscoffee,historical_model_estimate,2025-02-28,2024-08-14,15192.487794470298,15365.012752750394,15853.846050205733,15945.553872765046,16097.481717583487,16295.168553553824,16525.350177072087,16698.618251526044,16787.46380042453,17198.397116450957,17399.71767818551,554.3626541297936,-198,15695.886236672615,True,2025-02-28_fscoffee
hurricane,historical_model_estimate,2025-02-28,2024-08-14,10416.960983314919,10570.959461597171,11020.083239026895,11087.495272488666,11241.201803714177,11470.794222459275,11690.261447919986,11831.130464497292,11933.154906859383,12362.129635232779,12557.6530406229,546.1710913385211,-198,11390.809582750177,True,2025-02-28_hurricane
springdale,historical_model_estimate,2025-02-28,2024-08-14,10865.964232605751,11004.285434736297,11395.058584764754,11476.537052427668,11631.999269750022,11808.93714512619,12018.775316118848,12168.222545355045,12243.069335108115,12718.67912522038,12871.940968621424,518.3285821537844,-198,10883.861924091983,True,2025-02-28_springdale
all,historical_model_estimate,2025-02-28,2024-08-15,47275.90123743758,47705.66652599944,48489.09933008449,48678.967943465614,49004.4262796665,49464.370683157234,49933.75716478071,50238.981493752544,50414.20989444608,51288.35804032838,51604.851938198764,1132.2793014360261,-197,48878.949983726634,True,aggregate_independent_posterior_pairing
downtown,historical_model_estimate,2025-02-28,2024-08-15,8840.92820748426,9034.92834292319,9500.119529883978,9608.84123160756,9788.718217678237,10015.125413787642,10264.575414251454,10465.250043524038,10564.775496644184,11038.30589843291,11237.724787369454,617.7922255731107,-197,10224.524735342056,True,2025-02-28_downtown
fscoffee,historical_model_estimate,2025-02-28,2024-08-15,14433.01160161223,14555.197411494624,14985.44143371662,15099.365698572354,15262.952824013302,15499.255456257055,15691.88781860002,15831.475533002216,15916.555525225354,16383.785749115077,16530.366523464254,553.5297620100107,-197,15853.29642889935,True,2025-02-28_fscoffee
hurricane,historical_model_estimate,2025-02-28,2024-08-15,10853.082855996114,11008.325536244578,11391.134431545324,11489.482973299848,11652.310529897022,11846.55664886646,12032.081608329845,12194.241514126148,12277.56059687691,12737.25565774326,12904.11023759918,527.6817885560574,-197,11606.110945499366,True,2025-02-28_hurricane
springdale,historical_model_estimate,2025-02-28,2024-08-15,11057.751515255732,11264.66751218071,11630.302619714063,11732.616920114135,11896.663276219886,12144.442232439997,12358.52285208866,12501.656778157403,12588.065943517337,13032.946289023235,13177.160941809143,554.3118382438378,-197,11195.017873985858,True,2025-02-28_springdale
all,historical_model_estimate,2025-02-28,2024-08-16,47245.38275656667,47490.76810789956,48474.68351021594,48654.99102622603,49044.921368328134,49472.25781214454,49970.4773887449,50276.85118279232,50420.700832067116,51221.35453586161,51505.44171529405,1145.351253645556,-196,49779.101415312536,True,aggregate_independent_posterior_pairing
downtown,historical_model_estimate,2025-02-28,2024-08-16,8984.942455385491,9131.893804670173,9665.194054245421,9765.393338075415,9990.913957376855,10247.666770315625,10449.093525144703,10631.039340353254,10740.628943616466,11226.498425546628,11446.639374148972,635.2271382509504,-196,9324.913374974716,True,2025-02-28_downtown
fscoffee,historical_model_estimate,2025-02-28,2024-08-16,13732.313334787159,13901.684348413819,14300.323662675544,14382.153972393811,14560.27222933511,14745.380380988481,14942.330534356786,15085.71785161332,15171.20576747344,15535.857293425343,15679.011667049637,508.66568298796886,-196,14864.856747038104,True,2025-02-28_fscoffee
hurricane,historical_model_estimate,2025-02-28,2024-08-16,11487.429219869551,11704.515972239838,12137.148655795583,12237.17007457234,12384.77714758809,12583.65421014433,12791.477517384443,12960.83386397328,13066.933894186779,13494.796480078654,13684.160147649649,545.2937693713778,-196,13291.618487203788,True,2025-02-28_hurricane
springdale,historical_model_estimate,2025-02-28,2024-08-16,10852.659700429127,10975.273845691108,11480.519786121547,11564.946088921273,11697.797850390687,11929.272713167153,12129.18557364223,12288.531377428983,12382.118297494913,12796.63789136322,12997.73500639674,544.1336670101288,-196,12297.712806095928,True,2025-02-28_springdale
all,historical_model_estimate,2025-02-28,2024-08-17,46155.69388048591,46601.4027510878,47506.232096421954,47725.96338510421,48139.981022259744,48567.060070398176,48993.663167814644,49357.067905541735,49485.423114566205,50294.035310772124,50795.428679710734,1165.854540510765,-195,,False,aggregate_independent_posterior_pairing
downtown,historical_model_estimate,2025-02-28,2024-08-17,8508.276522150909,8825.879312976233,9378.47055053211,9480.042088930066,9653.381817451784,9931.67598792649,10186.989211952656,10347.61544281564,10449.081841556084,10911.162561860445,11173.919310314563,647.4561671924232,-195,,False,2025-02-28_downtown
fscoffee,historical_model_estimate,2025-02-28,2024-08-17,13554.904872734678,13705.169006686812,14147.29825613737,14225.192467756604,14390.06198286798,14566.655105912414,14771.64629401539,14915.1186985132,15013.572829025994,15475.663492575368,15619.814814640933,518.400128213361,-195,14850.291715031684,True,2025-02-28_fscoffee
hurricane,historical_model_estimate,2025-02-28,2024-08-17,11989.02530638637,12190.797715065783,12606.233800475069,12695.733588378813,12846.791827328816,13083.105226046526,13273.537966728174,13418.524903027157,13514.715671918855,13947.20588040035,14121.765156222047,543.5634607203875,-195,13553.629990919577,True,2025-02-28_hurricane
springdale,historical_model_estimate,2025-02-28,2024-08-17,9923.116099217872,10065.799565492927,10500.199342390675,10616.469099004269,10765.745949215587,10983.070126611914,11208.601756995457,11340.473804144774,11419.658043168942,11850.415043321816,12042.39169373167,553.803538314434,-195,11277.051595949071,True,2025-02-28_springdale
all,historical_model_estimate,2025-02-28,2024-08-18,45359.854004243876,45651.20197745837,46626.784488319085,46781.26175918854,47105.91977144505,47544.022365139506,47923.8645147035,48327.761968614854,48521.93116168864,49465.16177575521,49790.45222421274,1130.220744067765,-194,47360.65414899685,True,aggregate_independent_posterior_pairing
downtown,historical_model_estimate,2025-02-28,2024-08-18,7659.246763835781,7886.318046537122,8366.830251264322,8455.529528448913,8635.478081511354,8899.288944575586,9174.256719213869,9395.738619963684,9527.12780531155,10092.135352317702,10241.715343016276,670.6799019041176,-194,9251.059223606266,True,2025-02-28_downtown
fscoffee,historical_model_estimate,2025-02-28,2024-08-18,14273.391781742563,14434.243251178405,14798.16097147653,14881.402738024826,15041.624927685936,15259.829603576127,15456.197814893523,15575.005102075203,15676.72122303522,16133.76645382683,16251.968911813761,510.6852287504405,-194,14509.176181726132,True,2025-02-28_fscoffee
hurricane,historical_model_estimate,2025-02-28,2024-08-18,12225.479780233294,12348.072672829067,12818.280101377086,12924.725844263343,13045.558942188423,13229.616300591639,13458.83347902742,13614.614981413974,13702.635254244677,14134.400927506611,14288.020478249991,523.7032185972669,-194,13032.556433343349,True,2025-02-28_hurricane
springdale,historical_model_estimate,2025-02-28,2024-08-18,9078.17858482162,9194.851980818587,9642.208741350885,9749.610751841077,9915.18087617594,10113.878124841272,10307.507130993581,10474.40210490061,10566.742979513425,11030.461259834718,11228.258600635718,541.483699013949,-194,10567.862310321105,True,2025-02-28_springdale
all,historical_model_estimate,2025-02-28,2024-08-19,43490.911461113086,43865.08295362209,44864.22342324821,45081.0123344701,45383.83459858189,45801.26981542421,46270.20071835896,46663.77426418333,46892.97066001123,47783.614172569934,48158.30123547442,1209.0857167520837,-193,45019.10108927558,True,aggregate_independent_posterior_pairing
downtown,historical_model_estimate,2025-02-28,2024-08-19,6935.18247829647,7108.514061548227,7620.976209682899,7725.703258355086,7941.684306660056,8229.925835827082,8476.730167831895,8651.790156976878,8755.29816092158,9298.798286124744,9496.058413193608,665.0414635597674,-193,7880.858391651012,True,2025-02-28_downtown
fscoffee,historical_model_estimate,2025-02-28,2024-08-19,14508.958470517016,14667.586965096503,15136.007502462018,15234.698841901705,15428.127497911626,15669.256375313094,15907.51267050532,16078.169861452723,16220.92372802439,16713.70026605581,16902.744148197846,625.6501999109677,-193,14374.300126525382,True,2025-02-28_fscoffee
hurricane,historical_model_estimate,2025-02-28,2024-08-19,11162.356603412278,11315.266347878962,11784.489444854366,11876.601170910828,12038.829245702442,12254.165727834014,12480.223392834305,12643.834663955437,12723.906492948778,13095.73646625892,13310.021010911281,552.1823347961786,-193,13282.569968516682,True,2025-02-28_hurricane
springdale,historical_model_estimate,2025-02-28,2024-08-19,8672.695664664172,8813.623642032846,9275.925394286794,9370.972211661907,9524.552357253991,9719.107031319116,9896.200580908784,10050.971544179145,10150.671407500182,10639.702778223364,10843.863456133668,551.8184914140769,-193,9481.372602582504,True,2025-02-28_springdale
all,historical_model_estimate,2025-02-28,2024-08-20,44850.899726719486,45151.787300425276,46125.30922923359,46336.09783283141,46680.11446583124,47115.39678398128,47525.22737925932,47901.68626821341,48097.30914504005,49029.12519660739,49465.85618916885,1176.7968283938615,-192,48422.51917501055,True,aggregate_independent_posterior_pairing
downtown,historical_model_estimate,2025-02-28,2024-08-20,6992.366185178181,7164.62505546841,7694.979986225264,7785.993016503162,7976.928351343955,8212.251809915928,8418.557629656536,8595.240979475133,8707.916144971075,9203.408542018722,9450.075935511237,609.7223310593173,-192,9571.274581483198,True,2025-02-28_downtown
fscoffee,historical_model_estimate,2025-02-28,2024-08-20,14739.577655659283,14901.782845410253,15419.688344385891,15529.239816896516,15662.274930345628,15900.617451721251,16166.443100673976,16318.580640555956,16428.909991598433,16947.881726077903,17168.381644019428,620.4542984533704,-192,16203.913427690908,True,2025-02-28_fscoffee
hurricane,historical_model_estimate,2025-02-28,2024-08-20,10572.957353309304,10787.448012164408,11251.635977859996,11350.658991329803,11508.122411373384,11737.78167540328,11937.658627691515,12108.180963473958,12210.14454310761,12669.882941837637,12835.70124227485,569.6950593481602,-192,11625.8167181094,True,2025-02-28_hurricane
springdale,historical_model_estimate,2025-02-28,2024-08-20,10024.74085663034,10234.251745575586,10761.610116524073,10850.656464187106,11035.714195530822,11308.687388928814,11510.233419534425,11674.695033136464,11771.51919595528,12225.879893748464,12424.461766225151,611.4952529466228,-192,11021.514447727046,True,2025-02-28_springdale
all,historical_model_estimate,2025-02-28,2024-08-21,45848.6583620701,46230.90951511439,47036.09339022366,47216.930816966706,47567.27235765595,48006.847207009414,48438.04806698083,48776.96115533566,48969.97903820744,49840.15861998267,50149.16543276646,1118.9622307866455,-191,46823.73412475277,True,aggregate_independent_posterior_pairing
downtown,historical_model_estimate,2025-02-28,2024-08-21,6933.091253447851,7083.476991542243,7704.817726646538,7810.215424319096,8006.552959569813,8237.262694422254,8485.990154592426,8692.756992744042,8816.481929050837,9417.119055235742,9604.38816463246,681.1400043947342,-191,7964.254693714312,True,2025-02-28_downtown
fscoffee,historical_model_estimate,2025-02-28,2024-08-21,14491.347133326464,14722.250673788152,15206.271196052227,15293.52684320018,15431.413501883826,15618.588946761101,15845.948808681653,15990.628852412272,16119.100055391851,16473.15858647825,16620.46800849742,549.4654078387696,-191,14935.34488627565,True,2025-02-28_fscoffee
hurricane,historical_model_estimate,2025-02-28,2024-08-21,10588.770022096129,10731.344083459071,11182.36247218235,11270.46337279887,11437.515085058101,11642.538070673152,11844.631063660807,11975.22151819454,12063.974457821456,12552.112392238276,12663.821932152452,534.5224338116967,-191,11567.30759961791,True,2025-02-28_hurricane
springdale,historical_model_estimate,2025-02-28,2024-08-21,11325.134895430587,11474.02444525741,11979.297723515385,12098.126002793297,12268.053588273211,12544.232502143528,12734.415434065588,12882.973571747709,12955.346014020082,13416.94999522484,13616.910994833244,588.0088556918496,-191,12356.826945144903,True,2025-02-28_springdale
all,historical_model_estimate,2025-02-28,2024-08-22,46654.94171588043,47032.64906678507,47929.231959475255,48095.10166328119,48426.49150705004,48910.86195257718,49276.50697256582,49630.46525234087,49828.05987457328,50796.87311738285,51161.48461978589,1151.3172408869373,-190,,False,aggregate_independent_posterior_pairing
downtown,historical_model_estimate,2025-02-28,2024-08-22,8056.220267783441,8196.662934149424,8653.981671985102,8767.253983140621,8974.949330075495,9196.539760431933,9444.453220246034,9610.705345482003,9734.0382981062,10323.059966709514,10499.444613400083,639.0225166903359,-190,8052.402626756439,True,2025-02-28_downtown
fscoffee,historical_model_estimate,2025-02-28,2024-08-22,13684.70190126052,13860.401455749748,14379.51352953624,14461.36066208519,14638.20505234967,14846.592331800219,15046.6582342001,15184.113243855136,15293.08559917699,15695.014446217885,15805.055265602266,545.2907156434538,-190,14033.165700473755,True,2025-02-28_fscoffee
hurricane,historical_model_estimate,2025-02-28,2024-08-22,10886.854958066271,11128.920531984257,11573.9338458123,11669.030845709662,11824.125933779784,12002.392568625111,12214.909363392155,12348.988305682156,12435.066760895144,12823.603875731997,13014.226018113199,528.928745490036,-190,,False,2025-02-28_hurricane
springdale,historical_model_estimate,2025-02-28,2024-08-22,11580.22815606155,11941.570328523183,12364.330916333593,12446.190986537782,12624.11414688802,12831.786250888093,13065.99290641065,13222.347108783762,13319.092503375194,13747.834866609013,13934.194147421811,578.0944774295806,-190,13688.886137958842,True,2025-02-28_springdale
all,historical_model_estimate,2025-02-28,2024-08-23,44446.07919812967,44800.942817172945,45768.75314824405,45986.073761365216,46332.30054484149,46814.969479571984,47303.26601170272,47636.475178001114,47910.530001256135,48836.47731945065,49239.31797900222,1219.0500929188208,-189,47828.734964271614,True,aggregate_independent_posterior_pairing
downtown,historical_model_estimate,2025-02-28,2024-08-23,7901.132657637707,8049.886598707892,8616.249543526763,8715.28240774234,8912.772799641609,9180.335819384163,9465.290781624537,9645.859682183916,9736.954262142113,10284.180143269745,10461.795939370426,668.6546296691047,-189,9421.774643914445,True,2025-02-28_downtown
fscoffee,historical_model_estimate,2025-02-28,2024-08-23,12905.692134555235,13021.177404997848,13466.564132872618,13552.485052074819,13720.900217664977,13916.415497556107,14127.504832937644,14308.563547781872,14384.7783716927,14804.278364351203,14937.45234177509,536.8053265093215,-189,14183.022012362324,True,2025-02-28_fscoffee
hurricane,historical_model_estimate,2025-02-28,2024-08-23,11609.155687263523,11781.747756001983,12254.059900326052,12345.025385404977,12530.743467742988,12735.126639894968,12945.443458681122,13108.730351635148,13191.190185486734,13583.578216914539,13751.54303754855,548.8564971474666,-189,13473.861611107392,True,2025-02-28_hurricane
springdale,historical_model_estimate,2025-02-28,2024-08-23,9820.810706279455,10024.017378358652,10478.439266483821,10575.70602266778,10748.134724164678,10997.60841051727,11227.993549434084,11402.42968262478,11499.940262423557,12014.442984977924,12158.467271679338,620.508868016811,-189,10750.076696887456,True,2025-02-28_springdale
all,historical_model_estimate,2025-02-28,2024-08-24,44804.1594080269,45081.886985244666,46126.44917517138,46364.716119844285,46719.533925687814,47114.980322813564,47515.51519957523,47837.6824058402,48024.329405055905,48865.22947839003,49119.88515129377,1128.8248961102272,-188,45931.2540399229,True,aggregate_independent_posterior_pairing
downtown,historical_model_estimate,2025-02-28,2024-08-24,7757.540013087255,7913.617949908394,8499.501643225924,8609.65358161201,8778.205934513251,9061.575297885434,9306.329697611001,9524.174829989279,9615.462530335235,10095.829849028882,10350.05031314379,667.1110187694163,-188,8472.732171260204,True,2025-02-28_downtown
fscoffee,historical_model_estimate,2025-02-28,2024-08-24,12750.384369739773,12921.646552534447,13339.063988475446,13398.968917467346,13554.03864602037,13758.523173994161,13984.242423140637,14136.42827728708,14219.83247181846,14671.136241832228,14846.22683743887,527.602678831175,-188,12608.365945477752,True,2025-02-28_fscoffee
hurricane,historical_model_estimate,2025-02-28,2024-08-24,12237.136027661336,12371.935502513867,12817.983390477804,12883.284165907384,13036.775125783497,13233.617067527142,13528.199844820265,13667.900402399611,13759.872112843765,14192.383107058171,14300.586129243615,552.9225679753596,-188,14121.84994560321,True,2025-02-28_hurricane
springdale,historical_model_estimate,2025-02-28,2024-08-24,9877.174879204285,10077.848108252423,10509.541249020274,10614.404678906354,10778.987556194199,11003.558611338955,11198.225064320313,11349.890650716134,11451.952418277897,11852.326924207799,11974.852036011689,549.3180363469504,-188,10728.305977581733,True,2025-02-28_springdale
all,historical_model_estimate,2025-02-28,2024-08-25,43616.674825115806,43933.12763765945,44897.59149782178,45124.161108152766,45448.29802205921,45902.27818960607,46345.569788499735,46708.76599283746,46889.609884608246,47783.88597870717,48241.51515657124,1166.5413875903357,-187,,False,aggregate_independent_posterior_pairing
downtown,historical_model_estimate,2025-02-28,2024-08-25,6801.404781553775,7011.142336256833,7485.603909499576,7573.881464383881,7788.709085977254,7999.05416636462,8264.46940805328,8445.95116110472,8537.6277449082,9128.432206283816,9341.486974484264,632.9750740050993,-187,,False,2025-02-28_downtown
fscoffee,historical_model_estimate,2025-02-28,2024-08-25,13307.740686122619,13471.099074532021,13893.50983219367,13964.783821270275,14113.186242449163,14281.374980678276,14498.048091327284,14642.468819729911,14736.034626657001,15113.13970149866,15330.65704873449,510.7070843524321,-187,14327.840465489437,True,2025-02-28_fscoffee
hurricane,historical_model_estimate,2025-02-28,2024-08-25,12479.239139091569,12625.203404852986,13016.800206294136,13108.84666817889,13287.61359283308,13478.062882089029,13710.198869359949,13840.437025138654,13936.654829943203,14398.470678865979,14482.801203537436,530.6895115537995,-187,12276.84874401138,True,2025-02-28_hurricane
springdale,historical_model_estimate,2025-02-28,2024-08-25,9061.731489231599,9219.059074919034,9600.504664862161,9671.068225893432,9865.146808931046,10082.322447323468,10282.133273417063,10429.057868978258,10512.05123772275,10990.301794654011,11137.036593465888,540.5235517213495,-187,9860.73302572502,True,2025-02-28_springdale
all,historical_model_estimate,2025-02-28,2024-08-26,42716.08432278667,43018.82109493065,44099.68392091573,44286.384558672624,44673.54696920148,45146.734203772365,45561.65727196474,45908.38050796492,46175.47674878102,47123.165685504755,47673.003924677825,1222.9115921020589,-186,,False,aggregate_independent_posterior_pairing
downtown,historical_model_estimate,2025-02-28,2024-08-26,6358.06484370763,6557.923290798685,7119.559083360469,7286.329259611938,7614.39631110114,7917.539093600062,8213.138611194569,8455.523802865142,8564.55250822282,9098.343836684518,9221.98262531419,790.1522123938767,-186,6867.274798346077,True,2025-02-28_downtown
fscoffee,historical_model_estimate,2025-02-28,2024-08-26,14235.664377694648,14352.885073867408,14786.371161746078,14879.480101187562,15034.78191065458,15246.842787932244,15437.612809767994,15604.419687310254,15691.311914055612,16139.739394766704,16314.775569684762,541.9620916040426,-186,14912.348209936325,True,2025-02-28_fscoffee
hurricane,historical_model_estimate,2025-02-28,2024-08-26,11391.914055242347,11564.045235543656,12013.202213638895,12092.45127831817,12250.284473055164,12414.925520946057,12629.19501704738,12766.562315782874,12860.804294285937,13254.407411855454,13401.039193771116,514.9984186434266,-186,,False,2025-02-28_hurricane
springdale,historical_model_estimate,2025-02-28,2024-08-26,8586.063021127535,8717.764737639664,9091.510455585018,9187.908200920165,9357.818337500948,9586.866490549608,9818.695953622582,9981.053594394429,10041.896207590806,10458.307714776742,10680.02619324166,548.1524036903025,-186,10291.282615629789,True,2025-02-28_springdale
all,historical_model_estimate,2025-02-28,2024-08-27,43259.69048150694,43741.26990416157,44680.96192273803,44888.53266010498,45219.462177503556,45713.47149086283,46134.64772883467,46486.87421383441,46683.72402496305,47587.51148820167,48035.24491938271,1188.8366350476629,-185,45016.58957015226,True,aggregate_independent_posterior_pairing
downtown,historical_model_estimate,2025-02-28,2024-08-27,6328.690039794675,6520.927319982554,7213.670162905917,7346.271459889805,7568.234134169409,7860.8035352617535,8142.167419988677,8376.259348070653,8488.41495505196,9055.589701311423,9256.672850142562,752.0629979986736,-185,7352.263552190499,True,2025-02-28_downtown
fscoffee,historical_model_estimate,2025-02-28,2024-08-27,14657.295396476698,14812.851221035022,15214.13627193687,15280.738751182229,15434.525215198668,15624.991257538182,15821.652797637833,15969.650459226174,16079.140479164891,16508.13913969839,16627.507083824134,514.8959264507236,-185,15300.77287722764,True,2025-02-28_fscoffee
hurricane,historical_model_estimate,2025-02-28,2024-08-27,10742.884174423545,10904.770956937271,11319.994306308057,11429.416644772627,11586.396044742922,11786.759159974117,11989.116977632517,12145.27147077419,12237.561535298591,12666.089659131378,12857.937960985735,537.1628159456341,-185,12362.411680374626,True,2025-02-28_hurricane
springdale,historical_model_estimate,2025-02-28,2024-08-27,9234.644025675772,9414.64964691934,9940.725820837066,10057.839695631877,10216.891655141784,10440.889311896952,10645.952832635468,10790.964790615602,10896.198726537647,11359.909111770216,11611.905827181592,588.7955510667298,-185,10001.141460359497,True,2025-02-28_springdale
all,historical_model_estimate,2025-02-28,2024-08-28,45327.34181479895,45672.79023220351,46551.766532914444,46740.4495280314,47075.1669039508,47483.56702976096,47882.835215030784,48274.23592592332,48543.78997779414,49391.95579667339,49659.560074152694,1124.033968407469,-184,46658.92281971438,True,aggregate_independent_posterior_pairing
downtown,historical_model_estimate,2025-02-28,2024-08-28,7485.401595195613,7627.43481815249,8247.042804414497,8366.884432749071,8549.456970174151,8793.532575110545,9035.41029291407,9225.508765118193,9347.57360598148,9878.273291404681,10025.22366616295,647.0367092292246,-184,8002.270098352616,True,2025-02-28_downtown
fscoffee,historical_model_estimate,2025-02-28,2024-08-28,14360.569504333596,14577.637134053162,14959.640217155309,15053.243064816372,15192.802918477888,15410.2194809488,15631.100704588765,15754.594192596523,15847.51652845035,16253.749360588698,16407.676499155536,531.8576484912074,-184,14632.107083390338,True,2025-02-28_fscoffee
hurricane,historical_model_estimate,2025-02-28,2024-08-28,10663.96716215714,10856.561933364474,11318.182003200722,11405.797094100577,11587.767123665026,11782.210818418613,11975.534458422891,12136.597287418306,12244.197399566512,12695.738577052605,12888.665011933546,551.1708286976632,-184,12119.360483400482,True,2025-02-28_hurricane
springdale,historical_model_estimate,2025-02-28,2024-08-28,10519.59915311077,10667.296000551527,11079.982703382544,11163.990086589136,11328.898541733071,11549.972514458877,11732.258381685648,11878.092990891304,11975.54924015441,12433.19591560053,12592.059184548252,538.8036967351366,-184,11905.185154570949,True,2025-02-28_springdale
all,historical_model_estimate,2025-02-28,2024-08-29,46259.76234569349,46812.14858642194,47586.011502525434,47756.07995804015,48099.81255242257,48484.425860302945,48927.66100661583,49291.77829857217,49522.99058817613,50511.88899495812,50821.14776265806,1147.0031383577539,-183,47886.50500003579,True,aggregate_independent_posterior_pairing
downtown,historical_model_estimate,2025-02-28,2024-08-29,8512.259061978886,8725.421932975181,9249.078842798219,9385.720879530265,9538.894770380335,9773.74327540736,10002.758087023474,10159.499822399377,10279.27490662634,10839.598432607294,11077.099208225016,634.1019706332659,-183,9962.4829517308,True,2025-02-28_downtown
fscoffee,historical_model_estimate,2025-02-28,2024-08-29,13503.508257697054,13666.304979037384,14103.773018517959,14215.753918148652,14394.29882826206,14590.874886393301,14804.635294778616,14953.108058715516,15062.352318756148,15459.149824793416,15668.508545005292,554.2418458908742,-183,13992.113626995722,True,2025-02-28_fscoffee
hurricane,historical_model_estimate,2025-02-28,2024-08-29,11128.81483051513,11292.6762210653,11732.21632843138,11822.567319137926,11979.875147781759,12193.903612408747,12409.253254108833,12559.605225448115,12620.52690507114,13169.424796141728,13279.410099419109,552.0093728668579,-183,11816.37177532005,True,2025-02-28_hurricane
springdale,historical_model_estimate,2025-02-28,2024-08-29,10910.701083468086,11058.43598751817,11506.43374599409,11610.321006109549,11776.08309886728,11996.826606939721,12205.745831063909,12413.72242698974,12489.477647138592,12896.352135490155,13063.108474050392,563.758716227218,-183,12115.536645989208,True,2025-02-28_springdale
all,historical_model_estimate,2025-02-28,2024-08-30,46266.383234185065,46716.5501010161,47640.984668584075,47848.163844406314,48181.01208647293,48763.065454123775,49201.40789880787,49455.92914306606,49618.22931534902,50614.66497470466,50963.74147973053,1197.093974113206,-182,47773.961789963316,True,aggregate_independent_posterior_pairing
downtown,historical_model_estimate,2025-02-28,2024-08-30,8593.396598655554,8869.69210936346,9391.709479970066,9472.795761312926,9650.696283257665,9911.452355304158,10166.1591214694,10353.047856414547,10434.274805817133,10940.537240677684,11175.527719233096,660.7155610578465,-182,9803.161385885314,True,2025-02-28_downtown
fscoffee,historical_model_estimate,2025-02-28,2024-08-30,12674.126398161165,12850.63615966405,13326.460864631485,13438.20925673302,13649.999516978865,13939.27130818324,14188.293256802792,14365.280931903833,14455.44388533106,14986.451316882874,15140.548895478725,651.5160944480317,-182,13270.38180293723,True,2025-02-28_fscoffee
hurricane,historical_model_estimate,2025-02-28,2024-08-30,11935.918620963657,12086.936850186707,12511.45871517599,12598.449862224978,12769.46505412755,12955.308839387446,13157.402526585856,13327.210220116776,13420.754140918363,13819.996958763417,13954.51195575475,523.6919222192854,-182,13106.85319756055,True,2025-02-28_hurricane
springdale,historical_model_estimate,2025-02-28,2024-08-30,10834.55193597505,11020.310118388063,11419.40235253857,11540.88124064528,11695.19902684306,11885.345828306661,12085.34477926177,12230.004856494354,12330.196062428404,12746.957063335065,12989.67127212059,535.7131314628683,-182,11593.56540358022,True,2025-02-28_springdale
all,historical_model_estimate,2025-02-28,2024-08-31,45816.84502168096,46168.450717202504,47147.78306568897,47280.95700623021,47651.94971910404,48053.68970039367,48498.37811038477,48801.217079598195,49071.49216321644,50026.05669233567,50455.64841980082,1163.823067069113,-181,45244.114279641006,True,aggregate_independent_posterior_pairing
downtown,historical_model_estimate,2025-02-28,2024-08-31,8369.266189236116,8554.670318723134,9135.36539649423,9208.064989998333,9380.110169478368,9657.84671778894,9925.101232508103,10109.026923415402,10205.402909524444,10749.065714171049,11011.026018453935,655.4877643542744,-181,9037.617494645225,True,2025-02-28_downtown
fscoffee,historical_model_estimate,2025-02-28,2024-08-31,13033.246628114523,13202.060656992728,13661.104226968717,13732.87925082244,13875.309707813187,14084.219446287305,14298.026500036282,14465.917066664302,14573.265318870408,14991.12849381012,15145.534848941339,536.4698986686698,-181,13915.631979813212,True,2025-02-28_fscoffee
hurricane,historical_model_estimate,2025-02-28,2024-08-31,12416.569643825387,12614.571844581185,12997.404570509432,13091.486206502377,13259.961138254392,13461.819396816745,13656.177002440296,13820.522585909113,13902.043660786536,14306.791163895525,14553.03751485592,534.4397603035931,-181,12346.601833031662,True,2025-02-28_hurricane
springdale,historical_model_estimate,2025-02-28,2024-08-31,9777.459909431096,9961.255975335853,10398.21312905059,10487.770080616576,10638.930792053146,10867.47179959339,11086.405195869986,11230.883891178644,11307.951452081616,11778.566250967226,11970.793775405367,552.0396189253324,-181,9944.262972150907,True,2025-02-28_springdale
all,historical_model_estimate,2025-02-28,2024-09-01,44368.94123816254,44887.824176531234,45709.071122422945,45917.60096669194,46249.12018214517,46668.97130444413,47118.87578273581,47396.69364286385,47586.624635514876,48444.383870950885,49035.722997219505,1155.4561401823491,-180,44981.71389091724,True,aggregate_independent_posterior_pairing
downtown,historical_model_estimate,2025-02-28,2024-09-01,7379.513345141931,7521.898555045186,8150.532978155131,8238.736650886492,8417.722347929195,8647.977291177727,8905.934259731664,9112.536675631602,9218.551609441283,9721.626362811561,9895.057449456235,652.1008861750064,-180,7863.854326924389,True,2025-02-28_downtown
fscoffee,historical_model_estimate,2025-02-28,2024-09-01,13714.66804915296,13887.713032538382,14222.806793694637,14299.618147592222,14446.245388694791,14729.403177665228,14935.838159537636,15077.613423102412,15165.924753487347,15588.201009143359,15760.34058900971,535.2479940728861,-180,14262.7018359798,True,2025-02-28_fscoffee
hurricane,historical_model_estimate,2025-02-28,2024-09-01,12304.002279276603,12420.351601759525,12872.345012887012,12991.364217876828,13203.318691497792,13391.3010478609,13611.668394015805,13783.747427405431,13866.289481118314,14279.961870419666,14457.628531783248,565.6398729443035,-180,13259.336898445204,True,2025-02-28_hurricane
springdale,historical_model_estimate,2025-02-28,2024-09-01,8842.475314974203,8997.231231890268,9496.499180960318,9564.035357478751,9728.747576001086,9929.344571657624,10130.559162609026,10280.186461765055,10369.697987838159,10781.041637707862,10979.034014516603,536.4557588227309,-180,9595.820829567849,True,2025-02-28_springdale
all,historical_model_estimate,2025-02-28,2024-09-02,43089.137940202025,43473.726539342664,44373.68982170257,44556.12307326244,44905.38391839909,45317.16561351115,45709.957444407635,46067.67483548831,46272.8165419795,47196.125195161374,47409.818027452886,1111.4140035923308,-179,42807.60080663987,True,aggregate_independent_posterior_pairing
downtown,historical_model_estimate,2025-02-28,2024-09-02,6497.9735630956375,6770.88016271652,7255.906245110122,7387.973222209501,7538.007932816165,7809.85948877163,8043.441845579684,8199.508576431865,8295.287654144433,8790.323105347728,9031.934815343426,636.2894488755232,-179,6877.8829173595295,True,2025-02-28_downtown
fscoffee,historical_model_estimate,2025-02-28,2024-09-02,14567.513516519315,14695.448376038781,15176.121262346507,15262.905534091144,15381.270584729542,15597.322325390916,15799.38447602504,15959.111451241586,16058.3742029151,16517.98636625555,16633.66953747369,535.1919690277808,-179,14069.630590790151,True,2025-02-28_fscoffee
hurricane,historical_model_estimate,2025-02-28,2024-09-02,11340.626516357872,11558.557755948714,12007.522991050055,12089.94490879996,12245.483914844244,12470.272199888172,12657.20537136094,12796.439333707189,12880.51600345498,13363.723300830214,13542.101563483668,544.0633804345764,-179,12096.94498699663,True,2025-02-28_hurricane
springdale,historical_model_estimate,2025-02-28,2024-09-02,8416.272797464126,8575.132531242223,9000.081284332764,9115.800692333523,9254.64604375495,9478.775422464689,9652.021520437238,9828.839794860989,9911.6016641759,10391.956682216174,10574.74787676674,546.8989045132328,-179,9763.142311493562,True,2025-02-28_springdale
all,historical_model_estimate,2025-02-28,2024-09-03,43498.32794178021,43753.22083042157,44707.6623092122,44879.68278153703,45180.50143046815,45617.7296991051,46050.716736513175,46337.99914711948,46577.624025695746,47483.96077106622,47872.393017957205,1129.04512680661,-178,44408.36520021874,True,aggregate_independent_posterior_pairing
downtown,historical_model_estimate,2025-02-28,2024-09-03,6385.679610217862,6662.902517890736,7243.359064737647,7337.755995388754,7527.948289103948,7772.2536848820455,8015.030786957591,8224.924908581512,8333.205464213514,8913.461160267536,9058.837046102824,664.9960151039038,-178,6370.936653464225,True,2025-02-28_downtown
fscoffee,historical_model_estimate,2025-02-28,2024-09-03,14823.2078346427,14967.119837246431,15447.263775918314,15546.102136616124,15662.053759787234,15884.868979938288,16069.171232611257,16211.721112827028,16299.020846434518,16730.418764715858,16886.351605988755,516.2286821342435,-178,15348.136596357182,True,2025-02-28_fscoffee
hurricane,historical_model_estimate,2025-02-28,2024-09-03,10716.64571564758,10960.12674306398,11349.583117629123,11465.473291680451,11627.28834348797,11823.061919931155,12003.648220787521,12148.406692131608,12237.061789795403,12671.086159236731,12835.126875161903,537.6881476557894,-178,11429.065448695635,True,2025-02-28_hurricane
springdale,historical_model_estimate,2025-02-28,2024-09-03,9094.976232162182,9253.026857823059,9708.23576915103,9806.951960117585,9972.120820788256,10175.85461155159,10385.719531095685,10550.943824491455,10663.167240635607,11038.517901180026,11187.396035266966,549.9469504355583,-178,11260.226501701696,True,2025-02-28_springdale
all,historical_model_estimate,2025-02-28,2024-09-04,44891.708353503134,45180.12341003247,46146.00636167376,46362.57177731551,46705.46579514503,47099.50589741716,47533.52631285572,47961.26126515308,48142.0330594891,48984.92700275612,49415.794036931205,1171.1986333350285,-177,46263.76821865942,True,aggregate_independent_posterior_pairing
downtown,historical_model_estimate,2025-02-28,2024-09-04,7084.07175825633,7266.688691039441,7768.675970069982,7868.207138835015,8075.9936324234695,8356.867966712418,8590.924652417976,8776.521891553812,8900.001614698958,9330.95906540782,9543.50528776689,657.2392950855306,-177,8123.347369713494,True,2025-02-28_downtown
fscoffee,historical_model_estimate,2025-02-28,2024-09-04,14554.898528684773,14700.332212679732,15126.389582214188,15237.463749290606,15411.71571995523,15614.94207684922,15794.204928827723,15949.844163135444,16036.899201259463,16439.959281165437,16558.353819137694,526.5512715732865,-177,15058.75141312126,True,2025-02-28_fscoffee
hurricane,historical_model_estimate,2025-02-28,2024-09-04,10743.40690598119,10837.485948597536,11265.570161886038,11350.500305615367,11491.160109223592,11707.740526242764,11896.190974793188,12057.507192655969,12153.043931401076,12643.272406505008,12854.66735556111,535.870838760739,-177,11516.72042534586,True,2025-02-28_hurricane
springdale,historical_model_estimate,2025-02-28,2024-09-04,10464.841302398541,10606.049883366288,11037.269865420696,11129.998437381582,11275.227652048226,11483.175051554232,11703.125487168376,11868.674231927283,11968.928970859732,12398.890880619729,12509.556763391382,538.12394921873,-177,11564.949010478802,True,2025-02-28_springdale
all,historical_model_estimate,2025-02-28,2024-09-05,45718.19967553511,46012.13955738499,46963.67213181869,47176.07480086107,47490.71636473262,47896.258795263566,48417.70141397499,48741.58667842693,48962.58587331531,49925.467827132576,50249.45293313213,1194.9634588214194,-176,48030.34159476348,True,aggregate_independent_posterior_pairing
downtown,historical_model_estimate,2025-02-28,2024-09-05,8004.423594818692,8215.845737752868,8688.593108576382,8795.876331435556,9029.659376513586,9279.765637189801,9552.18395596078,9734.864695917113,9850.348968114567,10383.423559548524,10558.253986440715,666.5048053811728,-176,8687.64914139884,True,2025-02-28_downtown
fscoffee,historical_model_estimate,2025-02-28,2024-09-05,13664.753115219733,13837.18732766887,14260.792038082835,14361.783902346653,14524.488205839256,14719.181040363796,14915.814966077853,15058.717555917872,15172.935814272287,15617.681890946324,15762.423586912606,535.7532859062487,-176,14055.63477676294,True,2025-02-28_fscoffee
hurricane,historical_model_estimate,2025-02-28,2024-09-05,10968.244125826606,11174.911073801417,11559.481555565457,11637.319498028806,11808.910778914285,12046.593281233167,12267.195534415985,12400.29870270382,12481.605711271492,12928.416132068347,13119.875854530848,550.1408350951554,-176,12349.144725532957,True,2025-02-28_hurricane
springdale,historical_model_estimate,2025-02-28,2024-09-05,10850.786012587852,11013.568131119948,11441.099731624689,11522.16046896431,11706.060233903287,11903.766975421897,12133.566889134441,12283.415173611958,12375.39549584356,12840.05703271288,13008.591575232194,556.5358158309859,-176,12937.912951068738,True,2025-02-28_springdale
all,historical_model_estimate,2025-02-28,2024-09-06,45617.08332547527,45916.229566690716,46868.98563292086,47087.02594453112,47423.16874891866,47813.87406706403,48188.63084516501,48504.06740091494,48708.006269401994,49606.11227126024,49801.862280896,1096.2622319039979,-175,48675.79741242963,True,aggregate_independent_posterior_pairing
downtown,historical_model_estimate,2025-02-28,2024-09-06,8073.959638200462,8303.764474929969,8771.909820816541,8857.89521702613,9059.785540251638,9323.191261600326,9555.271010696648,9742.321160132982,9826.867483307018,10368.99971261205,10694.414369803862,650.1208039483249,-175,8742.032992411547,True,2025-02-28_downtown
fscoffee,historical_model_estimate,2025-02-28,2024-09-06,12838.802775210033,12962.94897881725,13322.053839029355,13413.303195262073,13555.629177714261,13773.03433010558,14003.20673084848,14144.39615275797,14226.353184970534,14595.144150600523,14847.85059484998,528.7373387695961,-175,14553.669627666102,True,2025-02-28_fscoffee
hurricane,historical_model_estimate,2025-02-28,2024-09-06,11783.390268474537,11958.991203169076,12381.912742575232,12486.770066131552,12647.893981252593,12867.094349596631,13071.480893564338,13230.96330389504,13301.320530425346,13713.806170622094,13878.238176454273,538.7968823750526,-175,13701.558796330715,True,2025-02-28_hurricane
springdale,historical_model_estimate,2025-02-28,2024-09-06,10735.08268628834,11000.345233406497,11392.600715773515,11497.681867201287,11639.274687601259,11826.44720059517,12000.028391049187,12193.159332090912,12284.02116679869,12754.872139551067,12904.730165538436,537.2571152492684,-175,11678.535996021266,True,2025-02-28_springdale
all,historical_model_estimate,2025-02-28,2024-09-07,44647.04017142429,45031.72089100282,45993.161719616306,46164.42256755598,46450.89518293632,46872.47962422099,47332.78047401358,47656.655999183786,47851.02505310813,48789.80978576874,49087.717879029806,1122.0546540010628,-174,,False,aggregate_independent_posterior_pairing
downtown,historical_model_estimate,2025-02-28,2024-09-07,7766.9380188893165,7982.586816514266,8467.854337421964,8566.79018628084,8768.510457161326,9038.778147546309,9304.575903548033,9473.211047152407,9592.116754288983,10128.770021858894,10313.880135140378,659.488948049956,-174,9187.257613708523,True,2025-02-28_downtown
fscoffee,historical_model_estimate,2025-02-28,2024-09-07,12599.490820503093,12773.035432494811,13178.521208387834,13271.468670206585,13441.905254924526,13646.716835829098,13850.65811159298,14021.431237710158,14113.081241311093,14462.450464195088,14583.90723814969,525.4376622139131,-174,14107.335344286172,True,2025-02-28_fscoffee
hurricane,historical_model_estimate,2025-02-28,2024-09-07,12335.021555884607,12498.643377688775,12912.248837566227,13005.502460384836,13157.519522384262,13359.978304200025,13550.167988126166,13696.668900356903,13801.899268909896,14208.283086030942,14378.936551773546,518.6529349045559,-174,,False,2025-02-28_hurricane
springdale,historical_model_estimate,2025-02-28,2024-09-07,9876.363971204928,10020.89486170958,10406.362819383225,10511.481353083129,10651.950185241654,10878.71151401318,11080.878498855389,11240.289947407175,11327.865688187043,11786.894178151255,11997.047873635198,547.6009460032521,-174,10173.279411365926,True,2025-02-28_springdale
all,historical_model_estimate,2025-02-28,2024-09-08,43330.78317003673,43813.3925158955,44821.351319082445,45011.437601533085,45342.8781841958,45809.20758922347,46264.41354920926,46639.44689457462,46786.021455468275,47660.98177654847,47952.67010569474,1157.6320308392885,-173,46672.3474337387,True,aggregate_independent_posterior_pairing
downtown,historical_model_estimate,2025-02-28,2024-09-08,6790.922627838333,6981.292298050097,7535.659608734435,7626.680563354132,7802.83842241111,8058.83610476512,8344.176455919278,8537.575093010075,8634.686196317893,9165.336409388454,9384.247846640019,661.0776191718637,-173,9199.4021614023,True,2025-02-28_downtown
fscoffee,historical_model_estimate,2025-02-28,2024-09-08,13286.29323418795,13480.723839297854,13869.657983945846,13948.721790802969,14112.940785131015,14315.226155835677,14520.403872561343,14669.9335080662,14755.680797485164,15201.276006456546,15329.708271170904,523.1862781325948,-173,13912.68190678024,True,2025-02-28_fscoffee
hurricane,historical_model_estimate,2025-02-28,2024-09-08,12424.70055188897,12573.807637987258,12982.744516666922,13076.293004243757,13235.951340423695,13443.333668786408,13654.156940895513,13797.457117149583,13894.046332672402,14318.227460306327,14488.57421716271,528.29056147953,-173,13009.365568566936,True,2025-02-28_hurricane
springdale,historical_model_estimate,2025-02-28,2024-09-08,8880.861962406758,9044.344440728652,9479.857475194645,9583.876991566187,9749.781592417685,9958.703968817612,10131.106166884088,10322.863130882348,10399.502187980423,10816.730635197446,10977.379637697895,533.296670502855,-173,10550.89779698922,True,2025-02-28_springdale
all,historical_model_estimate,2025-02-28,2024-09-09,42374.7561045177,42738.245235181654,43639.09741900513,43787.9890002601,44157.57404202765,44573.3299562106,45008.257451975805,45263.141273998255,45500.699112157265,46475.70941334779,46837.660652361694,1135.450067854455,-172,44660.449061256615,True,aggregate_independent_posterior_pairing
downtown,historical_model_estimate,2025-02-28,2024-09-09,6206.548372905848,6328.570985339413,6827.964449938991,6924.830645775468,7134.041010821209,7374.619756379494,7614.4239863336625,7806.141247300838,7922.083856403229,8369.491373118339,8567.852817050603,627.7541464182865,-172,7322.223120960733,True,2025-02-28_downtown
fscoffee,historical_model_estimate,2025-02-28,2024-09-09,14130.747181340164,14263.393541327603,14716.909788226023,14802.483636461928,14943.790026583712,15155.898165221515,15337.999322070897,15505.228576816338,15569.81138798743,15988.641171411491,16111.153014845266,509.6285668337558,-172,14359.144121477188,True,2025-02-28_fscoffee
hurricane,historical_model_estimate,2025-02-28,2024-09-09,11327.390373334223,11562.418712212524,12029.033780849471,12115.783335867041,12264.034516831518,12485.160585166432,12683.800836947801,12834.199215547389,12942.702661583346,13398.279808973788,13554.640992769137,549.5411753102416,-172,12617.744860837667,True,2025-02-28_hurricane
springdale,historical_model_estimate,2025-02-28,2024-09-09,8526.896178494866,8691.001310721202,9131.679784862736,9203.667781725928,9368.43440131994,9577.260479770626,9809.26612744146,9969.509116492141,10047.549552976581,10502.68890857938,10690.407831677849,554.7408486288688,-172,10361.336957981031,True,2025-02-28_springdale
all,historical_model_estimate,2025-02-28,2024-09-10,43011.58876697116,43299.497090028344,44206.31143895114,44365.16181534607,44761.19077360358,45141.46794012506,45623.712070336645,45965.16280100866,46104.73862736279,47038.595639383406,47293.05681741216,1116.3673343308792,-171,46131.37316541947,True,aggregate_independent_posterior_pairing
downtown,historical_model_estimate,2025-02-28,2024-09-10,6193.923296568894,6394.022877833564,6889.353384821118,6967.703972798126,7143.065821111438,7414.397189013098,7651.532614946289,7827.707203180993,7956.662737934208,8521.607081256916,8739.15042798602,636.3401574307397,-171,8149.990370843444,True,2025-02-28_downtown
fscoffee,historical_model_estimate,2025-02-28,2024-09-10,14527.534397595362,14675.130912835197,15108.04078445023,15177.308588281145,15334.4598808523,15521.319750296505,15705.399564205158,15838.321761803152,15928.53642671379,16400.58511808063,16544.772369255883,516.200680228787,-171,15503.582390469535,True,2025-02-28_fscoffee
hurricane,historical_model_estimate,2025-02-28,2024-09-10,10680.41789011614,10944.40423536973,11439.164447205487,11511.596492409839,11647.191009849288,11838.99634819435,12047.03775080041,12208.613334479789,12282.19762591506,12703.921858658457,12897.392799963145,544.2380936070568,-171,11834.38794082117,True,2025-02-28_hurricane
springdale,historical_model_estimate,2025-02-28,2024-09-10,9406.343838191884,9514.017567730652,9912.709439908029,10015.092184418523,10157.074688037286,10372.489374847242,10589.944606488243,10753.681907310145,10849.928814609935,11259.67821164184,11501.990807144373,543.2665719265306,-171,10643.412463285316,True,2025-02-28_springdale
all,historical_model_estimate,2025-02-28,2024-09-11,44596.524976752524,44940.16506598323,45849.95919519151,46029.38763826682,46407.15975507765,46801.93068882303,47247.509581535574,47651.755437991735,47816.96987157721,48805.08736088292,49231.17476485585,1176.5876595481336,-170,46714.14558239935,True,aggregate_independent_posterior_pairing
downtown,historical_model_estimate,2025-02-28,2024-09-11,6862.241596934608,7069.771182563728,7595.59028009215,7742.267205335193,7932.106488007516,8175.895991162158,8424.541491846445,8621.834704006518,8738.183272412929,9269.75835827252,9406.693665250144,661.7839235688566,-170,7832.712842988509,True,2025-02-28_downtown
fscoffee,historical_model_estimate,2025-02-28,2024-09-11,14252.119676559118,14392.381514322233,14812.711825989512,14909.444941655831,15066.728647109358,15273.617364167378,15467.596249295624,15611.55462461934,15721.235074219267,16185.743810451777,16368.985522693456,543.6464410569781,-170,14880.594739876467,True,2025-02-28_fscoffee
hurricane,historical_model_estimate,2025-02-28,2024-09-11,10780.996105928116,10953.749684319295,11337.26187993106,11437.753318929052,11586.275648733876,11806.171654545915,12019.906310676033,12146.414790244777,12235.512196070222,12693.83646417072,12879.1776782871,534.7461748757648,-170,11622.479011085092,True,2025-02-28_hurricane
springdale,historical_model_estimate,2025-02-28,2024-09-11,10561.432255884536,10680.33277814896,11101.942102799963,11224.362109330617,11396.979592244606,11603.59706964742,11789.943536757766,11949.28852511798,12030.716748247987,12518.334590627263,12679.79492571402,548.3759849597004,-170,12378.35898844929,True,2025-02-28_springdale
all,historical_model_estimate,2025-02-28,2024-09-12,45774.851264283665,46089.76781404354,46910.88945631673,47053.097266387944,47375.41501434028,47761.70219384755,48259.92183704113,48591.13685766792,48721.68197675315,49629.529049408105,50029.92388441799,1103.3403750766784,-169,47751.87955978094,True,aggregate_independent_posterior_pairing
downtown,historical_model_estimate,2025-02-28,2024-09-12,7918.130492755482,8077.112316500671,8605.98810782452,8714.200472128952,8894.549130536781,9166.182549086167,9391.22847828844,9548.07745873291,9678.121325960972,10178.973525692181,10306.69331822396,625.739993242181,-169,8913.236747607472,True,2025-02-28_downtown
fscoffee,historical_model_estimate,2025-02-28,2024-09-12,13370.77522957085,13607.669042896918,13960.287570904678,14036.849188567472,14169.505692695584,14375.961415138632,14570.718426856813,14728.356107604694,14818.268586449722,15286.17347568362,15483.139188907213,522.3991990803579,-169,14399.099487284791,True,2025-02-28_fscoffee
hurricane,historical_model_estimate,2025-02-28,2024-09-12,11174.398957785545,11331.36288227203,11740.665151838102,11796.450863001557,11967.375807914525,12164.524310495482,12346.523076005149,12525.257849534612,12592.885701938105,13015.492250413212,13176.979071157148,516.5545295143007,-169,12273.15912195002,True,2025-02-28_hurricane
springdale,historical_model_estimate,2025-02-28,2024-09-12,11132.633243478262,11282.743315071732,11696.201716543084,11773.101820807085,11948.344906071145,12139.24153436445,12334.732288369623,12489.87913074578,12578.046518064535,13007.467381073688,13272.058771610955,537.2100537709396,-169,12166.384202938652,True,2025-02-28_springdale
all,historical_model_estimate,2025-02-28,2024-09-13,45423.94490666968,45873.88898640639,46904.841224042626,47091.89710359961,47389.533147604205,47845.57864850861,48238.25371478964,48540.849382133645,48706.9030952442,49642.26685007119,49951.66075903591,1140.1780953542,-168,46671.206032676695,True,aggregate_independent_posterior_pairing
downtown,historical_model_estimate,2025-02-28,2024-09-13,8094.38537689321,8267.280377218354,8744.988257242618,8871.929245164778,9028.031316277385,9268.837747950427,9506.249993305628,9699.497394054808,9783.628277430063,10401.373952299069,10623.069303572966,649.3187871002218,-168,9017.821672590797,True,2025-02-28_downtown
fscoffee,historical_model_estimate,2025-02-28,2024-09-13,12622.938733413563,12792.003140140177,13206.30681951854,13300.991982736326,13455.901135092214,13643.822017837338,13835.303452091028,13990.95363374297,14067.697018583262,14504.414836449501,14660.423963465442,514.2170500545744,-168,13920.397277557038,True,2025-02-28_fscoffee
hurricane,historical_model_estimate,2025-02-28,2024-09-13,11966.58172417713,12126.797097556946,12522.866420869621,12588.469382307878,12762.687491791889,12973.121845956257,13147.969494477738,13328.053432218258,13445.662349738714,13860.343492919335,14096.23759459065,539.4906658949138,-168,12574.706787682951,True,2025-02-28_hurricane
springdale,historical_model_estimate,2025-02-28,2024-09-13,10891.554142657718,11018.560069772153,11436.396677222681,11528.397349555984,11672.009762531623,11904.247607661162,12120.192120719654,12286.73192602742,12381.42340362943,12799.517410029033,12967.916767530398,544.8640941291679,-168,11158.28029484591,True,2025-02-28_springdale
all,historical_model_estimate,2025-02-28,2024-09-14,44498.68544318544,44908.21566397959,45830.82386628754,46014.386181085516,46310.81118597827,46718.54975419634,47160.13834426951,47489.00431905065,47673.120554497145,48688.38430283886,48953.52206634123,1133.3990083429712,-167,47650.878907393664,True,aggregate_independent_posterior_pairing
downtown,historical_model_estimate,2025-02-28,2024-09-14,7747.290586144501,7961.872799453539,8547.026667909025,8671.161354770178,8835.113564169333,9092.877158007297,9314.842675413049,9483.192711421892,9584.925245407776,10140.61107378868,10366.026253062488,648.7464521361034,-167,9198.784899177826,True,2025-02-28_downtown
fscoffee,historical_model_estimate,2025-02-28,2024-09-14,12378.534361931144,12554.95452217476,12962.48416799276,13059.017642411654,13205.292345239694,13418.345453186492,13663.538888106754,13810.894851579826,13892.141076814574,14288.002202738462,14405.50017515545,528.8719926172932,-167,13807.580483813905,True,2025-02-28_fscoffee
hurricane,historical_model_estimate,2025-02-28,2024-09-14,12327.397830944083,12488.5541606233,12905.056896142594,12994.827392851465,13162.019691077701,13391.117283471478,13577.516234345298,13719.009450249192,13809.076132693777,14222.406219972963,14382.661154501147,525.0795621297295,-167,13638.867665706375,True,2025-02-28_hurricane
springdale,historical_model_estimate,2025-02-28,2024-09-14,9790.611159865148,9992.949453312165,10411.43351216655,10519.105581883898,10674.897167325471,10907.371586981219,11126.071169240591,11278.048750228272,11364.776462157812,11763.932335104751,11993.758993460482,563.5626212518785,-167,11005.645858695552,True,2025-02-28_springdale
all,historical_model_estimate,2025-02-28,2024-09-15,43389.981591398915,43778.64212129334,44660.07986241245,44935.86080501554,45297.949337076134,45733.24012643955,46052.01421776676,46437.517551808225,46561.54345308419,47403.957927696814,47769.131919186446,1124.7817969635269,-166,,False,aggregate_independent_posterior_pairing
downtown,historical_model_estimate,2025-02-28,2024-09-15,6785.4017908129235,7044.3885764351835,7608.3937641095445,7727.042309925064,7898.896307164786,8142.974067399128,8380.057461590324,8558.806348384434,8646.62527897666,9209.646734154736,9441.275579257068,648.7530592284461,-166,8069.59808510161,True,2025-02-28_downtown
fscoffee,historical_model_estimate,2025-02-28,2024-09-15,13037.65778854285,13195.698068699316,13576.628636212616,13672.917533732912,13832.160932638308,14022.921252040036,14213.351710436993,14362.358971523205,14446.600800566159,14856.69321332397,14971.666827157063,500.1179050698904,-166,,False,2025-02-28_fscoffee
hurricane,historical_model_estimate,2025-02-28,2024-09-15,12336.780018247464,12528.936302955863,12951.622068339984,13069.52727327081,13211.398449433933,13418.279197058517,13636.348042545791,13801.562992629659,13911.501570584634,14306.616596357264,14497.556480978563,553.3357359265751,-166,14121.387257947472,True,2025-02-28_hurricane
springdale,historical_model_estimate,2025-02-28,2024-09-15,8953.86452997378,9186.730596766147,9629.397141526995,9695.822445822527,9895.87508282029,10080.86666063968,10285.332686981443,10449.052147611997,10544.453252030955,10926.541020841321,11051.553582769026,540.0736224865781,-166,10456.545420659182,True,2025-02-28_springdale
all,historical_model_estimate,2025-02-28,2024-09-16,42213.4617225966,42609.53911629469,43543.06525968113,43764.134235309895,44101.14338376257,44517.041222730564,44918.05769832378,45172.24740235877,45374.50134837689,46379.25425018125,46731.096261334205,1127.072981909456,-165,45665.0318948855,True,aggregate_independent_posterior_pairing
downtown,historical_model_estimate,2025-02-28,2024-09-16,5964.168579053405,6188.368904585915,6717.076762734411,6792.618283534091,6996.682995803847,7237.581407050082,7471.999731331963,7665.266972269674,7785.0911713093365,8288.095869480387,8473.165114133784,635.8474601126557,-165,8008.644866525761,True,2025-02-28_downtown
fscoffee,historical_model_estimate,2025-02-28,2024-09-16,13915.197790507833,14053.34974276406,14467.6499966375,14571.459629220504,14698.708690770682,14875.779434022206,15095.805977967912,15229.171780230383,15317.444665402005,15760.224491332243,15960.813829061515,522.5702079952225,-165,15084.223360787131,True,2025-02-28_fscoffee
hurricane,historical_model_estimate,2025-02-28,2024-09-16,11541.158503840259,11741.057322373877,12123.230944756542,12205.882813028464,12366.465422737245,12577.37078198124,12813.626380837248,12977.364523901475,13072.750811077694,13490.068621586113,13770.416627797227,561.5992933981402,-165,13052.794609088203,True,2025-02-28_hurricane
springdale,historical_model_estimate,2025-02-28,2024-09-16,8746.872892603396,8876.470195697115,9303.659739405708,9383.816635249033,9537.480489284682,9757.82394430619,9955.236145347646,10114.79950495399,10201.227845264253,10606.776628330901,10785.069157180471,527.8096373605068,-165,9519.3690584844,True,2025-02-28_springdale
all,historical_model_estimate,2025-02-28,2024-09-17,43081.21568925627,43391.04061053032,44217.790615538055,44367.25923572141,44718.91772451278,45203.61423135121,45563.619862163934,45901.45899212235,46129.19790631547,46999.03433555493,47382.51235681112,1114.4849205086512,-164,44487.2226708568,True,aggregate_independent_posterior_pairing
downtown,historical_model_estimate,2025-02-28,2024-09-17,6115.309103651986,6317.198245348869,6843.486985716174,6972.957694471687,7142.362846461671,7373.817536486082,7629.042506650885,7801.287713122854,7897.886601320407,8453.322397199265,8654.63700630032,635.8493914374749,-164,6959.682341179087,True,2025-02-28_downtown
fscoffee,historical_model_estimate,2025-02-28,2024-09-17,14352.13043239673,14539.943080845334,14949.137347385033,15035.475614126512,15160.917603542033,15370.111070112387,15571.745142064148,15704.158858104372,15799.656273256463,16206.591620552621,16347.629528111898,506.31868134079775,-164,15567.064845809577,True,2025-02-28_fscoffee
hurricane,historical_model_estimate,2025-02-28,2024-09-17,10958.05821192421,11140.322986991825,11566.603493279858,11652.23558173175,11807.071398701455,11999.94139280958,12191.630538147194,12350.298820907303,12432.358820129944,12875.839044081771,13081.436687712716,534.1949819441174,-164,11745.937874288864,True,2025-02-28_hurricane
springdale,historical_model_estimate,2025-02-28,2024-09-17,9370.464324292194,9572.792617306433,9973.505198606885,10049.675908110887,10211.87410416209,10409.12324296674,10608.547583875225,10762.901478057025,10846.078586930511,11270.598556962044,11480.038915987783,532.3628057308756,-164,10214.537609579267,True,2025-02-28_springdale
all,historical_model_estimate,2025-02-28,2024-09-18,44558.05164055312,44842.70460063959,45698.9803427346,45914.540690756054,46205.53968291754,46673.52258382149,47112.92511310663,47432.207330898564,47658.820115534974,48361.386724262,48780.49575128634,1101.6648418850068,-163,48162.81976661695,True,aggregate_independent_posterior_pairing
downtown,historical_model_estimate,2025-02-28,2024-09-18,6873.161047501737,7069.546842853389,7509.01654170956,7619.838756629021,7785.1918331027955,8026.429886005036,8297.725801116898,8498.171243780504,8601.187760255068,9073.644821966513,9300.158747590876,622.9800976508837,-163,8634.83028673872,True,2025-02-28_downtown
fscoffee,historical_model_estimate,2025-02-28,2024-09-18,14025.765653958239,14219.20235046505,14641.520360804705,14724.434807790374,14882.319784899435,15091.897489493675,15292.955332302648,15442.033846725273,15542.448883712534,15949.523132572931,16095.67584382897,526.7276935890592,-163,15329.89557367562,True,2025-02-28_fscoffee
hurricane,historical_model_estimate,2025-02-28,2024-09-18,10892.360336265556,11057.922360370098,11479.507701261979,11567.567711807302,11714.908818090174,11924.763935616707,12112.561391264158,12242.21281354996,12345.234218707437,12810.176177666788,12937.83765495531,517.5184352547578,-163,12504.41351118345,True,2025-02-28_hurricane
springdale,historical_model_estimate,2025-02-28,2024-09-18,10561.560933798886,10705.309752430157,11150.940965742806,11238.220802820088,11393.22786666161,11589.459803999285,11811.004933229031,11973.854085072424,12050.247363181039,12537.959076966985,12733.046755172694,544.9335827583857,-163,11693.68039501916,True,2025-02-28_springdale
all,historical_model_estimate,2025-02-28,2024-09-19,45537.879136220974,46025.26565636054,46817.366942970206,47000.564418532726,47346.89303606692,47755.016568854015,48195.572982274214,48507.72678791583,48684.72583087356,49548.20068404793,49799.45311800617,1090.8206059276586,-162,48026.23661251234,True,aggregate_independent_posterior_pairing
downtown,historical_model_estimate,2025-02-28,2024-09-19,7822.995710955315,8014.088927815428,8504.157965826034,8596.360593054855,8820.780364352555,9086.050276787726,9324.345686842435,9487.989495285738,9566.698513449634,10080.015460828228,10287.748893494683,632.8994659777462,-162,9111.753502294929,True,2025-02-28_downtown
fscoffee,historical_model_estimate,2025-02-28,2024-09-19,13301.477111838887,13441.094153223134,13898.286058216367,14004.86464065239,14145.717841049422,14358.098990153849,14525.455178656297,14660.308733099124,14750.108573965268,15214.513318142655,15404.050748759599,529.6311552983971,-162,15084.041641954287,True,2025-02-28_fscoffee
hurricane,historical_model_estimate,2025-02-28,2024-09-19,11289.365381960017,11432.503695510199,11881.481519743693,11958.051759227079,12109.72414650727,12322.090335090119,12511.152770626592,12643.045909843835,12727.46390008244,13150.598053983507,13305.123545430008,512.17225860267,-162,12475.91670296359,True,2025-02-28_hurricane
springdale,historical_model_estimate,2025-02-28,2024-09-19,11016.287251177844,11166.215961114774,11591.09737032387,11678.465895514346,11842.713730124058,12040.238355910775,12266.492058340715,12435.886869492773,12528.468683295101,12989.325198182674,13120.99389733013,550.4997074466631,-162,11354.524765299531,True,2025-02-28_springdale
all,historical_model_estimate,2025-02-28,2024-09-20,45551.59338870242,45981.21877916773,46990.34984789196,47160.332019598885,47465.82369957734,47913.51250942721,48326.63762800804,48603.849687028596,48834.97321085857,49642.99946964195,49912.028896114156,1109.0233731121623,-161,48689.19518690604,True,aggregate_independent_posterior_pairing
downtown,historical_model_estimate,2025-02-28,2024-09-20,8059.3619793707985,8221.079142257773,8679.124120107108,8785.281042102419,9008.503168544772,9259.200399574638,9485.916313357639,9698.701696600008,9796.881244250444,10296.811946158192,10488.09374110284,641.9657380192075,-161,10088.646414934989,True,2025-02-28_downtown
fscoffee,historical_model_estimate,2025-02-28,2024-09-20,12654.30207613367,12826.240591076756,13218.96080247043,13304.488161460054,13459.64376409575,13652.372553623989,13849.346127806162,13979.404716409488,14062.755505626334,14487.215361218765,14684.120420894578,513.367944555495,-161,13487.831791540968,True,2025-02-28_fscoffee
hurricane,historical_model_estimate,2025-02-28,2024-09-20,12075.043399786517,12252.965624796101,12718.005530705754,12829.072676779779,12989.129982515999,13173.509545230234,13368.257434156802,13527.401200287528,13627.514575944406,14017.037354180648,14205.826506919137,546.0214937254123,-161,12938.078826365196,True,2025-02-28_hurricane
springdale,historical_model_estimate,2025-02-28,2024-09-20,10659.7264829588,10911.464564095531,11391.737579287686,11477.946026670188,11623.88318096171,11817.648677158693,12003.285593339484,12139.301191240742,12247.367165042966,12653.93606017202,12777.295560969056,527.9197172161935,-161,12174.638154064887,True,2025-02-28_springdale
all,historical_model_estimate,2025-02-28,2024-09-21,44851.46496708226,45166.871440712865,46048.016392050005,46246.249075666725,46476.62368841865,46960.68698811037,47370.32602066926,47669.32875529676,47844.137855357025,48710.017482185096,49035.83625550133,1089.276793034265,-160,,False,aggregate_independent_posterior_pairing
downtown,historical_model_estimate,2025-02-28,2024-09-21,7899.979297019489,8075.055788029414,8605.300162302517,8681.282609973876,8852.679519584128,9095.09756960751,9320.012984508832,9510.237271222195,9654.849825748073,10168.226640740886,10350.47296772094,619.1339350225486,-160,9336.967885916789,True,2025-02-28_downtown
fscoffee,historical_model_estimate,2025-02-28,2024-09-21,12385.817549610734,12566.45536797,12975.530851153902,13060.516935753456,13203.507355316018,13393.888821878714,13610.271165275535,13770.629137820337,13820.481296078424,14227.705558616615,14370.502083680305,509.67513736437866,-160,13920.55812482376,True,2025-02-28_fscoffee
hurricane,historical_model_estimate,2025-02-28,2024-09-21,12551.675165504505,12692.12791042081,13148.17844601077,13226.263441511146,13390.176338384763,13587.378994963663,13806.602780345453,13961.750481356903,14027.178541207702,14434.417431959053,14630.170147633844,533.7947561303373,-160,,False,2025-02-28_hurricane
springdale,historical_model_estimate,2025-02-28,2024-09-21,9804.30700572586,9971.046145378825,10421.52022025093,10515.507684451291,10638.905833268818,10842.769161716009,11037.392197590716,11192.261711437675,11298.66300066868,11655.495173666428,11799.931660678232,513.1030547298733,-160,11109.462541076902,True,2025-02-28_springdale
all,historical_model_estimate,2025-02-28,2024-09-22,43744.65648710213,44057.76097022081,44991.62189393428,45210.522694168576,45580.25289566535,45959.81257313647,46368.982460730724,46655.60912835553,46874.14941845689,47738.27329736245,48140.172379905875,1121.1044297736946,-159,47186.03469236086,True,aggregate_independent_posterior_pairing
downtown,historical_model_estimate,2025-02-28,2024-09-22,6972.2731287981405,7178.533194780453,7721.198486747621,7807.998855354143,7992.025883521674,8220.084562919841,8457.839996733568,8628.595357342652,8702.492021203165,9209.299386764653,9418.535208552777,615.0090878884121,-159,7698.477037528505,True,2025-02-28_downtown
fscoffee,historical_model_estimate,2025-02-28,2024-09-22,12969.179004698233,13097.898121565946,13583.738879619516,13650.318278186278,13801.329930580043,14036.35290594459,14223.828540366103,14376.243159498214,14471.433735180453,14867.909022030064,15006.914004621454,524.0776776479754,-159,14255.952687760717,True,2025-02-28_fscoffee
hurricane,historical_model_estimate,2025-02-28,2024-09-22,12648.784321133899,12777.904611522237,13209.686074749427,13305.60482358561,13459.24452015843,13653.993039191622,13831.644483399476,14010.933354861012,14105.857781038898,14478.365334727603,14679.321152012004,520.5270111852303,-159,13789.538706211548,True,2025-02-28_hurricane
springdale,historical_model_estimate,2025-02-28,2024-09-22,8980.450118234665,9178.275804963769,9631.978620419786,9705.08647717892,9870.831361932658,10075.710628104658,10257.819503721546,10401.405292317662,10498.146290392322,10942.997587073089,11140.911784399716,527.2469384905651,-159,11442.066260860089,True,2025-02-28_springdale
all,historical_model_estimate,2025-02-28,2024-09-23,42808.473229563686,43124.624227118686,44027.90427187324,44175.82994905289,44434.865975158085,44832.9281720861,45314.159385936124,45623.268418990614,45770.80217147041,46769.669238989234,47034.525401475075,1080.8201181551046,-158,45675.67269783695,True,aggregate_independent_posterior_pairing
downtown,historical_model_estimate,2025-02-28,2024-09-23,6096.398781730013,6317.684733188065,6810.477367866746,6913.814815144398,7086.919671516817,7330.900387338415,7602.771554805932,7761.914930241211,7881.0813358055,8392.401100876821,8497.825882188115,634.9383996781057,-158,7904.026771845449,True,2025-02-28_downtown
fscoffee,historical_model_estimate,2025-02-28,2024-09-23,13889.546345813988,14083.135056175726,14517.867777650186,14591.12142191541,14763.25625900377,14965.047951052858,15152.364138160232,15319.631157677466,15386.399868206712,15810.333355811219,15986.56019772699,533.8157651922451,-158,14807.242244718724,True,2025-02-28_fscoffee
hurricane,historical_model_estimate,2025-02-28,2024-09-23,11750.91624906567,11958.187859879705,12386.348472512178,12482.89913727331,12602.802487392257,12790.69747173721,12988.672433885546,13126.309049223999,13199.270247771517,13653.699581233182,13846.10992970584,520.4586639916794,-158,12765.96386832121,True,2025-02-28_hurricane
springdale,historical_model_estimate,2025-02-28,2024-09-23,8769.169483974196,8912.61316222259,9306.472800835574,9394.10952240325,9607.51013035266,9807.08160688783,10045.6234518819,10188.49962600347,10251.477890370521,10641.914828406852,10785.755521683013,541.973893980403,-158,10198.439812951568,True,2025-02-28_springdale
all,historical_model_estimate,2025-02-28,2024-09-24,43356.67088855216,43646.37126873402,44638.83928601195,44823.45198647387,45186.422130790415,45654.50796218467,46081.06293949525,46375.92501206192,46608.72105542571,47647.23561785992,48141.061425320484,1205.4187542478398,-157,45696.22771638163,True,aggregate_independent_posterior_pairing
downtown,historical_model_estimate,2025-02-28,2024-09-24,6432.751187239139,6577.529441421427,7046.144905485053,7162.013764889395,7392.604742023346,7609.12753550239,7886.735308623164,8051.979122158491,8184.329219443447,8975.642917015066,9290.491707577288,706.8142453865602,-157,8281.50374859171,True,2025-02-28_downtown
fscoffee,historical_model_estimate,2025-02-28,2024-09-24,14333.83941255145,14497.383011344094,14969.2125286002,15060.87940507268,15206.693639954485,15387.786698077143,15592.367180333911,15727.3362941818,15817.249902487585,16224.846229310919,16355.300196165139,528.0063164948675,-157,14852.19575392455,True,2025-02-28_fscoffee
hurricane,historical_model_estimate,2025-02-28,2024-09-24,11042.60323352721,11215.423537898074,11625.904308986534,11734.689476658055,11878.713186967818,12069.906203482966,12278.005735552893,12428.557599197942,12505.72715077488,12935.514738813526,13115.704762800377,538.7201202622018,-157,11971.251665306192,True,2025-02-28_hurricane
springdale,historical_model_estimate,2025-02-28,2024-09-24,9424.089443619296,9608.05728710646,10060.191590970586,10148.524575198573,10297.169138622901,10494.075871719306,10721.709317846115,10891.633018195822,10989.3291581256,11445.751439598434,11672.229022756826,558.1290038073188,-157,10591.276548559184,True,2025-02-28_springdale
all,historical_model_estimate,2025-02-28,2024-09-25,44880.98748540609,45364.577773565106,46319.42402042986,46518.89585464103,46865.544225968486,47330.65890208891,47762.73524946962,48114.29317794609,48357.97229001679,49184.67993800762,49634.298148746406,1191.255589046637,-156,48451.99081606623,True,aggregate_independent_posterior_pairing
downtown,historical_model_estimate,2025-02-28,2024-09-25,7130.338116857493,7332.111868381363,7801.22650567605,7903.866038043604,8109.123285053207,8445.581839567401,8714.382083954892,8915.401380435731,9051.218387413528,9699.808614941165,9887.67674965662,719.8602768885289,-156,9256.308603683134,True,2025-02-28_downtown
fscoffee,historical_model_estimate,2025-02-28,2024-09-25,13983.543814288201,14196.63780280906,14599.438930746277,14687.511673370871,14814.641125798533,15052.433253366973,15271.760952866842,15394.233359487182,15492.005020208038,15871.904346547315,16036.794446672227,530.2594989724927,-156,15264.302950568152,True,2025-02-28_fscoffee
hurricane,historical_model_estimate,2025-02-28,2024-09-25,10988.692411215765,11142.746030562883,11581.17059495967,11672.817965002789,11843.45949140889,12050.686816765601,12256.711774044881,12428.89340978259,12515.593921575146,12954.414213394351,13099.277352123288,544.7716281229026,-156,12162.805252328775,True,2025-02-28_hurricane
springdale,historical_model_estimate,2025-02-28,2024-09-25,10746.050359983134,10908.045212765255,11336.696455671032,11415.691607973087,11558.067354745244,11784.47496509955,11984.92538330606,12149.076181878472,12251.669102495374,12642.718789662837,12762.816530702301,537.3492330154575,-156,11768.574009486169,True,2025-02-28_springdale
all,historical_model_estimate,2025-02-28,2024-09-26,46672.31995382056,47146.4550407827,48074.94355965999,48252.95209529611,48598.63743560874,49083.17250865686,49518.568460768416,49831.74633321011,49995.12603595044,50883.91910164246,51355.63664728856,1166.616213986103,-155,49730.34280603619,True,aggregate_independent_posterior_pairing
downtown,historical_model_estimate,2025-02-28,2024-09-26,8825.223146427292,9092.687713380183,9689.259854344982,9774.76151416022,9947.205005700762,10165.419909645723,10419.8402590985,10652.215546012854,10744.02233435134,11299.109001641016,11456.118771223068,675.2307476751572,-155,10596.751294459998,True,2025-02-28_downtown
fscoffee,historical_model_estimate,2025-02-28,2024-09-26,13317.021201632047,13443.573222694102,13844.685002429671,13941.77763873454,14090.964478930413,14292.603638770714,14489.531704783793,14654.141256017852,14769.804633495736,15139.789916525906,15371.840441277911,534.8913981656407,-155,14497.93434315435,True,2025-02-28_fscoffee
hurricane,historical_model_estimate,2025-02-28,2024-09-26,11329.3295856618,11529.791235273507,11933.522766623224,12024.614698793128,12209.051395723713,12437.275864819017,12627.464470547024,12774.07104253343,12879.22123735688,13315.077737830708,13468.782586140083,548.4167373461878,-155,12441.297118271636,True,2025-02-28_hurricane
springdale,historical_model_estimate,2025-02-28,2024-09-26,11055.978871885121,11256.8030936503,11698.17675690775,11810.919600071347,11956.756041200604,12179.443409585972,12356.082070671091,12495.299922940312,12590.664408691428,13030.425326648721,13157.504836069036,542.9802831111002,-155,12194.36005015021,True,2025-02-28_springdale
all,historical_model_estimate,2025-02-28,2024-09-27,46529.427169992996,46813.06010962175,47751.73624666066,47936.70306458332,48321.244021669445,48799.97135588106,49178.67257490312,49555.74037496745,49706.20095436042,50839.53151975395,51187.274949211,1202.0981203834656,-154,48690.82217508499,True,aggregate_independent_posterior_pairing
downtown,historical_model_estimate,2025-02-28,2024-09-27,9158.542086708863,9497.273953520975,9950.612026882483,10039.269396750615,10180.013967516907,10446.937804127218,10699.56478484277,10904.641346385248,11000.098733280565,11552.861883805987,11785.375369426614,642.7680530405543,-154,10893.808301247322,True,2025-02-28_downtown
fscoffee,historical_model_estimate,2025-02-28,2024-09-27,12512.545623730943,12659.395934858478,13070.003122779093,13153.193774558616,13333.279582193712,13526.427800531692,13735.763185035788,13849.261632930966,13943.266531150482,14322.288886168968,14543.507079237583,513.9677081639079,-154,13487.49249298075,True,2025-02-28_fscoffee
hurricane,historical_model_estimate,2025-02-28,2024-09-27,11460.950176530652,11641.748669919232,12210.870565789499,12312.445762025962,12482.968366346644,12723.919386436268,12982.158085224211,13212.694373144042,13352.74298789507,13839.794605098989,14046.629751711514,675.146285567895,-154,12198.713347677662,True,2025-02-28_hurricane
springdale,historical_model_estimate,2025-02-28,2024-09-27,10995.434798652996,11165.316272931701,11582.56457864183,11667.866352746534,11834.721913013926,12034.750061512765,12247.876462516933,12405.614294536208,12490.63568084344,12930.939444637339,13050.209674438665,533.6997555619213,-154,12110.80803317926,True,2025-02-28_springdale
all,historical_model_estimate,2025-02-28,2024-09-28,45348.016871360815,45747.610232699335,46787.281837323215,46997.90019933089,47325.60966273972,47735.37321499188,48237.5645245363,48606.495486008855,48802.72389027646,49617.20532918159,50203.146926544425,1194.5008317784716,-153,48897.2337118993,True,aggregate_independent_posterior_pairing
downtown,historical_model_estimate,2025-02-28,2024-09-28,8964.532673588998,9179.578847608505,9724.74347398929,9819.74499029868,10010.386188213784,10237.980906816312,10503.066029842617,10724.524624087338,10833.012985866355,11330.586722705842,11522.499866410437,663.9977541979257,-153,10792.807046283173,True,2025-02-28_downtown
fscoffee,historical_model_estimate,2025-02-28,2024-09-28,12327.28524429451,12512.273488969488,12905.134626927531,12997.29877067361,13153.795711682944,13326.451553348867,13518.025025850462,13656.330643059071,13739.699250113053,14218.100624844463,14462.856047893041,518.1136578608438,-153,13180.503264143746,True,2025-02-28_fscoffee
hurricane,historical_model_estimate,2025-02-28,2024-09-28,11877.407314570364,12047.282491563808,12558.907408668778,12656.298268204186,12852.353108189434,13137.992155873308,13369.113623165895,13566.78324385144,13671.279790885454,14127.542631021699,14447.03730990624,647.899545011258,-153,13799.46113741257,True,2025-02-28_hurricane
springdale,historical_model_estimate,2025-02-28,2024-09-28,9954.262458722405,10200.455810789585,10629.787690307943,10719.625697609663,10852.209824497912,11053.389402090048,11255.694248230016,11419.54699985157,11505.473139045384,11865.295384114686,12034.691491439195,533.1542138477737,-153,11124.46226405981,True,2025-02-28_springdale
all,historical_model_estimate,2025-02-28,2024-09-29,44574.0936693363,44785.38302862254,45629.675920906775,45846.905622446604,46246.2608117402,46675.72986599247,47072.53811819887,47421.13132431578,47643.45044615703,48533.659690503766,48887.55518304438,1128.064401181665,-152,45964.32589907324,True,aggregate_independent_posterior_pairing
downtown,historical_model_estimate,2025-02-28,2024-09-29,8094.141167171495,8303.6702019854,8836.946498121566,8950.817765351581,9134.243736583237,9370.940055068979,9622.50841960052,9803.262102457684,9908.016752799456,10418.883192537853,10606.749487821884,634.8604623427772,-152,10055.441160385495,True,2025-02-28_downtown
fscoffee,historical_model_estimate,2025-02-28,2024-09-29,12802.358100658532,13029.635550924395,13431.87448403544,13535.357077097782,13674.1349885987,13868.188561908752,14073.168414960764,14218.687371571086,14318.871135346853,14690.91798478133,14840.270910014691,523.6140461213994,-152,13912.109295791995,True,2025-02-28_fscoffee
hurricane,historical_model_estimate,2025-02-28,2024-09-29,11920.055352947542,12061.516992757668,12591.00280088871,12684.675238615371,12848.278019621832,13100.35335365368,13305.387402010083,13462.351759098963,13566.127890886377,14164.17249590851,14373.759515250373,623.4491322004512,-152,12174.156652882622,True,2025-02-28_hurricane
springdale,historical_model_estimate,2025-02-28,2024-09-29,9292.096077529868,9423.184436356958,9846.337951674377,9949.641367142007,10124.30643790589,10315.075066269637,10538.504814497097,10692.50436139429,10822.397460038572,11266.217818539892,11405.04849374792,556.5960819059441,-152,9822.618790013134,True,2025-02-28_springdale
all,historical_model_estimate,2025-02-28,2024-09-30,43278.98277021894,43657.514134430254,44709.98738161309,44903.45918541969,45254.30101827722,45766.780442755524,46174.86144272105,46507.29974561154,46768.01004774955,47649.00732422229,47956.86815847916,1198.8510501376743,-151,45878.15729272815,True,aggregate_independent_posterior_pairing
downtown,historical_model_estimate,2025-02-28,2024-09-30,7311.5127313017165,7580.155184680538,8115.2223098149225,8226.183200358302,8401.217657502462,8633.39576288385,8869.36587066224,9067.690037992685,9165.444588734119,9636.567320008038,9805.949737375651,634.6875838797621,-151,8261.648125949914,True,2025-02-28_downtown
fscoffee,historical_model_estimate,2025-02-28,2024-09-30,13655.66198325117,13827.024110717442,14239.593056460573,14311.065033323945,14457.28935482166,14647.237801155221,14817.138160281993,15009.381109420954,15087.188624989749,15545.968515737502,15670.812149751599,513.762951597912,-151,15067.31964325399,True,2025-02-28_fscoffee
hurricane,historical_model_estimate,2025-02-28,2024-09-30,11267.2933291426,11452.745000158086,12064.611638478851,12209.745611904724,12398.330418678263,12654.18911157505,12869.341733157702,13047.956468001197,13164.082421138604,13590.508507721826,13719.071424733776,636.7709507736442,-151,12288.067128940284,True,2025-02-28_hurricane
springdale,historical_model_estimate,2025-02-28,2024-09-30,8704.496534060083,8913.524620573588,9352.647066438863,9443.9513910823,9619.287341681398,9834.044822111797,10021.23617336692,10182.613414434642,10271.256335750315,10647.806269668652,10888.304336261868,554.2851560425247,-151,10261.122394583965,True,2025-02-28_springdale
all,historical_model_estimate,2025-02-28,2024-10-01,44157.2236745226,44601.21300979548,45557.00142808843,45689.27506625885,45990.73549750902,46467.03666880245,46901.97805544059,47219.225103011835,47388.210077296164,48396.47514162113,48750.42928999161,1156.849185699792,-150,,False,aggregate_independent_posterior_pairing
downtown,historical_model_estimate,2025-02-28,2024-10-01,7378.580462710183,7572.492713192499,8102.016493487375,8232.331562471398,8406.740554967684,8650.210373808226,8926.605987383537,9090.986644344695,9203.20987624577,9650.316089043885,9829.618341065305,635.0606980695675,-150,9651.795191750982,True,2025-02-28_downtown
fscoffee,historical_model_estimate,2025-02-28,2024-10-01,14176.47367681288,14320.268467385622,14714.484827778237,14798.095270205482,14986.560674489894,15174.127721985931,15357.595638199151,15522.038468520524,15611.732053697648,15985.878420029509,16095.92366625062,514.1002064487408,-150,,False,2025-02-28_fscoffee
hurricane,historical_model_estimate,2025-02-28,2024-10-01,11038.398180898705,11203.86310170038,11621.705442120729,11722.277836247049,11864.028638504074,12086.073100497742,12278.751771297975,12452.294435290736,12533.319362678883,12939.801159776123,13149.71355842938,540.2128647107111,-150,11888.877373685164,True,2025-02-28_hurricane
springdale,historical_model_estimate,2025-02-28,2024-10-01,9512.354507492724,9686.947382934566,10112.209076897367,10181.351485262621,10353.287691225694,10548.40851800701,10770.401073929199,10934.959781485071,11019.768745824482,11437.592469686095,11601.336925226658,541.5740500345595,-150,10583.33881104241,True,2025-02-28_springdale
all,historical_model_estimate,2025-02-28,2024-10-02,45229.36600267304,45708.74828027227,46703.34805195056,46882.10998802581,47250.89319711469,47660.39547229714,48089.901551522074,48497.49444808198,48673.61421367502,49727.31016440887,50127.81457652988,1234.3126116343185,-149,,False,aggregate_independent_posterior_pairing
downtown,historical_model_estimate,2025-02-28,2024-10-02,7462.6335827672365,7680.600105714785,8183.388646418015,8283.107398552344,8474.184984144356,8811.258133133091,9118.889166984587,9349.113893534724,9464.06355301249,10170.538590205048,10446.258335650282,765.8433406593641,-149,,False,2025-02-28_downtown
fscoffee,historical_model_estimate,2025-02-28,2024-10-02,13984.935430494294,14137.862907175157,14543.294019609646,14621.194160467148,14759.01410551489,14978.649247091047,15202.344142886617,15342.884255946832,15437.25761105769,15887.227659119446,16029.480655675494,531.2436505095509,-149,15160.869425997069,True,2025-02-28_fscoffee
hurricane,historical_model_estimate,2025-02-28,2024-10-02,10953.36503569639,11133.805782302437,11605.962121772714,11675.41943532259,11844.259498756408,12043.774100739549,12273.62679808332,12406.52674402931,12485.865822424514,12877.601572241736,13067.769747372586,539.5377009920226,-149,11870.877415051633,True,2025-02-28_hurricane
springdale,historical_model_estimate,2025-02-28,2024-10-02,10779.820643762037,10900.798232197432,11351.121871437752,11448.975030895615,11589.736039024021,11791.212575858677,12005.105648258374,12155.98413238579,12261.869209485796,12739.638415253523,12845.49058488714,548.8662937874155,-149,11247.722708579444,True,2025-02-28_springdale
all,historical_model_estimate,2025-02-28,2024-10-03,46134.807183981444,46581.12733909003,47377.24252755019,47533.228555229114,47869.65197095935,48316.962566207294,48749.002294928774,49097.213976973704,49243.55043242598,50168.29672242287,50579.9851659481,1116.551329496304,-148,,False,aggregate_independent_posterior_pairing
downtown,historical_model_estimate,2025-02-28,2024-10-03,8168.374216671817,8459.95661155028,8982.542484776985,9094.704006710785,9286.282401870774,9538.431033371395,9797.900782922434,9953.199310457732,10071.22323350257,10619.839033883285,10843.08902610161,660.0656992324903,-148,9546.219833555737,True,2025-02-28_downtown
fscoffee,historical_model_estimate,2025-02-28,2024-10-03,13177.47671767449,13364.317996380962,13787.98347889732,13861.794414341857,13998.468963149166,14202.007559510723,14384.659226222817,14525.307321979828,14624.658323784364,15059.822003332205,15296.233421284753,521.1938847515527,-148,14699.468376667322,True,2025-02-28_fscoffee
hurricane,historical_model_estimate,2025-02-28,2024-10-03,11346.886588011836,11495.87030383045,11935.061608591921,12046.403495930623,12215.10908354779,12410.814289916168,12595.641052673249,12774.185429511905,12859.932196779258,13321.036371836804,13469.317053468321,549.710882392004,-148,,False,2025-02-28_hurricane
springdale,historical_model_estimate,2025-02-28,2024-10-03,11066.59585226683,11291.104405741857,11716.493427445359,11805.111158132711,11959.2115165955,12190.652437300618,12394.447825568894,12541.970366225743,12627.188421808949,13027.554452564904,13230.236440524586,539.2374047555287,-148,11732.593640117568,True,2025-02-28_springdale
all,historical_model_estimate,2025-02-28,2024-10-04,45944.389096938095,46436.45479162706,47272.50862100102,47432.391000529795,47797.882769520416,48288.015287076225,48723.105639097295,49011.582957228835,49209.7955304393,50019.98571151033,50375.45485604428,1117.9917801111344,-147,,False,aggregate_independent_posterior_pairing
downtown,historical_model_estimate,2025-02-28,2024-10-04,8409.625361202776,8611.866033501417,9178.564078606336,9265.178203428557,9427.437988187039,9688.801813269898,9973.265963485448,10145.66518957351,10251.962206897035,10799.897514802591,10939.22384244789,646.191686417849,-147,10652.057040697937,True,2025-02-28_downtown
fscoffee,historical_model_estimate,2025-02-28,2024-10-04,12412.374456618694,12553.74968675299,13031.610770883333,13105.523963442469,13237.362608680349,13401.618251942697,13612.75310186296,13757.104818529182,13845.612775563824,14289.264414722682,14464.42131091403,518.0639455364955,-147,13166.911104327572,True,2025-02-28_fscoffee
hurricane,historical_model_estimate,2025-02-28,2024-10-04,12194.397818846914,12319.35448583528,12726.6083815127,12808.431774439921,12942.787154514897,13138.058544391673,13378.600642518626,13554.047168686218,13632.623347005556,14008.722784573642,14246.247659815572,524.7263859388631,-147,13624.598676958409,True,2025-02-28_hurricane
springdale,historical_model_estimate,2025-02-28,2024-10-04,10813.927016489095,10996.55416002017,11477.076699722606,11551.937017188991,11741.912037436796,11973.943962887355,12162.441876267556,12328.330203744123,12426.500949337566,12869.41850029984,13006.676367244854,568.4768753706362,-147,,False,2025-02-28_springdale
all,historical_model_estimate,2025-02-28,2024-10-05,45177.99375808254,45529.02606355582,46679.17524597709,46834.31189005629,47135.93525109998,47530.64631117873,47980.269317648505,48314.39833095595,48490.48397555483,49339.086427422095,49694.453370917756,1128.164496748033,-146,47832.0552594088,True,aggregate_independent_posterior_pairing
downtown,historical_model_estimate,2025-02-28,2024-10-05,8366.381946917852,8563.669138874842,9039.566547915767,9137.546886859427,9322.987594045613,9592.133835792574,9834.557784893677,10036.982601398979,10146.481558158399,10629.020844037519,10801.571937855364,631.9487367186749,-146,10526.101496605505,True,2025-02-28_downtown
fscoffee,historical_model_estimate,2025-02-28,2024-10-05,12160.588148164448,12398.82601138292,12827.672990085928,12916.674399810625,13057.561807033933,13272.206123780268,13463.171503175083,13613.436938041092,13704.536486558789,14145.64125891221,14349.731508384522,532.676582055543,-146,13608.212235663716,True,2025-02-28_fscoffee
hurricane,historical_model_estimate,2025-02-28,2024-10-05,12650.140575033513,12794.635784766344,13243.465968606024,13353.980036477304,13495.289809843916,13716.524931560967,13938.131627728893,14101.970936661563,14181.999556337074,14567.232921949952,14751.297636774134,555.3624893855244,-146,13729.341675612242,True,2025-02-28_hurricane
springdale,historical_model_estimate,2025-02-28,2024-10-05,9945.711047578616,10135.04262470866,10532.585460251883,10617.086897246332,10794.982496569812,10995.659767566973,11169.355896876945,11347.135310019474,11443.835163750842,11843.247981336042,12005.749993358935,543.0398764762707,-146,9968.399851527332,True,2025-02-28_springdale
all,historical_model_estimate,2025-02-28,2024-10-06,44197.0288721917,44542.783336610875,45435.52079460124,45639.22125523013,46003.77352279913,46458.60911409007,46924.95170023939,47292.62755554238,47440.155402038545,48365.82299390536,48685.98074558372,1158.3066622999786,-145,47343.98735893655,True,aggregate_independent_posterior_pairing
downtown,historical_model_estimate,2025-02-28,2024-10-06,7532.13424603312,7760.685699519996,8212.27751943807,8312.129559896503,8501.23404125539,8756.758878317401,9010.728196658405,9190.590660067537,9287.108285317692,9876.94725455383,10110.034172145091,652.7367828482147,-145,9263.83898859364,True,2025-02-28_downtown
fscoffee,historical_model_estimate,2025-02-28,2024-10-06,12807.201400206373,12983.67308761637,13389.501236545268,13476.166955596796,13622.928285375967,13841.648700284984,14018.824372804438,14183.77255245104,14255.351138067332,14604.158723454182,14757.344223661625,508.9207425935181,-145,14524.216925203556,True,2025-02-28_fscoffee
hurricane,historical_model_estimate,2025-02-28,2024-10-06,12697.111121730697,12860.83967452451,13272.701015628998,13359.993129811683,13520.397004207132,13735.402250087882,13914.282804837787,14097.849787664665,14196.304063295014,14667.353430608504,14797.639200100195,543.2336530748928,-145,13305.776596408548,True,2025-02-28_hurricane
springdale,historical_model_estimate,2025-02-28,2024-10-06,9069.532326233786,9194.448252614673,9639.732506110735,9761.835166112509,9929.521421895915,10140.226061800615,10368.842250756574,10515.188386880222,10622.92234935887,11077.70252938231,11295.472750165303,576.9724816423654,-145,10250.15484873081,True,2025-02-28_springdale
all,historical_model_estimate,2025-02-28,2024-10-07,43177.73164172079,43454.336752317184,44333.6574772183,44549.0802605093,44874.120422044,45279.184963999454,45725.52233688231,46092.26941859446,46280.64768800866,47047.488596388604,47392.85361767727,1109.556975198363,-144,47114.744090625834,True,aggregate_independent_posterior_pairing
downtown,historical_model_estimate,2025-02-28,2024-10-07,6825.437444058334,6993.044843683794,7425.809962668811,7545.220998135188,7736.882827042083,7985.209585290368,8208.878050766541,8398.393009455192,8500.84002198254,9061.477877299547,9258.093735761722,635.14407572781,-144,9035.44586757674,True,2025-02-28_downtown
fscoffee,historical_model_estimate,2025-02-28,2024-10-07,13741.7692214105,13916.37082262192,14333.308930174,14411.105074668052,14568.92371072315,14753.337008923405,14962.08694094813,15132.770860762339,15227.09895261044,15608.99639989227,15777.41203632569,518.6943173814353,-144,15212.720336557551,True,2025-02-28_fscoffee
hurricane,historical_model_estimate,2025-02-28,2024-10-07,11751.980917774383,11961.73529337802,12393.37048904605,12471.627353995114,12619.33885086626,12830.32632152296,13023.433228851442,13185.580980261206,13279.820241653053,13694.451124040032,13905.511264482999,533.351024872724,-144,12283.367603078148,True,2025-02-28_hurricane
springdale,historical_model_estimate,2025-02-28,2024-10-07,8683.210858809469,8850.511695791616,9226.980185298753,9335.912650101207,9491.344416731508,9723.984338621402,9926.440199621444,10086.743631196372,10167.721980221511,10682.494320491649,10863.53868638284,556.0620982175413,-144,10583.210283413391,True,2025-02-28_springdale
all,historical_model_estimate,2025-02-28,2024-10-08,44051.731153157656,44373.971464078706,45172.97071238387,45359.86934212802,45665.708999299764,46096.961847231665,46503.7721962841,46793.982069560065,47017.16211451631,47944.841213065294,48318.40145050323,1081.3259964308236,-143,47726.50678958217,True,aggregate_independent_posterior_pairing
downtown,historical_model_estimate,2025-02-28,2024-10-08,7019.875579655627,7150.851752508381,7662.603359757219,7763.51377699165,7964.962756509353,8228.896853215294,8468.230340464888,8615.753088027346,8726.621918981202,9346.125179542178,9486.904977470962,639.83058062036,-143,9112.756661431937,True,2025-02-28_downtown
fscoffee,historical_model_estimate,2025-02-28,2024-10-08,14304.543694854274,14476.02508384058,14830.730449135313,14905.540640279747,15048.165234778204,15260.033553526606,15467.000862267643,15646.447630882989,15730.08794926188,16190.062028545159,16382.16191317702,530.6661429611953,-143,15384.166537089495,True,2025-02-28_fscoffee
hurricane,historical_model_estimate,2025-02-28,2024-10-08,11015.808246028426,11202.559508334198,11659.833013434682,11735.959924206447,11894.76107883967,12079.231352024832,12279.555151461473,12414.120893640338,12501.097716534412,12937.231001876346,13099.804274653376,536.8357781863555,-143,12428.068532523965,True,2025-02-28_hurricane
springdale,historical_model_estimate,2025-02-28,2024-10-08,9419.239542978408,9586.557768406548,10095.809958046804,10177.513353303926,10328.75921460168,10527.031069375527,10723.904685963418,10899.3592437,10998.628443659407,11403.886064356599,11604.129656686851,545.3141967863246,-143,10801.515058536776,True,2025-02-28_springdale
all,historical_model_estimate,2025-02-28,2024-10-09,45779.47013662695,46147.633738993834,47057.04472751083,47184.31999635625,47465.483417422125,47913.49235921828,48316.35029512613,48662.75609908083,48849.29171633406,49753.53754907983,50291.60227307837,1112.5482890763442,-142,48262.19169814597,True,aggregate_independent_posterior_pairing
downtown,historical_model_estimate,2025-02-28,2024-10-09,7802.888465327594,8005.389060062663,8467.81721770353,8592.557801772322,8777.255048310075,8981.471387909909,9246.756428822257,9468.874567344095,9564.358563964963,10092.955170448335,10279.198884980957,644.5415558329672,-142,9291.250511164411,True,2025-02-28_downtown
fscoffee,historical_model_estimate,2025-02-28,2024-10-09,13972.734869712625,14110.844395039785,14633.818468106472,14704.606826769417,14871.295716765371,15052.614349058027,15251.662346012386,15421.946341235795,15509.994604534111,15862.625355375094,16030.822150057209,524.2174700501355,-142,15443.280676451915,True,2025-02-28_fscoffee
hurricane,historical_model_estimate,2025-02-28,2024-10-09,11059.73021404967,11269.537136102157,11674.130781528378,11772.811124010615,11907.815549242903,12123.66416163697,12321.14531810619,12465.9181296497,12540.994812334911,12966.739919937516,13105.78356218164,520.6003876203118,-142,12250.841214147227,True,2025-02-28_hurricane
springdale,historical_model_estimate,2025-02-28,2024-10-09,10658.726176474484,10862.805807965795,11321.566674380203,11405.669546700741,11575.254957739595,11758.177704887628,11955.062746542091,12089.934680022701,12180.024601478508,12588.298542895584,12769.254392447572,532.0286837647595,-142,11276.819296382417,True,2025-02-28_springdale
all,historical_model_estimate,2025-02-28,2024-10-10,46693.535378009794,47040.910961352485,47941.52426772415,48158.83245127495,48474.4141268279,48902.856867589784,49355.468137063326,49669.8255985889,49859.62772204495,50663.26531471475,50984.713633870946,1120.7509617182357,-141,49395.644049893686,True,aggregate_independent_posterior_pairing
downtown,historical_model_estimate,2025-02-28,2024-10-10,8759.48670510035,9035.48658196317,9498.626357147257,9604.825338070435,9803.893811230846,10019.900217351267,10253.716110643587,10446.705433197118,10568.502937125842,11139.10546267619,11451.747023810174,667.4221004409271,-141,9468.751805300986,True,2025-02-28_downtown
fscoffee,historical_model_estimate,2025-02-28,2024-10-10,13246.965420650926,13444.976153180067,13866.175921657165,13959.829609794782,14120.52982248836,14336.629656130688,14553.162952515857,14673.203708669029,14733.269706451785,15116.69082233582,15270.939109097626,520.7261772894361,-141,14700.949152834006,True,2025-02-28_fscoffee
hurricane,historical_model_estimate,2025-02-28,2024-10-10,11383.530613109839,11603.275982525405,12023.565259211546,12120.905830790798,12275.986095714909,12475.00289849057,12683.53071837822,12875.412575173821,12981.256930245514,13376.391014724379,13512.368020435255,555.1686269977632,-141,12472.899550937582,True,2025-02-28_hurricane
springdale,historical_model_estimate,2025-02-28,2024-10-10,10980.532633562332,11178.480952470567,11576.618383691564,11676.38458868793,11820.776570965656,12080.814444940981,12293.552853823156,12448.524460036342,12552.191298147898,12933.67205260844,13118.49698589277,557.6833533853006,-141,12753.043540821109,True,2025-02-28_springdale
all,historical_model_estimate,2025-02-28,2024-10-11,46693.078059916166,47157.09860896268,48105.549182640054,48282.733504110285,48600.708784954004,49044.572457082584,49517.75641576193,49750.85057866978,49913.483145618855,50817.257897091076,51158.98055549118,1127.5951121410458,-140,48822.64500643236,True,aggregate_independent_posterior_pairing
downtown,historical_model_estimate,2025-02-28,2024-10-11,9001.251193778795,9157.388227043191,9633.42984145672,9759.496605003256,9912.380305238128,10156.54039204204,10453.010856648452,10614.030893730414,10717.481618076446,11196.583068865075,11382.623871075419,630.6083725298347,-140,10783.50804050124,True,2025-02-28_downtown
fscoffee,historical_model_estimate,2025-02-28,2024-10-11,12525.234348089629,12680.41960260256,13086.52454690263,13195.111178032812,13334.556916199688,13553.137304167907,13770.967249596953,13915.205099876166,14009.043391208841,14397.203670780387,14544.873602730104,529.0662457141308,-140,12562.427232646609,True,2025-02-28_fscoffee
hurricane,historical_model_estimate,2025-02-28,2024-10-11,12276.499884318444,12470.474744340034,12867.73394636046,12933.747444540768,13074.731767209207,13294.533433499024,13492.786188714375,13662.255014996574,13741.409284844744,14192.278901565063,14367.262792923542,532.1322207634972,-140,12855.866659218384,True,2025-02-28_hurricane
springdale,historical_model_estimate,2025-02-28,2024-10-11,10958.954546545629,11124.810880797853,11563.489047769519,11643.440311133962,11808.065967036604,11991.204046117182,12206.962844807596,12371.329538136983,12459.279153354799,12884.865306807695,13043.628148787559,536.0180352593125,-140,12620.843074066128,True,2025-02-28_springdale
all,historical_model_estimate,2025-02-28,2024-10-12,45859.31145399212,46168.26933847042,47092.97637336725,47262.53877919505,47591.2958513907,48015.86527283676,48475.728268924075,48833.03319757305,49014.436799947565,49952.22159849665,50427.53573973437,1146.0651600520234,-139,49776.64254683253,True,aggregate_independent_posterior_pairing
downtown,historical_model_estimate,2025-02-28,2024-10-12,8721.028121443185,9012.062460215548,9502.11499631789,9628.796466799222,9822.13484188911,10026.236202507607,10262.94221587634,10458.3712111766,10567.912582429943,11106.99928878339,11323.055570271685,644.5704189597908,-139,10443.107949718857,True,2025-02-28_downtown
fscoffee,historical_model_estimate,2025-02-28,2024-10-12,12355.071255910276,12475.836066720849,12823.397997986716,12915.25608542191,13069.788656931718,13299.020562438322,13509.42321362665,13667.01688607131,13755.950138109334,14171.2881825803,14362.215319394654,524.3874701599505,-139,13988.75567546973,True,2025-02-28_fscoffee
hurricane,historical_model_estimate,2025-02-28,2024-10-12,12762.091048065422,12869.120142269523,13270.400114808876,13365.732879867839,13491.78290996655,13667.975327900276,13889.784076451528,14035.639356092892,14108.95973448939,14577.859893433495,14744.677341496692,506.36359007177595,-139,14244.096827924075,True,2025-02-28_hurricane
springdale,historical_model_estimate,2025-02-28,2024-10-12,9949.669969276776,10102.055778234679,10566.153739682733,10647.585955174518,10827.55582638161,11032.395544063493,11235.155085005725,11390.80209255581,11464.005503355438,11889.149440587187,12037.486386084765,544.7983382382105,-139,11100.682093719874,True,2025-02-28_springdale
all,historical_model_estimate,2025-02-28,2024-10-13,45083.73575880306,45459.29416851283,46267.477639967045,46466.416835166114,46782.90872223855,47169.783102553505,47599.59351799986,48010.02910423387,48182.0804114601,49110.50783594976,49493.806238604215,1119.2095107138182,-138,45620.4710983773,True,aggregate_independent_posterior_pairing
downtown,historical_model_estimate,2025-02-28,2024-10-13,8036.454255519436,8185.6770805651595,8622.05114388999,8769.144680050144,8956.398498166578,9224.943317017423,9451.647778505838,9642.015048672023,9719.584519563801,10258.339878034149,10442.842694740157,633.167531688082,-138,8821.302997893494,True,2025-02-28_downtown
fscoffee,historical_model_estimate,2025-02-28,2024-10-13,12832.088778099125,13039.314069089098,13512.964058028663,13616.237010849403,13768.638406870203,13952.798446375436,14142.203083153476,14280.818737800313,14370.07089018194,14777.289813089388,14914.001191432628,528.8058573226747,-138,13897.882319796016,True,2025-02-28_fscoffee
hurricane,historical_model_estimate,2025-02-28,2024-10-13,12758.39028954816,12875.110591742736,13323.397855335339,13406.773635784839,13555.350772062739,13772.479642254182,13958.427335686405,14125.605658840508,14199.638617414152,14626.597656458098,14774.785330607863,529.16720207947,-138,13340.673605212476,True,2025-02-28_hurricane
springdale,historical_model_estimate,2025-02-28,2024-10-13,9299.92303190337,9455.856021945077,9846.164067000775,9940.102871111309,10113.409329739849,10306.371453528092,10538.887258775108,10692.877254360435,10778.119179424919,11235.072088751389,11360.985794222597,541.4499248100432,-138,9560.612175475308,True,2025-02-28_springdale
all,historical_model_estimate,2025-02-28,2024-10-14,43611.49961600338,43947.41268435681,44969.502190829124,45137.992393048036,45402.76281933052,45878.94776201657,46296.37984839682,46575.003791514115,46710.97849084514,47740.19597866225,48158.20515026074,1139.788027099127,-137,,False,aggregate_independent_posterior_pairing
downtown,historical_model_estimate,2025-02-28,2024-10-14,7134.514023061705,7358.7635444430425,7883.756101842647,7988.678918787048,8207.709531419408,8453.711640067391,8678.056448204616,8832.316418564646,8901.104316942936,9382.314311632786,9630.07249948744,622.9625541000396,-137,8535.587287280696,True,2025-02-28_downtown
fscoffee,historical_model_estimate,2025-02-28,2024-10-14,13684.391980840508,13900.52172214453,14330.481624205584,14418.664993176422,14549.141917792456,14727.085838145336,14939.958703236809,15092.707129717368,15166.575739822805,15605.516219826643,15805.292199956775,521.6688421994578,-137,15159.973916541783,True,2025-02-28_fscoffee
hurricane,historical_model_estimate,2025-02-28,2024-10-14,11734.058267008237,11959.032246594297,12358.496677339612,12457.43309998245,12603.663037864933,12831.698903966411,13047.251352547111,13229.361330666661,13295.539038184585,13786.90019132524,13905.949567107024,550.6125388226466,-137,12938.54849691178,True,2025-02-28_hurricane
springdale,historical_model_estimate,2025-02-28,2024-10-14,8870.290835973605,9025.569280995585,9427.62054914597,9519.231060394735,9660.070688973361,9874.784905828074,10058.783382565098,10228.486817084828,10325.365089709492,10773.802311231313,10894.539834727031,532.7301346369085,-137,,False,2025-02-28_springdale
all,historical_model_estimate,2025-02-28,2024-10-15,44490.759408885,44756.960343356805,45494.6704448991,45771.015863325774,46079.22632719594,46521.46107792895,46994.743507882165,47313.359660357535,47517.76344372724,48434.807697227,48702.975531316886,1133.1908609488858,-136,45743.55034714193,True,aggregate_independent_posterior_pairing
downtown,historical_model_estimate,2025-02-28,2024-10-15,7144.85889203702,7401.786014024866,7943.66603806856,8042.465562528504,8257.691769640616,8509.343498558022,8767.80351701891,8937.925907083256,9048.289963584866,9491.42824994265,9648.808746699302,646.5065446802396,-136,8570.690431983721,True,2025-02-28_downtown
fscoffee,historical_model_estimate,2025-02-28,2024-10-15,14254.58667579115,14436.538100358546,14861.44523851415,14930.860517533041,15081.323126747475,15282.072100538277,15479.372498944726,15623.929141891247,15727.429735534693,16124.84743064698,16275.723303829785,520.8884660173909,-136,15255.69476314984,True,2025-02-28_fscoffee
hurricane,historical_model_estimate,2025-02-28,2024-10-15,11223.359069722328,11386.492735193366,11733.781234726279,11823.430485451825,11959.823090541708,12172.494821803819,12381.028026189208,12559.8984960761,12655.25502545625,13105.861458501146,13272.572652206256,530.0838156055116,-136,11821.517913175818,True,2025-02-28_hurricane
springdale,historical_model_estimate,2025-02-28,2024-10-15,9507.14092894117,9725.164007474104,10120.304848802369,10201.50480189311,10320.649779707523,10544.717463877776,10777.184601196901,10935.86470471526,11019.803317760807,11471.854840144306,11675.920129957634,553.3232474730592,-136,10095.647238832547,True,2025-02-28_springdale
all,historical_model_estimate,2025-02-28,2024-10-16,45889.39722144173,46244.21548848421,47152.110297033876,47347.54093353913,47614.91874879131,48037.74589584402,48413.189896656,48761.471496446895,48947.490547790156,49845.45554293115,50235.792484143494,1098.3283605444235,-135,,False,aggregate_independent_posterior_pairing
downtown,historical_model_estimate,2025-02-28,2024-10-16,7836.425651725654,8156.016563448162,8677.884445895212,8814.726798466589,8994.788962170014,9231.479907737448,9435.601876236968,9615.595771237118,9727.376223955252,10240.856831177101,10426.301539237895,635.4112890523619,-135,9611.455833193148,True,2025-02-28_downtown
fscoffee,historical_model_estimate,2025-02-28,2024-10-16,14152.928475735944,14269.055687829925,14608.11013409138,14690.472884494577,14854.99222777093,15043.478626561999,15246.315054252056,15361.857370509857,15467.674129210316,15871.897837201854,16041.819648484785,494.05872897084345,-135,,False,2025-02-28_fscoffee
hurricane,historical_model_estimate,2025-02-28,2024-10-16,11107.721529570077,11265.817866018464,11655.309634611494,11723.54218675289,11894.312800704723,12103.899078870283,12310.776914268665,12499.986535331933,12574.247894083588,12968.88016184125,13123.613736089606,540.1045510020949,-135,12376.477399512683,True,2025-02-28_hurricane
springdale,historical_model_estimate,2025-02-28,2024-10-16,10581.620422320218,10778.247415019807,11248.932700460004,11353.979753928932,11489.66394506852,11667.673727423713,11875.849902767974,12018.43387386218,12109.514431985619,12480.461005195404,12621.552087688517,510.62346745807946,-135,11548.255791260215,True,2025-02-28_springdale
all,historical_model_estimate,2025-02-28,2024-10-17,47014.19606150297,47353.81993497115,48257.96469628798,48410.04138532179,48756.380936737674,49232.477249615615,49560.039910094805,49850.70122059811,50058.09248107045,50931.13633445652,51324.42696593493,1102.7410303920426,-134,50024.30317971977,True,aggregate_independent_posterior_pairing
downtown,historical_model_estimate,2025-02-28,2024-10-17,8930.410602184633,9111.24667659328,9634.89919263644,9743.772214821933,9965.54614847969,10229.717767080414,10425.294501700948,10600.38576084511,10732.128041958244,11201.5222411262,11384.075294511546,637.4238966514249,-134,9884.185212122376,True,2025-02-28_downtown
fscoffee,historical_model_estimate,2025-02-28,2024-10-17,13244.734279657414,13465.194362241265,13880.420179665292,13974.101763919129,14094.994621467156,14344.16891543772,14508.640770709417,14665.258080759735,14729.935861941356,15205.765072332151,15294.014816324714,524.8250596393416,-134,14327.452069100636,True,2025-02-28_fscoffee
hurricane,historical_model_estimate,2025-02-28,2024-10-17,11429.968976544398,11548.048848886776,12062.769118715827,12134.642747321337,12325.388938900383,12525.324103375428,12740.452069351257,12904.438492411708,12995.33548736933,13440.764329760705,13584.412936558478,554.5859794528072,-134,13264.011055168314,True,2025-02-28_hurricane
springdale,historical_model_estimate,2025-02-28,2024-10-17,11034.362752508001,11199.51793477945,11657.80416559592,11760.40345765688,11927.427510826446,12160.00001728761,12364.916967640936,12528.268102949076,12613.353836764849,13039.200524737915,13193.739932489372,557.9063260054065,-134,12548.65484332844,True,2025-02-28_springdale
all,historical_model_estimate,2025-02-28,2024-10-18,47144.63447527379,47410.2235962363,48318.04608877567,48472.79161960355,48852.133016490356,49228.12978912264,49658.376537453245,49983.33565304318,50177.35683658184,51055.33967004119,51394.786614651166,1086.048869526979,-133,51981.72928632233,True,aggregate_independent_posterior_pairing
downtown,historical_model_estimate,2025-02-28,2024-10-18,9318.097947456821,9472.823140343979,9935.394095795,10065.035699962795,10246.906977272338,10501.315570139082,10747.056804648257,10889.328220825617,10978.651723560464,11488.74300342644,11696.53836592964,617.8588230258642,-133,11628.641042388714,True,2025-02-28_downtown
fscoffee,historical_model_estimate,2025-02-28,2024-10-18,12432.344187303133,12572.028948029618,12962.375476792533,13062.843750260003,13210.94709056059,13417.311169814242,13600.934462741796,13761.946971687472,13840.677108409953,14222.166578650142,14432.594566101,513.4115927522179,-133,14274.740582514993,True,2025-02-28_fscoffee
hurricane,historical_model_estimate,2025-02-28,2024-10-18,12231.397999241774,12451.783087891776,12888.439305932283,12974.527679119967,13110.354335808257,13324.199021064585,13539.197417717103,13680.433271084434,13760.767351420332,14170.384246532243,14277.928601144182,528.1962602585701,-133,13628.879963820546,True,2025-02-28_hurricane
springdale,historical_model_estimate,2025-02-28,2024-10-18,10890.691473250545,11089.26183181947,11571.2005266716,11644.171660081585,11799.165904379102,12021.922720249373,12209.638955693055,12380.712254079273,12467.709873580012,12977.068963631631,13099.7410632306,551.3368769024622,-133,12449.46769759808,True,2025-02-28_springdale
all,historical_model_estimate,2025-02-28,2024-10-19,46617.63067621732,46846.81197762487,47774.97884963828,47947.98916642406,48326.66818067238,48724.428319642175,49135.468636648475,49419.787166718655,49585.42052598083,50532.30235642109,50909.46852275714,1093.0255263264144,-132,,False,aggregate_independent_posterior_pairing
downtown,historical_model_estimate,2025-02-28,2024-10-19,9148.583806473349,9309.92065995165,9813.129438536662,9931.434035028205,10138.372174675806,10401.887986431133,10649.821250064415,10838.76700450122,10956.779206039673,11428.688113912729,11594.858528383249,643.4290283916697,-132,,False,2025-02-28_downtown
fscoffee,historical_model_estimate,2025-02-28,2024-10-19,12438.498325442348,12576.843816231652,12990.927065710519,13100.18521446127,13244.583795738974,13427.491809513198,13630.803312093041,13777.660368776073,13865.840145248423,14269.255275129786,14387.958565320416,507.31099053489186,-132,12975.681192312484,True,2025-02-28_fscoffee
hurricane,historical_model_estimate,2025-02-28,2024-10-19,12785.109426072115,12951.257131394264,13409.473732622622,13473.26062269599,13670.44230347788,13897.098175527019,14086.019722798177,14220.722907880596,14308.6754539043,14756.857080549964,14882.938072950881,542.159646540502,-132,13147.260447814106,True,2025-02-28_hurricane
springdale,historical_model_estimate,2025-02-28,2024-10-19,9896.181178100616,10069.415015343724,10562.312731661737,10676.195112428319,10837.367164952391,11052.723810701395,11246.017795403852,11407.982255266601,11498.43375202056,11918.775719499192,12120.377783274345,559.6358763042849,-132,11608.55792131973,True,2025-02-28_springdale
all,historical_model_estimate,2025-02-28,2024-10-20,44962.94527027319,45429.778944108504,46351.95554558056,46496.94430968513,46888.6634702095,47328.1784276735,47768.74799745094,48098.27944928537,48286.53610638193,49112.03848300011,49484.00884633143,1128.4455726977126,-131,46882.400328955046,True,aggregate_independent_posterior_pairing
downtown,historical_model_estimate,2025-02-28,2024-10-20,8135.91487037577,8368.957859715518,8879.689299269674,8972.722815763811,9143.065150908318,9368.166899924472,9659.003342055263,9809.051713896506,9912.10833269827,10395.811493786503,10624.829949859472,626.5500450256518,-131,9726.636558613876,True,2025-02-28_downtown
fscoffee,historical_model_estimate,2025-02-28,2024-10-20,12899.914095706345,13049.1160364873,13460.762427367692,13546.355577073284,13715.802701407083,13930.676529141212,14113.710096082717,14250.137651764271,14355.183419618887,14780.744494055147,14892.684222336418,522.1380731486422,-131,14010.180906531692,True,2025-02-28_fscoffee
hurricane,historical_model_estimate,2025-02-28,2024-10-20,12714.126412640562,12906.558657414118,13279.435167351317,13378.439772035597,13527.54701744986,13718.793230301253,13933.917945885076,14098.6127226022,14178.419910722083,14598.400887255368,14821.275277361105,531.1873163409721,-131,12863.783237850856,True,2025-02-28_hurricane
springdale,historical_model_estimate,2025-02-28,2024-10-20,9315.933021483022,9426.49753275463,9844.91769047875,9935.235456572242,10069.620463164194,10289.678876149306,10506.456861497563,10650.938176437545,10741.651388492846,11175.702916773005,11302.786115133349,531.3703784729918,-131,10281.799625958618,True,2025-02-28_springdale
all,historical_model_estimate,2025-02-28,2024-10-21,44144.78543146057,44679.58271547154,45445.495497605814,45611.54787276287,45956.242110359184,46460.96070581284,46851.65425264544,47204.82695828704,47369.32770210815,48300.124133798796,48701.830206697,1145.4656811655527,-130,45752.306412986385,True,aggregate_independent_posterior_pairing
downtown,historical_model_estimate,2025-02-28,2024-10-21,7433.639907141806,7654.358006901173,8168.084025636902,8296.314846898069,8494.29100296821,8738.88182513462,9018.217451772754,9184.494667620449,9308.741742984565,9837.287507445397,10056.631078958726,664.2337003454323,-130,8671.811922692024,True,2025-02-28_downtown
fscoffee,historical_model_estimate,2025-02-28,2024-10-21,13873.815807730305,13998.107581573991,14402.320894068795,14486.836724435492,14640.41781880681,14814.339880482217,15039.249743550723,15168.964460410165,15257.028919546103,15690.735404256544,15800.532433047807,501.6097183031802,-130,14540.131899901784,True,2025-02-28_fscoffee
hurricane,historical_model_estimate,2025-02-28,2024-10-21,11822.1495636951,11966.35748599892,12412.584204135588,12519.45159678224,12660.663616115622,12863.349397616184,13092.807163017074,13249.896375326436,13321.73997764525,13731.797908999864,13926.488965042367,546.7521370900786,-130,12909.2186905482,True,2025-02-28_hurricane
springdale,historical_model_estimate,2025-02-28,2024-10-21,8916.835597475605,9092.831043376646,9511.88761203105,9598.523830252147,9750.58858696243,9987.730952933907,10182.099187432772,10364.078077115359,10471.97801751545,10890.586619036207,11074.354254408943,560.2074443623611,-130,9631.14389984438,True,2025-02-28_springdale
all,historical_model_estimate,2025-02-28,2024-10-22,44733.507775434795,45073.557699424375,45905.00455932256,46048.223100676354,46352.26817953258,46794.318844342,47249.998504521594,47605.97515135617,47860.2204981498,48901.32049665213,49283.2787527709,1170.0810919923988,-129,47357.084955317434,True,aggregate_independent_posterior_pairing
downtown,historical_model_estimate,2025-02-28,2024-10-22,7558.4487257700075,7715.184378225693,8290.434234827237,8409.420094143732,8581.596912312696,8862.732233633547,9082.612956564735,9280.342765072464,9393.785026293475,9838.42645560335,9992.01242801319,645.308294814296,-129,9314.23870122974,True,2025-02-28_downtown
fscoffee,historical_model_estimate,2025-02-28,2024-10-22,14232.28410967991,14385.582077552337,14813.573319283558,14899.696833506505,15024.53708591609,15230.916446818137,15429.412096552109,15557.709927799402,15631.568202093616,16065.39800488593,16241.68039224372,509.6709611771717,-129,15167.001146547613,True,2025-02-28_fscoffee
hurricane,historical_model_estimate,2025-02-28,2024-10-22,11220.348949640089,11339.983359144615,11716.518817335149,11803.056055782752,11960.939662969531,12178.950286623465,12389.15488353923,12550.078513982544,12639.488260251446,13133.648708396899,13352.109230163618,543.7146664263882,-129,12087.282232377358,True,2025-02-28_hurricane
springdale,historical_model_estimate,2025-02-28,2024-10-22,9490.208124082568,9671.125446258597,10124.095584893272,10239.125990785993,10366.874246664767,10568.458355286446,10811.748025551633,10967.210705842985,11053.300293781273,11525.57227493253,11738.210123056884,562.5135121360722,-129,10788.562875162725,True,2025-02-28_springdale
all,historical_model_estimate,2025-02-28,2024-10-23,46443.415967651745,46655.02946759366,47665.98036844827,47862.04055560313,48229.8882235683,48652.554865533944,49059.131384212145,49373.33729709142,49529.296999379796,50478.45819182514,50799.253397845336,1132.470274986549,-128,48944.73781914034,True,aggregate_independent_posterior_pairing
downtown,historical_model_estimate,2025-02-28,2024-10-23,8389.527373158762,8649.108695425695,9085.563839492286,9188.735056259322,9371.22103995421,9620.079910819715,9853.84465847326,10044.516863004976,10136.563032716465,10696.816673533198,10915.364980350623,627.391152618841,-128,9765.84631533604,True,2025-02-28_downtown
fscoffee,historical_model_estimate,2025-02-28,2024-10-23,13948.772224946762,14108.962137030276,14584.587381327356,14660.622518633776,14785.825995371082,14966.378714703023,15195.135673408708,15336.897490588814,15407.389609586779,15833.701734210234,16011.855151677482,522.9722354063877,-128,15019.93646100822,True,2025-02-28_fscoffee
hurricane,historical_model_estimate,2025-02-28,2024-10-23,11151.778666304837,11306.385800922191,11729.661674032755,11821.90721770196,11976.225753994882,12203.302013947326,12394.271266174372,12547.534000437972,12655.286881731872,13082.786411989659,13263.296416341123,551.9667984948218,-128,11680.992846738816,True,2025-02-28_hurricane
springdale,historical_model_estimate,2025-02-28,2024-10-23,10836.301677535543,10973.925860055431,11362.172343890148,11458.611590058845,11611.728827054834,11835.144777379537,12032.291586902806,12168.085147507378,12242.018690985666,12651.518653310823,12748.90017991528,525.9257134098982,-128,12477.96219605726,True,2025-02-28_springdale
all,historical_model_estimate,2025-02-28,2024-10-24,47517.00755072215,47953.515643674684,48794.97207740084,48955.92462385065,49224.73294100931,49644.568843999004,50070.3695550693,50375.671224792,50540.98965762787,51365.27387258108,51732.93077368609,1079.613835583728,-127,48466.19465993515,True,aggregate_independent_posterior_pairing
downtown,historical_model_estimate,2025-02-28,2024-10-24,9279.381446508572,9451.762172922323,10016.414928899665,10141.08530259273,10306.566425266774,10542.635433089363,10767.961073754659,10953.0833517633,11077.86579322974,11596.662788595782,11795.151206280005,642.307960274304,-127,9763.659221213553,True,2025-02-28_downtown
fscoffee,historical_model_estimate,2025-02-28,2024-10-24,13308.195759961456,13453.51267759951,13855.777135235578,13943.744028357552,14090.475764986682,14286.218056010395,14472.523523863363,14625.71473037602,14710.092270733785,15099.39227532055,15293.37385849532,504.9788381334412,-127,14397.65835039988,True,2025-02-28_fscoffee
hurricane,historical_model_estimate,2025-02-28,2024-10-24,11492.85494348567,11630.504184888698,12019.789699806764,12109.618537969473,12282.68299541269,12463.696731908596,12678.296037065122,12861.949186562755,12936.388451156212,13413.455743537113,13517.361709767847,535.9144572447622,-127,12587.055903349838,True,2025-02-28_hurricane
springdale,historical_model_estimate,2025-02-28,2024-10-24,11318.124581126089,11414.29303477072,11882.188445233507,11977.3401722413,12147.522250588829,12349.508344081649,12554.073606747528,12721.331824096811,12822.471358841289,13255.262398098823,13388.460104804699,550.2760481446048,-127,11717.82118497188,True,2025-02-28_springdale
all,historical_model_estimate,2025-02-28,2024-10-25,47390.94389471395,47767.82359582413,48653.84610381488,48847.79822436909,49172.84813438637,49604.41399092798,50081.57312561401,50360.66808778941,50546.825241672515,51526.553633197465,51781.72708692925,1129.8611319712884,-126,46721.02210929342,True,aggregate_independent_posterior_pairing
downtown,historical_model_estimate,2025-02-28,2024-10-25,9588.055710236853,9735.437823450453,10280.689797964325,10376.841089873888,10586.286084394835,10801.004272584603,11055.559105029797,11263.516143426934,11376.866815875135,11920.461776437696,12092.758655672811,649.2859747659829,-126,10285.678173651497,True,2025-02-28_downtown
fscoffee,historical_model_estimate,2025-02-28,2024-10-25,12377.68833856435,12541.225668482637,12942.66863084492,13024.27945791196,13187.82731054671,13375.919546551959,13596.038185249146,13747.395329908064,13839.959295873168,14241.167553789488,14371.10860937941,522.8344038675842,-126,12953.693286999558,True,2025-02-28_fscoffee
hurricane,historical_model_estimate,2025-02-28,2024-10-25,12183.958696553578,12365.955551203911,12800.395172452954,12903.114034929822,13053.590411346602,13267.003207548307,13454.27636545668,13589.501547702359,13678.667409078631,14156.580126868677,14364.577236257563,540.8506852791171,-126,12326.82879096998,True,2025-02-28_hurricane
springdale,historical_model_estimate,2025-02-28,2024-10-25,11170.558368440925,11300.786926538969,11692.791764204218,11769.006840558319,11949.584375889528,12137.375527125996,12339.741077233431,12527.620559515663,12602.804673815466,13064.906403006938,13225.434773538593,541.5148557057009,-126,11154.821857672385,True,2025-02-28_springdale
all,historical_model_estimate,2025-02-28,2024-10-26,46487.73224342035,46717.13557049818,47551.25650273459,47787.04770866037,48075.229820953915,48548.99711125303,49018.70246703781,49337.77455574951,49469.14085685201,50291.34320252695,50568.522687062024,1100.6017411787427,-125,48832.49459695843,True,aggregate_independent_posterior_pairing
downtown,historical_model_estimate,2025-02-28,2024-10-26,9220.446178581813,9467.130831213375,10039.22829523547,10134.863867861815,10322.648624084133,10537.052285926009,10786.466351965264,10969.99994917399,11099.514284391207,11552.564834812583,11677.519268709144,631.4462078362819,-125,8790.542069423273,True,2025-02-28_downtown
fscoffee,historical_model_estimate,2025-02-28,2024-10-26,12163.975637189045,12352.05913532572,12787.284450488605,12919.49937754055,13076.850806809458,13273.596760821478,13464.777446802127,13630.180475946898,13707.329989026208,14120.602560879755,14308.647005899125,535.2390922458745,-125,14183.19915650924,True,2025-02-28_fscoffee
hurricane,historical_model_estimate,2025-02-28,2024-10-26,12650.242944627265,12807.672440454899,13284.292597407946,13361.266189674774,13494.236054738352,13689.436578559686,13900.836034360103,14053.21498386064,14144.866905110837,14516.695489774542,14708.882189711398,522.7110719142566,-125,14085.560754104024,True,2025-02-28_hurricane
springdale,historical_model_estimate,2025-02-28,2024-10-26,10064.66420359274,10209.959430071036,10589.014310273933,10687.353525365745,10813.261734409522,11030.780765197898,11225.523727993308,11370.568415405687,11452.886282446532,11917.591477750024,12036.86462106549,512.9754661774759,-125,11773.192616921891,True,2025-02-28_springdale
all,historical_model_estimate,2025-02-28,2024-10-27,45062.07934154314,45478.410658298344,46399.25288153162,46583.784455769346,46921.196169391376,47360.75469779935,47760.145324167956,48032.01516306118,48259.723817007034,49151.7674061167,49507.842596268376,1117.1055786749275,-124,,False,aggregate_independent_posterior_pairing
downtown,historical_model_estimate,2025-02-28,2024-10-27,8195.877925682957,8392.398272246774,8906.90182436646,9038.587005684723,9199.20104215555,9471.693956668345,9702.42784880811,9877.80446810014,9981.614921674634,10458.886346178651,10597.486455273489,628.3897716600106,-124,,False,2025-02-28_downtown
fscoffee,historical_model_estimate,2025-02-28,2024-10-27,12914.370187267326,13075.465958783429,13443.265931692053,13528.330597423745,13712.758689291337,13926.422056594634,14106.638067192676,14260.310814860775,14346.427543139689,14778.647522892072,14956.547364600638,523.7059925691009,-124,13857.72122829398,True,2025-02-28_fscoffee
hurricane,historical_model_estimate,2025-02-28,2024-10-27,12589.953852629158,12779.655129332543,13212.237681119792,13305.753468318508,13480.765477578438,13677.732379621864,13853.446604060411,13988.829069120824,14094.311340311058,14549.030748283136,14742.904274245193,535.2973595532544,-124,13873.943745451565,True,2025-02-28_hurricane
springdale,historical_model_estimate,2025-02-28,2024-10-27,9302.257369319892,9422.032566692207,9879.833829318559,9962.105994877913,10116.543284858568,10307.101265777248,10514.401059634763,10678.880884412512,10756.40389046477,11206.751221006754,11385.527636226838,532.5979969563533,-124,10049.423207670776,True,2025-02-28_springdale
all,historical_model_estimate,2025-02-28,2024-10-28,44153.68232752781,44445.72523515948,45281.65332574231,45486.364268139085,45809.16068652756,46198.40973430441,46675.34914684478,46988.30141615589,47206.78527274045,48017.335866368565,48451.8189971712,1101.8841118598343,-123,,False,aggregate_independent_posterior_pairing
downtown,historical_model_estimate,2025-02-28,2024-10-28,7532.599973527175,7700.4996151830455,8088.610846869695,8212.391065484626,8410.25550991273,8632.412590210635,8865.21088557082,9067.06405980314,9175.20262183708,9731.131478099474,9939.274654729043,625.6421608661964,-123,8665.439539823403,True,2025-02-28_downtown
fscoffee,historical_model_estimate,2025-02-28,2024-10-28,13730.758920505088,13916.64121355192,14348.17892998108,14426.779660593249,14570.520932873398,14761.072228672449,14982.058141388608,15127.720043269854,15218.313522565508,15574.460200419571,15719.741004480602,512.6899955352006,-123,,False,2025-02-28_fscoffee
hurricane,historical_model_estimate,2025-02-28,2024-10-28,11893.368317752846,12008.87034197594,12404.491295130641,12499.453520205718,12652.925528349158,12879.504199599825,13091.24578356845,13239.378382329545,13322.117029838115,13706.585260266102,13883.321392109,530.4805310099295,-123,12834.436544257323,True,2025-02-28_hurricane
springdale,historical_model_estimate,2025-02-28,2024-10-28,8880.086505086107,9018.918913925956,9450.290195902631,9562.86700457205,9732.955136356444,9946.724275262797,10192.106868619085,10351.91682604775,10441.983347863454,10868.069181429246,11020.422817377514,564.9096567883686,-123,10462.54354829345,True,2025-02-28_springdale
all,historical_model_estimate,2025-02-28,2024-10-29,44863.835577287624,45047.65178665554,45882.98496286499,46098.14388497268,46412.27577258385,46841.22502005852,47184.10357709249,47547.836454265285,47722.9239600415,48627.06220797645,48974.056370133396,1079.72180018061,-122,47195.68067503682,True,aggregate_independent_posterior_pairing
downtown,historical_model_estimate,2025-02-28,2024-10-29,7541.157885524732,7792.784830358074,8302.433074230912,8397.968622049018,8548.009041195686,8777.00349652847,9018.846368698129,9201.260698753704,9310.4657308425,9828.465840616187,10073.064103832177,626.7335848551306,-122,9057.570611917132,True,2025-02-28_downtown
fscoffee,historical_model_estimate,2025-02-28,2024-10-29,14219.155351847734,14434.68556207801,14802.900697580044,14888.150988912748,15044.472336537621,15213.039958014448,15418.015186255503,15570.457733294737,15648.049873835163,16102.10938605582,16262.391059513016,507.96035589263994,-122,14842.102141024454,True,2025-02-28_fscoffee
hurricane,historical_model_estimate,2025-02-28,2024-10-29,11093.823371846895,11261.444123094883,11696.316488721955,11783.219504451787,11948.21846241079,12158.05936322753,12375.312872452121,12538.523471316093,12640.426612936502,13051.640524036362,13282.304106054333,563.8336943091608,-122,12367.94004025633,True,2025-02-28_hurricane
springdale,historical_model_estimate,2025-02-28,2024-10-29,9627.585033884732,9797.235574961504,10183.756258119949,10273.399359491397,10454.483219317908,10619.151601011861,10836.07172215978,10988.526613229275,11081.90735618264,11532.870991406946,11677.464280152277,528.0646292079693,-122,10928.067881838906,True,2025-02-28_springdale
all,historical_model_estimate,2025-02-28,2024-10-30,46434.5587452219,46698.65725429206,47677.74617101934,47833.85404676349,48211.29472134596,48686.00218920638,49076.48809716662,49370.64844437376,49559.7871555729,50387.04207220646,50705.42694018703,1114.970830293002,-121,,False,aggregate_independent_posterior_pairing
downtown,historical_model_estimate,2025-02-28,2024-10-30,8421.471155779647,8559.76560652947,9132.838202711544,9238.399781090788,9397.024031989138,9600.112943693734,9828.780720153296,10013.755974106125,10104.235563706103,10655.405101899247,10824.520781182437,616.5632059959522,-121,,False,2025-02-28_downtown
fscoffee,historical_model_estimate,2025-02-28,2024-10-30,14033.431266089254,14154.351031421676,14567.596837378436,14648.044715789325,14795.994216113952,14980.730596264024,15169.026708805668,15316.518604917004,15409.186617364901,15838.973119851045,16041.007665810483,513.2319488905783,-121,15561.266996661394,True,2025-02-28_fscoffee
hurricane,historical_model_estimate,2025-02-28,2024-10-30,11022.990954464974,11229.437514892132,11698.211631508024,11781.38209785358,11919.505643624632,12134.073839537603,12330.169922540208,12468.683110257749,12540.586354144092,12969.609007963354,13160.86842989624,524.622754382117,-121,12660.056466890708,True,2025-02-28_hurricane
springdale,historical_model_estimate,2025-02-28,2024-10-30,10847.746828891803,11006.213852499153,11418.171277021787,11535.652291787708,11698.505226406762,11909.018959690668,12116.112376040512,12285.040138388307,12375.554999196362,12787.511980904874,12915.301581086573,546.2583501180345,-121,,False,2025-02-28_springdale
all,historical_model_estimate,2025-02-28,2024-10-31,47621.33597340276,47910.20538357603,48724.70768435418,48914.86306686099,49226.833469226745,49688.89426953562,50086.59654742421,50414.32962065706,50619.00742623326,51545.950379133414,51940.567855882175,1108.2235574791057,-120,,False,aggregate_independent_posterior_pairing
downtown,historical_model_estimate,2025-02-28,2024-10-31,9211.33249335646,9454.863633056348,9936.140143537716,10048.953757078372,10216.349851950066,10464.344916156366,10696.397747037481,10892.058006435105,10982.684455967192,11523.295374257727,11798.336245201952,632.8831260075481,-120,9659.947520474809,True,2025-02-28_downtown
fscoffee,historical_model_estimate,2025-02-28,2024-10-31,13267.267559498205,13460.173538235715,13837.870881433095,13931.885454762476,14100.551191050874,14305.20471977187,14473.19080504423,14619.472579562485,14719.974493786067,15125.404310752334,15357.413408526547,514.6808719678714,-120,,False,2025-02-28_fscoffee
hurricane,historical_model_estimate,2025-02-28,2024-10-31,11587.502984745839,11778.030753244968,12167.7782869889,12268.033863330202,12401.835784630593,12578.776680406812,12785.355326042294,12943.44314407659,13052.701223024875,13420.929870149319,13653.165171777802,523.1599111985082,-120,12184.80073662773,True,2025-02-28_hurricane
springdale,historical_model_estimate,2025-02-28,2024-10-31,11273.102901483051,11466.354887176207,11865.103019410948,11942.264883018704,12107.890099195978,12315.17296316947,12513.347723761797,12686.743969247364,12766.742817780565,13190.546883769899,13405.37523877598,543.6942697694822,-120,13059.988922242574,True,2025-02-28_springdale
all,historical_model_estimate,2025-02-28,2024-11-01,47414.48810637984,47781.547506091716,48765.347443904,48958.47652041073,49250.19724073638,49667.44449020923,50060.43592476882,50379.782032336756,50561.25706014551,51460.911510798716,51925.83903399124,1099.0524004811102,-119,49938.68359668109,True,aggregate_independent_posterior_pairing
downtown,historical_model_estimate,2025-02-28,2024-11-01,9543.363525331191,9683.601278793269,10184.04071021216,10302.704550491813,10491.479718609044,10781.974657649305,10996.022934430648,11169.052363752307,11260.665217635957,11813.651782553823,12011.392946468346,638.352878557773,-119,9986.65893194506,True,2025-02-28_downtown
fscoffee,historical_model_estimate,2025-02-28,2024-11-01,12385.382560245558,12524.693441053327,12968.31763119822,13052.271835441969,13210.286061429726,13414.261769604063,13619.067744766355,13782.792161372055,13880.859898582761,14328.083124121442,14579.005807855561,545.8317851785329,-119,13456.64284184466,True,2025-02-28_fscoffee
hurricane,historical_model_estimate,2025-02-28,2024-11-01,12090.974526428308,12325.603952639423,12815.568108794436,12912.17524150971,13069.685487204892,13279.2848553269,13460.019341112858,13620.675075188132,13702.938933874668,14077.610138301807,14214.769630121706,540.5543176535161,-119,13432.72353030206,True,2025-02-28_hurricane
springdale,historical_model_estimate,2025-02-28,2024-11-01,11235.31630456904,11372.718898103521,11770.479363427228,11866.49389940269,12035.356611266061,12210.061001259044,12410.541269048597,12573.18966570135,12658.801996072256,13083.714750234605,13354.339899941471,527.8171778563662,-119,13062.658292589314,True,2025-02-28_springdale
all,historical_model_estimate,2025-02-28,2024-11-02,46768.337392327376,47020.78597997555,48029.530361632365,48219.34057347768,48508.430954183576,48892.93898127432,49395.002537497,49763.556834754505,49942.78847541884,50716.95172021684,51074.40518980209,1117.9095781815372,-118,51015.70187513078,True,aggregate_independent_posterior_pairing
downtown,historical_model_estimate,2025-02-28,2024-11-02,9150.63273049973,9337.042773319821,9872.359437041396,9944.087061756574,10122.81338987063,10396.08945638547,10617.546458968714,10808.162853431308,10911.435836638633,11444.070536557296,11634.670610198642,635.9353539122039,-118,9839.985589327374,True,2025-02-28_downtown
fscoffee,historical_model_estimate,2025-02-28,2024-11-02,12356.300659148475,12529.696386995929,12932.580348340603,13010.949284912871,13173.50119581716,13357.625735442623,13581.772497288946,13729.685447150867,13815.256743625643,14182.537294961701,14328.841943481451,514.168282046544,-118,14545.564889564115,True,2025-02-28_fscoffee
hurricane,historical_model_estimate,2025-02-28,2024-11-02,12725.535352775261,12947.169315743378,13341.572055759976,13408.551524617636,13595.879528069483,13790.4071991358,14018.17223742083,14173.855030976745,14256.76880964946,14701.082154188169,14852.141205895587,547.5054977400464,-118,14508.80570928478,True,2025-02-28_hurricane
springdale,historical_model_estimate,2025-02-28,2024-11-02,10308.74568287297,10503.159190915196,10925.151580626443,11028.475690512849,11164.05838138362,11387.066617732695,11599.486108397643,11738.078476671451,11846.139042351535,12263.72984260971,12474.172039077896,539.0940379757607,-118,12121.3456869545,True,2025-02-28_springdale
all,historical_model_estimate,2025-02-28,2024-11-03,45706.62975464789,46083.49197958115,46875.325290842586,47082.23480402688,47362.24457026477,47852.77413223677,48258.309270180194,48579.04651574747,48775.27332114596,49776.03740777962,50170.06280717235,1138.5592677784869,-117,47203.95195217888,True,aggregate_independent_posterior_pairing
downtown,historical_model_estimate,2025-02-28,2024-11-03,8197.02284263665,8358.177514026622,8899.392029909555,9011.416865486939,9195.242831854439,9424.856787636882,9664.19348269839,9828.506568185436,9934.676326343848,10467.895372605499,10728.77940059215,643.503220020353,-117,8913.72267389331,True,2025-02-28_downtown
fscoffee,historical_model_estimate,2025-02-28,2024-11-03,13039.89529012655,13161.38989968363,13575.443859747751,13654.305808425052,13802.961392960937,14007.005720410227,14221.307039094549,14389.136082041428,14472.628661615187,14900.10757037953,15032.275818424832,526.7981395900393,-117,14041.9258580681,True,2025-02-28_fscoffee
hurricane,historical_model_estimate,2025-02-28,2024-11-03,12791.167657991571,12909.076077071204,13364.806928277676,13468.64003894721,13607.736998393912,13806.240252475534,14050.915557525148,14181.390103433016,14260.31099933158,14659.684796287374,14783.375613205626,528.9357204057743,-117,13413.552471539684,True,2025-02-28_hurricane
springdale,historical_model_estimate,2025-02-28,2024-11-03,9450.654076104884,9644.843083808486,10108.868791989946,10200.903740341451,10394.663158421105,10602.88977068287,10824.86659661389,10983.62394499439,11075.479587487953,11513.440065746367,11673.260263013042,566.7263783193081,-117,10834.750948677793,True,2025-02-28_springdale
all,historical_model_estimate,2025-02-28,2024-11-04,44504.62780521152,44888.355843712096,45795.76596298305,45971.53141242661,46241.26691174223,46637.136708526414,47159.32062718802,47568.14186944283,47774.88531166365,48651.045140324524,48938.380586683415,1153.811567591261,-116,48294.787664105024,True,aggregate_independent_posterior_pairing
downtown,historical_model_estimate,2025-02-28,2024-11-04,7344.732137392682,7569.809060747966,8064.115711529687,8162.021992385136,8318.994394633182,8564.78236751457,8824.17902714491,8996.202508757313,9127.062570062546,9673.342051719212,9870.23856967178,644.3966179417506,-116,9733.913598948782,True,2025-02-28_downtown
fscoffee,historical_model_estimate,2025-02-28,2024-11-04,13812.308822589051,14012.537166833683,14441.912976290037,14536.882636648286,14716.611969362215,14926.35161762442,15111.362598463314,15265.61681622851,15351.847331705718,15717.343134441822,15867.751904328663,528.5025215630446,-116,14663.018962801349,True,2025-02-28_fscoffee
hurricane,historical_model_estimate,2025-02-28,2024-11-04,11874.389483209605,12023.198543786986,12447.9984253205,12535.663105222717,12701.135687460113,12941.708735729404,13150.651366150776,13319.262679773381,13422.954308671633,13821.996757451221,14019.353396252538,567.6968746225572,-116,13198.35523717872,True,2025-02-28_hurricane
springdale,historical_model_estimate,2025-02-28,2024-11-04,9241.144580116252,9391.361883464855,9811.136655293718,9927.532164832202,10094.753583519063,10326.443228351935,10536.592937730926,10694.852394636437,10773.549124172292,11263.49573798304,11390.479092898484,558.809621385524,-116,10699.499865176173,True,2025-02-28_springdale
all,historical_model_estimate,2025-02-28,2024-11-05,45122.060792607335,45513.38513062775,46357.082702055275,46570.16653163975,46903.91606125092,47385.39097957133,47824.44827098673,48170.35336504215,48345.6292994594,49344.71617231115,49718.57056314311,1185.382983161021,-115,46983.12643872855,True,aggregate_independent_posterior_pairing
downtown,historical_model_estimate,2025-02-28,2024-11-05,7493.990486005403,7770.198809524651,8289.485801581272,8416.093624975434,8554.673222667918,8845.50940344326,9071.41035554109,9268.113871220612,9385.743540850935,9952.810540005243,10214.229038250565,663.8606279551376,-115,8097.700298567509,True,2025-02-28_downtown
fscoffee,historical_model_estimate,2025-02-28,2024-11-05,14288.812569020794,14471.204184095084,14885.564972388835,14969.673811763183,15111.05220267214,15308.708081351004,15507.23139586638,15641.710074288276,15723.339220065234,16146.164067752377,16302.49610901845,510.5735092573061,-115,15990.032992699898,True,2025-02-28_fscoffee
hurricane,historical_model_estimate,2025-02-28,2024-11-05,11139.792646031074,11334.806616111688,11814.577124006517,11885.280480870813,12034.160768818265,12266.999647202469,12451.438969375873,12617.150062893103,12742.474858830845,13194.007941249205,13341.695073568586,557.9275528399347,-115,12231.845207737268,True,2025-02-28_hurricane
springdale,historical_model_estimate,2025-02-28,2024-11-05,9967.02415745657,10147.834420808971,10530.664119292933,10606.175489292276,10753.349590190459,10964.383538213253,11180.71417471236,11335.94280416497,11430.778583899468,11969.917297689839,12105.192968993302,547.7386997843876,-115,10663.54793972387,True,2025-02-28_springdale
all,historical_model_estimate,2025-02-28,2024-11-06,47076.369536903505,47451.009043278085,48319.83716794386,48497.17429686194,48865.65466601969,49299.53308717818,49647.596331635155,49978.54348656016,50136.11476626799,51096.6269026703,51403.944955557534,1105.4396386934918,-114,48000.843169278356,True,aggregate_independent_posterior_pairing
downtown,historical_model_estimate,2025-02-28,2024-11-06,8279.67559064896,8470.305355728375,8967.94508274282,9114.068937743008,9296.576308916317,9528.036521758253,9772.850470585643,9920.772494235951,10036.470404022077,10453.623944966565,10682.50906049609,610.1985835491508,-114,9216.361400863623,True,2025-02-28_downtown
fscoffee,historical_model_estimate,2025-02-28,2024-11-06,14268.391119560218,14453.820480072507,14826.363339472202,14908.91712973141,15061.914561120164,15258.704345893282,15456.9210764625,15606.237710274092,15679.831401983221,16065.97696499565,16198.86750820191,502.92928776759766,-114,15199.14200945365,True,2025-02-28_fscoffee
hurricane,historical_model_estimate,2025-02-28,2024-11-06,11237.91569897742,11401.257251649504,11816.450033231566,11911.922028057576,12087.706748296518,12286.846450562192,12475.734818814555,12612.257763792782,12717.142184650798,13127.271512375992,13306.991126534545,536.2519505676231,-114,11822.045231558986,True,2025-02-28_hurricane
springdale,historical_model_estimate,2025-02-28,2024-11-06,11226.840846420328,11405.56495179738,11789.681871561614,11864.022821736273,12026.450814905877,12210.983123887476,12424.775078243923,12591.939463925431,12664.688123582853,13049.092621482621,13350.545580670576,521.834996945846,-114,11763.294527402097,True,2025-02-28_springdale
all,historical_model_estimate,2025-02-28,2024-11-07,47836.39820104235,48229.1072413506,49176.54190707173,49340.148440596706,49644.5454802998,50057.6785302808,50483.92322404637,50797.20618390167,50967.10039790483,51743.892726358965,52044.2642296573,1085.9817127003237,-113,48035.09383348124,True,aggregate_independent_posterior_pairing
downtown,historical_model_estimate,2025-02-28,2024-11-07,9143.048280256207,9419.74372510801,9819.182197459742,9908.89384552568,10097.125674021121,10305.491559909908,10561.175573720193,10764.231803236496,10872.296467723756,11359.676874094874,11542.952782039443,614.6893064753148,-113,10266.83337417659,True,2025-02-28_downtown
fscoffee,historical_model_estimate,2025-02-28,2024-11-07,13514.624919130312,13634.378543085462,14045.359725922319,14130.14547417207,14290.60638083807,14449.279332283926,14674.388627772945,14829.232250648445,14899.182285343213,15289.021524159834,15438.709053315622,500.4634978530371,-113,13577.130008128785,True,2025-02-28_fscoffee
hurricane,historical_model_estimate,2025-02-28,2024-11-07,11574.845820784534,11791.739990617087,12171.640146588057,12258.879798010812,12400.62157866794,12596.71438331951,12816.278826400545,12965.762815710805,13049.17634831461,13538.770115533742,13697.862511153946,525.2517587416482,-113,12825.586004012692,True,2025-02-28_hurricane
springdale,historical_model_estimate,2025-02-28,2024-11-07,11561.995619213658,11704.425150895726,12174.227225196984,12293.559620871118,12437.947797514798,12632.973191145853,12831.6485749738,13007.258734751244,13086.406861808533,13494.409775681548,13677.558057287219,540.3951229086238,-113,11365.544447163174,True,2025-02-28_springdale
all,historical_model_estimate,2025-02-28,2024-11-08,47678.710321473416,48031.82825282424,49005.39907701377,49225.72263568318,49527.69276743875,49972.63163520589,50376.14187119491,50738.18128093991,50908.92913561257,51846.142701223136,52217.34630849445,1171.1156646101429,-112,49620.00418319531,True,aggregate_independent_posterior_pairing
downtown,historical_model_estimate,2025-02-28,2024-11-08,9438.277882569899,9655.239057109564,10179.514584996516,10296.89337591156,10445.310239479402,10701.030688320063,10949.6008263672,11128.687705123393,11259.262918602748,11706.819606277411,11845.660064708078,637.2304072542161,-112,9686.749861286416,True,2025-02-28_downtown
fscoffee,historical_model_estimate,2025-02-28,2024-11-08,12536.718599784237,12675.732801570482,13094.165789770748,13182.595727328535,13319.477642697533,13535.71459768532,13735.803806220227,13893.745285129966,13988.673429162143,14393.633123043497,14570.288888224019,519.8360845706287,-112,14130.219878678845,True,2025-02-28_fscoffee
hurricane,historical_model_estimate,2025-02-28,2024-11-08,12355.26760625545,12537.908464310327,12886.419371188795,12973.588597256468,13103.377427426653,13326.33738424494,13535.083706405088,13661.952882669902,13771.453607260644,14179.958116747735,14296.002326928567,509.5055668312475,-112,13681.12930484664,True,2025-02-28_hurricane
springdale,historical_model_estimate,2025-02-28,2024-11-08,11271.091334614508,11430.98654337465,11897.386093226867,11966.131693832616,12144.389055703454,12373.618102130498,12584.355437052676,12757.101481994854,12846.051620274611,13311.216732788535,13441.159583947656,559.6293153518677,-112,12121.905138383414,True,2025-02-28_springdale
all,historical_model_estimate,2025-02-28,2024-11-09,46869.37836703085,47170.269806281,48133.6273076842,48358.34268942431,48704.099404098306,49164.3401017109,49529.756740868295,49845.91551775794,50075.54565234428,50915.221132277795,51304.16953307691,1124.1481698932841,-111,50558.20885115332,True,aggregate_independent_posterior_pairing
downtown,historical_model_estimate,2025-02-28,2024-11-09,9052.499369043806,9217.84603732055,9739.408541796258,9818.768281426901,10040.003863942939,10249.718649313912,10479.071691494397,10655.385664868709,10734.92437669917,11249.460775066755,11424.567846134396,610.4889755645107,-111,9890.29577956531,True,2025-02-28_downtown
fscoffee,historical_model_estimate,2025-02-28,2024-11-09,12555.121449431641,12741.401664395433,13128.682731684365,13225.647516858222,13358.880022910715,13546.200928482427,13730.849827525044,13873.532286388452,13986.66056767172,14350.569715322983,14608.237462771858,503.58839535691675,-111,14298.15754383109,True,2025-02-28_fscoffee
hurricane,historical_model_estimate,2025-02-28,2024-11-09,12843.070682809217,13003.252399401355,13437.200951258103,13540.730534738585,13687.334620493617,13894.245604734188,14099.69902215357,14246.39032312394,14360.931256471828,14851.49477750319,15013.83763353678,558.3822017655135,-111,14401.878955395025,True,2025-02-28_hurricane
springdale,historical_model_estimate,2025-02-28,2024-11-09,10373.900091670248,10537.697877895012,10936.292414776668,11037.570109293296,11184.071815898698,11403.46014940052,11608.29930209479,11771.00544794812,11858.994437767642,12318.572757969763,12475.448836036909,543.7153969650835,-111,11967.876572361904,True,2025-02-28_springdale
all,historical_model_estimate,2025-02-28,2024-11-10,45744.68299959518,46009.45923247277,46998.82766812458,47196.2847863497,47522.16217376355,47986.84991653159,48367.571253855815,48708.24403751185,48878.06305599146,49742.35979627267,49991.61695000983,1121.3036887498106,-110,46155.46066157484,True,aggregate_independent_posterior_pairing
downtown,historical_model_estimate,2025-02-28,2024-11-10,8183.18992689881,8364.696655465987,8828.708855166187,8950.757792762437,9127.441645146802,9371.315157875468,9584.457459396112,9756.051816910369,9854.092711570147,10355.60913465167,10657.71963206177,613.7616815501804,-110,9178.465669742262,True,2025-02-28_downtown
fscoffee,historical_model_estimate,2025-02-28,2024-11-10,13026.62091020939,13267.635754290817,13661.304325287612,13724.931654426651,13883.958608549152,14083.499175164901,14288.166938674216,14407.894132527887,14500.97114151752,14952.212030096705,15180.094747868368,519.7524054192617,-110,13547.503377149273,True,2025-02-28_fscoffee
hurricane,historical_model_estimate,2025-02-28,2024-11-10,12770.633285557016,12971.29927854667,13400.047438428588,13501.493838438853,13649.73477154881,13867.316307135356,14064.975517447512,14218.101995249272,14302.139307458792,14743.168183438958,14933.643555032528,539.5240430251306,-110,13652.5256119723,True,2025-02-28_hurricane
springdale,historical_model_estimate,2025-02-28,2024-11-10,9585.06086498068,9768.093165359613,10159.959784195506,10228.602250340982,10382.399601216748,10603.60311350135,10836.413079908973,10990.55854972205,11097.806191488977,11565.878323762105,11720.455714856182,558.9453986082412,-110,9776.966002711006,True,2025-02-28_springdale
all,historical_model_estimate,2025-02-28,2024-11-11,44640.886011051436,45011.62217006823,45845.034630640235,46074.483062418396,46347.92168767099,46783.58358551067,47228.160522505685,47549.83492453504,47762.603419037594,48578.859818885845,48889.87289954531,1111.883188180317,-109,44506.224488116015,True,aggregate_independent_posterior_pairing
downtown,historical_model_estimate,2025-02-28,2024-11-11,7437.149469855714,7621.659288051577,8124.019459768911,8208.905655316063,8398.864374598406,8625.019353912998,8857.371605754774,9012.523487615908,9111.0191300667,9604.738476373708,9847.038574794708,622.7005296639109,-109,7651.044639788444,True,2025-02-28_downtown
fscoffee,historical_model_estimate,2025-02-28,2024-11-11,13900.26114047528,14086.05312872007,14494.940880558235,14587.26494742078,14763.865991098462,14945.572695930936,15155.551310799168,15302.212826791325,15387.183478030594,15756.471756050414,15921.81706167114,513.5995804901822,-109,14494.27205932361,True,2025-02-28_fscoffee
hurricane,historical_model_estimate,2025-02-28,2024-11-11,12020.220939164723,12165.735076648023,12591.388888367457,12653.09710551934,12811.213383807488,13004.980416975955,13195.409159758105,13352.906872780797,13468.319007949991,13899.465004094445,14015.956865268707,518.2287499546718,-109,12340.103099118922,True,2025-02-28_hurricane
springdale,historical_model_estimate,2025-02-28,2024-11-11,9165.447011685952,9335.724661764512,9765.036294657564,9871.11706704312,9986.327916113858,10213.359628954295,10418.422256221113,10595.561387815638,10680.934290868683,11169.59403656274,11254.916633849292,543.5560404888743,-109,10020.804689885048,True,2025-02-28_springdale
all,historical_model_estimate,2025-02-28,2024-11-12,44990.24338681764,45244.21026815895,46236.962191469705,46486.6930633569,46804.05633784528,47216.632988054786,47663.98631030976,47976.99690829436,48181.17359041277,48995.28375827345,49365.38278640766,1128.3338058524762,-108,47726.428600197956,True,aggregate_independent_posterior_pairing
downtown,historical_model_estimate,2025-02-28,2024-11-12,7384.7227726034025,7520.933251020485,8057.775426460572,8173.359581744531,8367.296659699552,8632.412134633727,8855.144232847364,9049.345917872019,9171.000087176686,9719.112336790384,9858.110959601992,648.8331943774346,-108,8987.483688059603,True,2025-02-28_downtown
fscoffee,historical_model_estimate,2025-02-28,2024-11-12,14339.338636900824,14524.907255733251,14900.14432134776,14986.570858003008,15148.365802365619,15338.152528582184,15542.455500271783,15698.798150447565,15788.532451357638,16206.381594789083,16413.909107167427,522.5537799634963,-108,15655.258322136671,True,2025-02-28_fscoffee
hurricane,historical_model_estimate,2025-02-28,2024-11-12,11365.069211683773,11508.983084366571,11908.5413314033,11985.22336854767,12134.312564432017,12351.19972088076,12556.028690332269,12718.441589953829,12797.860991330988,13277.874225022662,13409.953318911106,530.7814652909045,-108,12541.630977847808,True,2025-02-28_hurricane
springdale,historical_model_estimate,2025-02-28,2024-11-12,9812.643560145778,9938.555665519352,10429.878659965705,10519.705756854919,10662.054132089537,10865.607565240422,11136.099888070692,11277.735956157243,11361.114641019678,11792.38216308127,11988.489068382165,555.7709733845643,-108,10542.055612153878,True,2025-02-28_springdale
all,historical_model_estimate,2025-02-28,2024-11-13,46817.139343516996,47059.18164179492,47963.54790966396,48173.86952097057,48471.090505864304,48883.055352982126,49322.55397164878,49704.32758470186,49890.422396839946,50782.119423820805,51012.93419880233,1118.246731202877,-107,47325.75866309021,True,aggregate_independent_posterior_pairing
downtown,historical_model_estimate,2025-02-28,2024-11-13,8071.138190197249,8276.0586553918,8791.536457220942,8916.00045789022,9105.182653513628,9339.326612213817,9579.140226730256,9788.770900566853,9903.677119910046,10461.242854624697,10708.570120478847,672.530217367469,-107,7901.183322978169,True,2025-02-28_downtown
fscoffee,historical_model_estimate,2025-02-28,2024-11-13,14186.58795515084,14338.655128295673,14803.891312004407,14882.062659868025,15035.662882919623,15215.702699537509,15401.077966398334,15554.299168230273,15650.893186828609,16045.524074125138,16163.688377526472,502.46499753939827,-107,15226.903941701992,True,2025-02-28_fscoffee
hurricane,historical_model_estimate,2025-02-28,2024-11-13,11232.956611630661,11420.485871929357,11838.43694436295,11930.410651942864,12078.198860157025,12269.238630121507,12461.729062391352,12606.192135833757,12723.927275471273,13166.580485868715,13364.258740419837,523.4642839020066,-107,12021.844553670366,True,2025-02-28_hurricane
springdale,historical_model_estimate,2025-02-28,2024-11-13,10993.324997741338,11192.215608600523,11620.538692107257,11720.404112377315,11869.821846773586,12065.787688127,12276.850817832492,12410.189904044782,12510.449295839213,12927.131475502103,13102.07159243179,531.1184644007691,-107,12175.826844739686,True,2025-02-28_springdale
all,historical_model_estimate,2025-02-28,2024-11-14,47449.03118681482,47820.774370481384,48797.69476657072,49003.37438278341,49306.763184866286,49745.99051788378,50149.98710271111,50445.562193452024,50627.43063867585,51460.5771105821,51736.83007802362,1119.9236579396215,-106,,False,aggregate_independent_posterior_pairing
downtown,historical_model_estimate,2025-02-28,2024-11-14,8838.13262625578,8986.778920362633,9520.213455897387,9627.710429386976,9818.908868882585,10077.788564061393,10373.081266062387,10552.06718615391,10649.165601541203,11114.729311616493,11272.909385587933,646.6842143348047,-106,10237.552367340682,True,2025-02-28_downtown
fscoffee,historical_model_estimate,2025-02-28,2024-11-14,13433.730601655241,13551.80948290965,14025.35793424289,14117.951700496873,14261.983788094472,14476.394104126657,14667.652921026505,14808.817464863823,14886.412960313746,15320.120449621105,15513.027204369233,528.9163343376216,-106,13823.977094659444,True,2025-02-28_fscoffee
hurricane,historical_model_estimate,2025-02-28,2024-11-14,11656.087523393033,11785.111330746284,12264.92165836107,12345.461189456395,12482.766026123356,12678.704086852938,12890.139819436887,13028.383807024682,13117.022846924032,13495.58662850716,13630.939135967725,515.904822157686,-106,,False,2025-02-28_hurricane
springdale,historical_model_estimate,2025-02-28,2024-11-14,11369.220361035592,11564.076496712996,11998.056927559655,12098.637221350062,12253.8768638429,12479.554459762881,12688.803094058962,12863.347013273382,12952.683801326953,13397.574809626538,13593.76241794138,564.7565010453986,-106,11986.192169362836,True,2025-02-28_springdale
all,historical_model_estimate,2025-02-28,2024-11-15,47636.1686434777,47886.00848991024,48659.137063942944,48847.90343471899,49164.029057691674,49620.59348333194,50054.6011757631,50440.49229908787,50642.18687128629,51579.260667738476,52062.09906051666,1124.5157450321788,-105,49901.20252402281,True,aggregate_independent_posterior_pairing
downtown,historical_model_estimate,2025-02-28,2024-11-15,9122.045176631058,9335.5947134432,9812.658970156186,9944.979380893961,10168.785540118637,10423.866963840162,10659.070945451147,10826.27296973607,10940.33136462253,11422.151027621396,11610.102509334038,635.7961299136877,-105,11206.843995480838,True,2025-02-28_downtown
fscoffee,historical_model_estimate,2025-02-28,2024-11-15,12587.703125453105,12705.289678442301,13077.327140885052,13173.430734036678,13308.819656549893,13529.742422485077,13726.384083314655,13909.251249728146,14013.03481444023,14366.700697642664,14469.063879712212,519.1012814937893,-105,13792.45578335636,True,2025-02-28_fscoffee
hurricane,historical_model_estimate,2025-02-28,2024-11-15,12332.941907189632,12529.650775766888,12970.738978057418,13050.002921667477,13196.670609864674,13405.584902775652,13594.240791091905,13741.24630021298,13814.249156988357,14280.181900161779,14421.471021613323,516.8030267169306,-105,12987.796442132656,True,2025-02-28_hurricane
springdale,historical_model_estimate,2025-02-28,2024-11-15,11285.038020599755,11490.094089509608,11869.54810788514,11965.804171234278,12116.62258574062,12346.068705385198,12554.898850284262,12705.716189490473,12783.453153032187,13223.434128815896,13370.019089427875,539.2057379464688,-105,11914.106303052951,True,2025-02-28_springdale
all,historical_model_estimate,2025-02-28,2024-11-16,46809.86764586624,47238.39720368037,48127.69888746536,48332.19063842914,48627.25524808509,49062.04905577923,49447.77524914421,49739.935557688186,49931.06514511558,50957.69932380955,51271.577157298925,1096.7601880475231,-104,48079.8036271983,True,aggregate_independent_posterior_pairing
downtown,historical_model_estimate,2025-02-28,2024-11-16,8856.906299194887,9102.828190028782,9659.408287296732,9751.562523185909,9934.096624019574,10129.8773421199,10377.359565006054,10559.318403127247,10650.645223977177,11192.638485908014,11401.907600529918,626.7815195534721,-104,10218.917220055831,True,2025-02-28_downtown
fscoffee,historical_model_estimate,2025-02-28,2024-11-16,12631.184723049588,12797.385945576469,13133.908373892284,13229.025849221995,13376.719434378016,13577.040146830168,13747.466617647338,13894.602555328522,13981.54723369327,14399.63577471123,14599.23277822879,511.55721925620594,-104,13634.292176196092,True,2025-02-28_fscoffee
hurricane,historical_model_estimate,2025-02-28,2024-11-16,12895.138831906293,13012.35120594911,13480.106782184714,13587.252959349531,13720.668661798994,13932.228879180599,14132.247661041603,14273.86817924809,14362.794093362168,14755.086409062602,14927.773182804198,542.0234170137765,-104,13946.906133148166,True,2025-02-28_hurricane
springdale,historical_model_estimate,2025-02-28,2024-11-16,10327.271519249829,10420.711065705358,10921.964514258956,11012.730494209214,11173.82079217553,11390.383529950519,11609.771364091823,11750.115761625486,11834.846402964726,12311.248763672438,12517.854225383719,561.2406262730403,-104,10279.688097798216,True,2025-02-28_springdale
all,historical_model_estimate,2025-02-28,2024-11-17,45409.66234579971,45732.164751854965,46517.40738535897,46661.87881639662,46953.00203086323,47372.518004469035,47765.7521980274,48159.22941437187,48370.207084900765,49302.793597485455,49720.14446777887,1104.6655600206195,-103,,False,aggregate_independent_posterior_pairing
downtown,historical_model_estimate,2025-02-28,2024-11-17,8019.910390261881,8161.802773923406,8714.613113825328,8854.509951473417,9030.675142624892,9271.10758620149,9536.928481466639,9690.812785921687,9793.824094442327,10400.807287296484,10553.41594683148,647.3678304961677,-103,10706.973700709084,True,2025-02-28_downtown
fscoffee,historical_model_estimate,2025-02-28,2024-11-17,13021.817456654513,13132.045332026639,13560.897572274107,13639.107867888311,13799.62527804011,14001.311601712783,14221.302291042974,14367.965039736504,14441.73155354317,14885.641028364482,15017.369239247619,524.7419844563271,-103,13398.381720108377,True,2025-02-28_fscoffee
hurricane,historical_model_estimate,2025-02-28,2024-11-17,12730.058004523571,12856.052956924317,13314.449577809084,13430.063213730326,13580.941752690987,13796.409211057155,13998.784747884749,14146.861361396854,14245.676081849766,14689.324210116132,14787.714081593034,553.8707552552239,-103,,False,2025-02-28_hurricane
springdale,historical_model_estimate,2025-02-28,2024-11-17,9267.916196454275,9461.420850373808,9863.759978004253,9966.45724096885,10119.841974707137,10337.577391690276,10570.91377319012,10738.280531264581,10831.057871793051,11198.623155801137,11345.872503444672,543.6106751230564,-103,10645.826204561665,True,2025-02-28_springdale
all,historical_model_estimate,2025-02-28,2024-11-18,44213.892950298345,44641.78738995929,45577.21649821306,45796.97600093567,46130.99439288345,46522.42072355405,47001.78327045848,47305.63696585209,47454.98820697004,48301.338472059935,48614.353586883684,1115.2748798458736,-102,,False,aggregate_independent_posterior_pairing
downtown,historical_model_estimate,2025-02-28,2024-11-18,7424.112347040993,7629.882089784574,8153.838383022352,8240.050919650965,8400.71225099887,8678.09714890646,8930.393322816368,9079.244837601353,9180.781083764618,9598.552314914374,9811.36306962039,611.9268223503075,-102,8357.626888422505,True,2025-02-28_downtown
fscoffee,historical_model_estimate,2025-02-28,2024-11-18,13801.481880438316,13949.318294850204,14387.704801082573,14479.846506094576,14616.860770135749,14824.263919465438,15042.100646733374,15183.847440814163,15258.686117794645,15629.600299500447,15809.385356303754,512.6505674963729,-102,,False,2025-02-28_fscoffee
hurricane,historical_model_estimate,2025-02-28,2024-11-18,11804.741305272048,12025.907459230777,12537.155389701295,12606.690756964339,12745.820216634138,12958.991581656283,13166.3224285309,13347.449820104728,13425.238368972352,13830.858511041703,14019.517226237802,546.4993153208479,-102,13857.47219561854,True,2025-02-28_hurricane
springdale,historical_model_estimate,2025-02-28,2024-11-18,9080.905085612545,9218.69918960453,9627.874574780455,9707.71906372967,9857.989127872394,10068.313496750357,10294.985998112463,10440.175641093345,10544.088686624676,10990.796340988134,11162.940506846233,539.3823522766756,-102,9615.416277748463,True,2025-02-28_springdale
all,historical_model_estimate,2025-02-28,2024-11-19,45079.54059394729,45453.8007844607,46362.449150781285,46537.672553744545,46858.46393598443,47255.74114335499,47649.72253856625,47971.54001293694,48157.226944016846,49135.48060922227,49471.4778604178,1108.2427273510905,-101,44486.67398957971,True,aggregate_independent_posterior_pairing
downtown,historical_model_estimate,2025-02-28,2024-11-19,7539.032682248611,7769.414184800962,8241.412633301577,8347.798141479283,8538.273971355016,8776.738207652194,8992.013351185302,9196.836960140969,9279.303006243434,9736.264521412644,9950.561212433282,609.2702543718779,-101,8849.759256897325,True,2025-02-28_downtown
fscoffee,historical_model_estimate,2025-02-28,2024-11-19,14315.268136241,14513.671722309291,14921.959605848062,15004.599344326743,15133.49614473132,15337.740371139487,15529.352886793456,15681.383533510292,15773.0671974515,16168.653183051987,16374.273334990748,503.994076332519,-101,13819.312773308671,True,2025-02-28_fscoffee
hurricane,historical_model_estimate,2025-02-28,2024-11-19,11420.328254234353,11510.487779223293,11984.6421567525,12075.025043803116,12217.16944120167,12418.863417054266,12656.481323837443,12806.994497341751,12911.118409347959,13316.732212680014,13456.821479053013,542.9951669451448,-101,11741.6384458983,True,2025-02-28_hurricane
springdale,historical_model_estimate,2025-02-28,2024-11-19,9628.841181597889,9782.206294078807,10272.83955598472,10353.136330707503,10497.499651538845,10676.52890763662,10923.104208199404,11074.634364296671,11172.407391962306,11626.122509722138,11821.332010055741,558.398985241969,-101,10075.963513475412,True,2025-02-28_springdale
all,historical_model_estimate,2025-02-28,2024-11-20,46315.46186707875,46728.927166008056,47533.76458147357,47735.587875387806,48093.19752991397,48544.86860307239,48976.28564072824,49251.80902299812,49469.5601825735,50367.05009437289,50651.80048348437,1124.1075822411858,-100,48145.41574763537,True,aggregate_independent_posterior_pairing
downtown,historical_model_estimate,2025-02-28,2024-11-20,8201.849104225348,8391.281417019798,8878.523198675979,8980.188617718028,9148.69410969721,9381.69558806577,9629.239334099117,9818.678902139578,9925.0651776441,10435.517977505691,10629.778458197416,629.3366808095899,-100,8799.930744075944,True,2025-02-28_downtown
fscoffee,historical_model_estimate,2025-02-28,2024-11-20,13934.90586671974,14122.515454496159,14531.083731839988,14601.114567206983,14767.638521779481,14968.092811584316,15171.34964917219,15337.166901646367,15417.761349546785,15859.579964575778,16040.817970405798,532.6557162528925,-100,15531.894887364511,True,2025-02-28_fscoffee
hurricane,historical_model_estimate,2025-02-28,2024-11-20,11209.149756455163,11391.887840648513,11839.68363987238,11919.438928570686,12086.295109928045,12300.869520576922,12514.931714846674,12683.3794848671,12785.232499181395,13202.110266130972,13319.812263937973,551.9505712065097,-100,11773.32684748948,True,2025-02-28_hurricane
springdale,historical_model_estimate,2025-02-28,2024-11-20,10816.223173175285,10961.941676742023,11387.88207035059,11491.212097395866,11657.240267387786,11877.578282318453,12059.793246278523,12203.327065929348,12295.82120389713,12726.837758661019,12931.374206859411,539.3970486142499,-100,12040.26326870544,True,2025-02-28_springdale
all,historical_model_estimate,2025-02-28,2024-11-21,47034.42449945237,47428.215729335294,48406.71113117491,48579.46770181594,48936.30815893074,49394.294396386715,49814.06349308883,50185.88028547059,50330.59647499341,51136.54015813792,51520.13127599653,1140.8073485797252,-99,48082.97313330007,True,aggregate_independent_posterior_pairing
downtown,historical_model_estimate,2025-02-28,2024-11-21,9050.773907998151,9183.965751873511,9740.68883009804,9846.860002651985,10038.95427207208,10302.197827009053,10507.348906553225,10703.097031193796,10830.549225052024,11357.84277127872,11563.279290377515,636.0811593188843,-99,9911.189188087576,True,2025-02-28_downtown
fscoffee,historical_model_estimate,2025-02-28,2024-11-21,13112.20421354071,13293.11472726134,13738.890339379921,13819.464742875587,13980.400261659188,14211.735565334173,14422.740735263542,14578.304233798564,14648.349868252817,15064.085040162912,15194.005381850628,544.6934754363388,-99,13986.479428219238,True,2025-02-28_fscoffee
hurricane,historical_model_estimate,2025-02-28,2024-11-21,11497.066518204623,11694.934773225412,12198.81836517173,12279.640141377216,12436.180328237264,12628.668733974504,12854.303807654567,13001.579285484448,13092.181073919694,13481.342466720385,13641.597012482393,535.3943977379267,-99,11759.483430608976,True,2025-02-28_hurricane
springdale,historical_model_estimate,2025-02-28,2024-11-21,11143.89072703739,11367.444190296474,11803.362245408638,11883.229232868252,12058.434492978795,12276.791533737938,12475.028829533514,12618.768964957206,12697.742270779156,13153.829087545331,13334.308802163432,545.5939605220576,-99,12425.821086384278,True,2025-02-28_springdale
all,historical_model_estimate,2025-02-28,2024-11-22,47291.197740693664,47591.765216390464,48461.08617487771,48622.23119341012,48939.194799684214,49402.968972811985,49806.61465308261,50101.43853009683,50257.72485448388,51210.66132321204,51552.23009127661,1108.8706169462748,-98,49106.15993176304,True,aggregate_independent_posterior_pairing
downtown,historical_model_estimate,2025-02-28,2024-11-22,9278.92933760788,9539.393226024336,10010.820385792289,10109.40661300988,10292.565649436141,10565.990136493758,10838.285286646644,10999.21933721326,11121.159468413332,11695.275119892141,11856.418512708917,654.3692611290749,-98,10114.938603848235,True,2025-02-28_downtown
fscoffee,historical_model_estimate,2025-02-28,2024-11-22,12394.9277820255,12520.370537468722,12946.146887773271,13026.667554285517,13174.214553785021,13361.441870876182,13577.041895584534,13712.209343451019,13826.243391088383,14253.80072800316,14421.572388275263,522.3333785554053,-98,13100.3522889371,True,2025-02-28_fscoffee
hurricane,historical_model_estimate,2025-02-28,2024-11-22,12144.519949176094,12361.15295285219,12809.777597422133,12886.320579749961,13059.644433668369,13250.599466845035,13461.408220347306,13624.875817041904,13722.781556351285,14185.181880080701,14497.374839568776,562.7999419644203,-98,13443.172862191836,True,2025-02-28_hurricane
springdale,historical_model_estimate,2025-02-28,2024-11-22,11118.988662442314,11240.405560661506,11680.4427404874,11790.173992260647,11943.326738823276,12172.753329806019,12398.271855881858,12553.50098031165,12645.850023163372,13106.46353482958,13268.10604198387,567.2852712077197,-98,12447.696176785865,True,2025-02-28_springdale
all,historical_model_estimate,2025-02-28,2024-11-23,46648.57480046859,46894.36845160628,47722.16934565748,47874.19828428362,48169.242117483824,48629.820069496156,49059.61891345739,49357.13969322987,49586.10699907734,50370.77464937377,50635.005459100015,1079.2633077717774,-97,,False,aggregate_independent_posterior_pairing
downtown,historical_model_estimate,2025-02-28,2024-11-23,8964.372416536555,9151.261546284342,9697.153601384427,9777.39831519676,9945.740728090232,10222.907729339204,10452.93297911811,10616.252635046221,10742.087364323535,11185.922243249555,11404.350215231989,628.3818199027536,-97,,False,2025-02-28_downtown
fscoffee,historical_model_estimate,2025-02-28,2024-11-23,12312.790128094368,12502.585506672143,12904.031735537912,13000.553423606492,13171.942444302622,13339.857451917982,13539.859817784069,13678.291322888068,13774.434097341731,14122.889916636283,14229.797151177305,497.92096228004624,-97,13177.36074532595,True,2025-02-28_fscoffee
hurricane,historical_model_estimate,2025-02-28,2024-11-23,12796.23755289461,12988.193143257982,13397.324942935398,13490.012667932022,13643.410649014779,13836.767119533539,14080.963703302594,14249.501304738806,14339.937422288085,14818.501670900196,14978.417298284892,556.8282482083798,-97,13347.929945640628,True,2025-02-28_hurricane
springdale,historical_model_estimate,2025-02-28,2024-11-23,10116.780230149265,10278.948978510232,10771.244443623791,10856.75226560933,11019.79539239528,11242.497067594853,11450.879571816125,11594.639801460453,11706.282460652368,12161.092383840183,12280.49930657207,559.5546717864845,-97,10530.554217535331,True,2025-02-28_springdale
all,historical_model_estimate,2025-02-28,2024-11-24,44823.53735981566,45149.2267019094,46068.78439589461,46356.513919964375,46703.92851473217,47157.10079638162,47573.93674847723,47878.132865082516,48093.111736318744,49076.41354538644,49554.02969985592,1199.8902327828969,-96,48653.62444831636,True,aggregate_independent_posterior_pairing
downtown,historical_model_estimate,2025-02-28,2024-11-24,8119.385147370166,8327.722761421153,8880.857906745812,8975.7812298252,9168.685626223189,9414.708446503751,9671.335155267514,9850.784515784291,9940.32128140631,10428.282589575998,10607.734522036173,640.3666014234419,-96,9989.312082749457,True,2025-02-28_downtown
fscoffee,historical_model_estimate,2025-02-28,2024-11-24,12683.661648969452,12835.482267780344,13229.765829892003,13343.366223623356,13512.634952182827,13700.788741761191,13892.483125617413,14045.090489546308,14122.816697258047,14600.136336590378,14768.00741673792,529.4418938281385,-96,13900.8603438899,True,2025-02-28_fscoffee
hurricane,historical_model_estimate,2025-02-28,2024-11-24,12634.61651609458,12797.22264709443,13268.829701945215,13360.510282446889,13512.38210814779,13740.586602593841,13948.878140656796,14090.603377711133,14169.137959664798,14627.42274266837,14877.815154804683,556.624359026518,-96,14576.055338617209,True,2025-02-28_hurricane
springdale,historical_model_estimate,2025-02-28,2024-11-24,9211.927588547496,9404.199847029391,9832.533658587823,9938.088497106963,10092.307179583517,10297.082075660997,10504.492409165603,10654.297573324204,10722.63459214232,11220.772538094985,11402.299163220197,541.9615325017378,-96,10187.396683059793,True,2025-02-28_springdale
all,historical_model_estimate,2025-02-28,2024-11-25,44006.05719706242,44334.14487854903,45236.43784473749,45427.78912721368,45716.16167321169,46180.777555914494,46567.91468434772,46949.65461091605,47158.79039318217,48130.11591235948,48406.24834808692,1128.8501750834898,-95,47163.36927558943,True,aggregate_independent_posterior_pairing
downtown,historical_model_estimate,2025-02-28,2024-11-25,7347.060635255848,7542.4108943362335,8036.093383967965,8155.546092721568,8347.516434418345,8621.853708760047,8854.22083653159,9013.510816528522,9111.44509380857,9750.080627933457,9933.614797306924,656.4875061648451,-95,8527.429402729214,True,2025-02-28_downtown
fscoffee,historical_model_estimate,2025-02-28,2024-11-25,13617.296165763277,13754.221090521482,14252.917568434137,14336.522508436867,14469.338520055919,14661.827396141267,14821.537989648461,14969.88259755428,15078.353806820745,15421.880013800732,15556.221829615404,503.4367671322398,-95,14456.092066599793,True,2025-02-28_fscoffee
hurricane,historical_model_estimate,2025-02-28,2024-11-25,11904.893836769605,12107.735318473158,12493.34822864114,12603.696130762979,12752.739576584072,12946.273319609965,13131.78224985383,13329.518745297275,13428.722154224579,13912.685749113189,14064.685200701058,548.2247235803528,-95,14239.453796217656,True,2025-02-28_hurricane
springdale,historical_model_estimate,2025-02-28,2024-11-25,8857.12231758737,9043.77592748081,9496.654881421666,9605.576505317465,9761.823888145609,9959.529598908692,10170.400679206872,10331.679609018618,10434.645399628398,10881.834978459801,11083.95595881408,567.6396714717654,-95,9940.39401004276,True,2025-02-28_springdale
all,historical_model_estimate,2025-02-28,2024-11-26,44547.67124166382,45005.71733535671,45962.60269343672,46135.72398771652,46472.07512837425,46844.56337920626,47273.53880089932,47570.88420260699,47815.0806720379,48627.86180816667,48907.565902081056,1106.5155700540893,-94,,False,aggregate_independent_posterior_pairing
downtown,historical_model_estimate,2025-02-28,2024-11-26,7461.390692933668,7691.182508022708,8247.006069439394,8345.801065451822,8525.624832989024,8781.8061264232,9031.413745227039,9218.619701746611,9342.942749601985,9851.687554203694,10003.234242767976,649.6735245854902,-94,8176.03518817776,True,2025-02-28_downtown
fscoffee,historical_model_estimate,2025-02-28,2024-11-26,14090.33066350341,14231.285462966958,14602.64384327257,14687.665734641983,14865.678594663848,15044.353010306453,15241.217702376389,15393.040621269061,15474.40100838587,15920.039832960189,16101.770371120587,526.3682634757635,-94,,False,2025-02-28_fscoffee
hurricane,historical_model_estimate,2025-02-28,2024-11-26,11327.990303154405,11542.891104591828,11967.504213926648,12073.813127704374,12213.158479568468,12406.792993254141,12611.02371401861,12760.155115203608,12844.580320960431,13146.953842723504,13284.971573101475,502.0219567337446,-94,11673.901241694046,True,2025-02-28_hurricane
springdale,historical_model_estimate,2025-02-28,2024-11-26,9631.303515561613,9758.747055145668,10174.181495601846,10274.249422542138,10408.990204463766,10578.791225450106,10823.517817693406,10983.626018455918,11068.61808359393,11484.421762767937,11635.184395359904,524.4984503690039,-94,11391.107945140944,True,2025-02-28_springdale
all,historical_model_estimate,2025-02-28,2024-11-27,46374.495152896685,46687.94184059921,47563.229075087074,47715.97732886042,48027.62556251899,48498.36943151463,48952.85902467884,49243.64685038178,49428.60451429833,50301.82578126403,50554.43528557898,1094.245647102613,-93,48760.65715967975,True,aggregate_independent_posterior_pairing
downtown,historical_model_estimate,2025-02-28,2024-11-27,8181.672128992921,8329.487889742933,8847.504578432834,8954.479712590379,9127.340635895966,9367.92678319713,9607.944576088912,9763.331645087452,9848.455405803763,10393.131957566407,10627.519151446984,624.6803369611954,-93,8410.838837766809,True,2025-02-28_downtown
fscoffee,historical_model_estimate,2025-02-28,2024-11-27,13917.542382510122,14113.74408696408,14468.291374799735,14590.038268907705,14764.6761600081,14927.148649312563,15140.621793389812,15288.524409415937,15350.241405085098,15726.068251249093,15883.624739383811,503.7717106256017,-93,15828.058230691664,True,2025-02-28_fscoffee
hurricane,historical_model_estimate,2025-02-28,2024-11-27,11259.604778608005,11397.57211671925,11815.085334317113,11902.035167532093,12069.1481111591,12261.51202746571,12490.535149703157,12652.54947582579,12754.044009896119,13237.382449663704,13391.941097710518,559.143405612933,-93,12657.563503255074,True,2025-02-28_hurricane
springdale,historical_model_estimate,2025-02-28,2024-11-27,10905.560327011312,11049.994369682214,11440.066572399528,11522.284469593898,11689.3887159088,11926.398815911476,12123.856979656573,12268.684347394326,12353.177280098662,12792.360273878718,12971.66674420924,541.7781049960788,-93,11864.19658796621,True,2025-02-28_springdale
all,historical_model_estimate,2025-02-28,2024-11-28,47177.28742321234,47536.359657057765,48404.46588257811,48570.155055660696,48820.63719615295,49267.1436342581,49739.920899006254,50092.61817120021,50266.1352611869,51167.92638399947,51680.2277152657,1116.7080700232343,-92,50216.429057883935,True,aggregate_independent_posterior_pairing
downtown,historical_model_estimate,2025-02-28,2024-11-28,8963.177473918915,9115.163170604708,9610.649290755653,9719.061685621205,9872.734986451978,10129.953494133788,10392.465066741353,10585.95926832339,10690.950465025755,11232.756596376574,11434.513484022838,640.0392506805348,-92,11032.118786565978,True,2025-02-28_downtown
fscoffee,historical_model_estimate,2025-02-28,2024-11-28,13153.517667595484,13302.74393418007,13720.261357709742,13791.722355797017,13948.07494064416,14148.450092256036,14352.642386501844,14484.95842692849,14585.351631581718,14996.886435951676,15127.905045771387,516.2405829561139,-92,14232.463217649023,True,2025-02-28_fscoffee
hurricane,historical_model_estimate,2025-02-28,2024-11-28,11579.746558000332,11758.33706614204,12220.907775797868,12318.115430132495,12510.776411121564,12740.032649911818,12926.395967419252,13090.260032184717,13200.21116256049,13630.81701691396,13766.786923935795,566.2770086580616,-92,12672.173174945783,True,2025-02-28_hurricane
springdale,historical_model_estimate,2025-02-28,2024-11-28,11269.890734408651,11440.092257765973,11866.6857329825,11965.050727468713,12111.176984200212,12306.542820893737,12495.714228786164,12641.170740657857,12722.82684938033,13201.499917552766,13367.637160695165,534.7267193750276,-92,12279.673878723152,True,2025-02-28_springdale
all,historical_model_estimate,2025-02-28,2024-11-29,47622.28027827458,47835.222246330646,48712.36473715235,48852.32428169021,49253.62452379095,49622.17460854886,50029.19163005426,50333.33344206009,50549.839659277284,51396.331667568564,51736.66274639026,1075.160406750932,-91,,False,aggregate_independent_posterior_pairing
downtown,historical_model_estimate,2025-02-28,2024-11-29,9360.68930164082,9550.986758597091,10093.46337644945,10195.239515151385,10359.416585770534,10587.254055145379,10826.060725389885,11007.099111825133,11138.54792502315,11653.573267539254,11810.72037926586,629.844846561132,-91,10123.015002896378,True,2025-02-28_downtown
fscoffee,historical_model_estimate,2025-02-28,2024-11-29,12415.087734938616,12529.858187738275,12965.788370035238,13060.512215199185,13207.750678126069,13416.211436757849,13606.045103327635,13756.6546241782,13854.231023869275,14216.336349872005,14385.611699603247,508.62062859227666,-91,13465.286749784442,True,2025-02-28_fscoffee
hurricane,historical_model_estimate,2025-02-28,2024-11-29,12428.898255159753,12624.521045950178,13010.925002566006,13105.827198935991,13233.319646045231,13469.680622820637,13675.584453119245,13831.550600578274,13897.972798091994,14339.885584203681,14480.134118408805,534.285478201016,-91,12316.383575201922,True,2025-02-28_hurricane
springdale,historical_model_estimate,2025-02-28,2024-11-29,11063.106465039058,11251.546765120736,11743.38666269536,11826.269434707398,11973.100191156653,12155.012077774581,12354.15897614148,12527.274117324168,12611.555038771698,12998.551613306743,13114.147487763674,523.6464890692129,-91,,False,2025-02-28_springdale
all,historical_model_estimate,2025-02-28,2024-11-30,46432.903902080274,46789.31940693033,47775.45946357043,47954.99579015939,48196.191986547645,48594.12221584839,49035.15694470476,49334.92237045597,49564.94761318549,50447.54847526314,50765.80620140498,1086.665744681322,-90,50757.36297134918,True,aggregate_independent_posterior_pairing
downtown,historical_model_estimate,2025-02-28,2024-11-30,9005.957262794953,9152.917146882062,9675.494106255719,9786.568704523259,9933.528174849836,10156.948283445392,10405.416453916381,10589.982765782908,10681.136681198512,11296.910911714069,11481.876260768346,626.2881091011269,-90,12374.159239059612,True,2025-02-28_downtown
fscoffee,historical_model_estimate,2025-02-28,2024-11-30,12381.692472258133,12512.135207482654,12940.437159469491,13037.601355256173,13179.748252891994,13378.46644341365,13562.185072062128,13699.131375909334,13776.873665669178,14132.316028847878,14251.108089998026,496.45689796367446,-90,13350.066596051623,True,2025-02-28_fscoffee
hurricane,historical_model_estimate,2025-02-28,2024-11-30,12897.481398682592,13102.024724263101,13472.36710005387,13550.10422908657,13696.311547546842,13892.479092033896,14076.270537930648,14215.217199099574,14295.615365942118,14730.013859881266,14859.79371806637,495.69110814981394,-90,14256.035045014623,True,2025-02-28_hurricane
springdale,historical_model_estimate,2025-02-28,2024-11-30,10138.289915572217,10279.215954439303,10753.482985999432,10856.048518251167,11003.141560033933,11209.02026563656,11412.381167636548,11571.86134323336,11645.804727808896,12072.280501339093,12221.96931535336,535.3070786078599,-90,10777.10209122332,True,2025-02-28_springdale
all,historical_model_estimate,2025-02-28,2024-12-01,45345.758320273846,45682.76742583682,46531.904861183306,46726.07745408952,47079.823709409866,47527.78842812072,47879.94627915616,48243.67593498498,48441.92064510163,49190.48292758389,49596.152010847145,1100.5505557261902,-89,47708.0132105818,True,aggregate_independent_posterior_pairing
downtown,historical_model_estimate,2025-02-28,2024-12-01,8315.24528222557,8461.780852903408,8990.394108947949,9106.099505245451,9321.348236136704,9549.688450279365,9793.988217310349,9982.019980162011,10077.344783693665,10635.44632362872,10768.673460221582,644.7385659701803,-89,9674.037659130763,True,2025-02-28_downtown
fscoffee,historical_model_estimate,2025-02-28,2024-12-01,12727.309945656909,12947.947575780536,13348.966027676106,13456.307850313913,13580.6525773162,13766.884911489848,13989.781640799567,14156.865594891333,14228.109820012329,14588.681015664046,14782.69591499679,521.0308433675472,-89,13060.21773976856,True,2025-02-28_fscoffee
hurricane,historical_model_estimate,2025-02-28,2024-12-01,12740.780343917228,12931.863570230675,13336.147341063679,13440.9421756648,13597.538458129211,13783.27673278494,14031.136888929246,14209.714278369449,14295.941369884811,14687.412326300533,14839.868860576666,554.4888298050579,-89,14787.67953664228,True,2025-02-28_hurricane
springdale,historical_model_estimate,2025-02-28,2024-12-01,9272.323721663943,9447.83586686842,9871.3955482135,9976.272150938488,10135.879631029273,10355.02683450648,10553.70242095468,10722.511051939988,10812.421224776694,11216.30027822699,11402.66261723632,550.1601301953574,-89,10186.078275040194,True,2025-02-28_springdale
all,historical_model_estimate,2025-02-28,2024-12-02,44386.423891844635,44754.65211610178,45543.07931736731,45739.100966819205,46085.71789111799,46532.53807388722,46933.111087423786,47256.070426689796,47447.37382258748,48241.86530485445,48578.87376085492,1101.5783962242454,-88,47143.399822221836,True,aggregate_independent_posterior_pairing
downtown,historical_model_estimate,2025-02-28,2024-12-02,7545.81427881535,7721.99497330237,8246.874228445266,8370.553915603807,8517.227736544331,8770.012030752594,8992.048641821979,9195.743828554896,9286.754489884554,9813.893312755716,10093.852789104918,636.7016459016654,-88,8587.659130480642,True,2025-02-28_downtown
fscoffee,historical_model_estimate,2025-02-28,2024-12-02,13570.382298305078,13778.049570795689,14231.177716746806,14286.407519999657,14461.59684549095,14621.958051376223,14852.095034275451,14987.881366638516,15093.248640186943,15513.081689959683,15668.915466806047,517.7697946038538,-88,14285.69174434743,True,2025-02-28_fscoffee
hurricane,historical_model_estimate,2025-02-28,2024-12-02,12030.209972249813,12270.903427174719,12661.037133915523,12758.735701900521,12912.526205772014,13113.902870930007,13318.745690173857,13465.265046713408,13578.09567132683,14013.964032613745,14192.983505209613,541.7766353514319,-88,13481.336963972828,True,2025-02-28_hurricane
springdale,historical_model_estimate,2025-02-28,2024-12-02,8943.229515235014,9063.74079600305,9521.424863580258,9596.333031236974,9753.15820056978,9945.56996918845,10154.631380189165,10320.589560130244,10423.34322603907,10898.534620074934,11034.680995071047,543.6256411534323,-88,10788.711983420935,True,2025-02-28_springdale
all,historical_model_estimate,2025-02-28,2024-12-03,44817.24091607637,45198.56607108385,46060.101144555774,46264.006380390085,46623.86403629499,47040.197313536235,47496.56303762136,47855.71959484345,48027.04769157794,48876.40993898919,49183.88994894407,1130.8925409066362,-87,47245.13320427603,True,aggregate_independent_posterior_pairing
downtown,historical_model_estimate,2025-02-28,2024-12-03,7583.706708104658,7756.37984197914,8320.999866592614,8436.314822711665,8641.050370339824,8922.841138385831,9174.800991915352,9355.327478119836,9471.559732710075,9905.850297827987,10098.948482833152,660.0454874742952,-87,9343.364165504465,True,2025-02-28_downtown
fscoffee,historical_model_estimate,2025-02-28,2024-12-03,14017.947103439335,14177.482465913637,14569.425672457153,14664.993261836127,14816.351951750878,15041.568372992431,15245.937997440833,15416.837343209058,15509.356530328496,15927.039732437137,16130.207573071599,546.1156174559517,-87,14741.217492273365,True,2025-02-28_fscoffee
hurricane,historical_model_estimate,2025-02-28,2024-12-03,11347.546676339181,11519.97037861271,11934.593002506414,12044.549049439978,12186.499891322408,12399.733855366021,12608.814925606852,12759.101365329747,12825.667530853507,13262.222509974314,13436.77695704128,529.5527952917354,-87,12325.575657558038,True,2025-02-28_hurricane
springdale,historical_model_estimate,2025-02-28,2024-12-03,9618.352726161986,9855.095052347746,10281.892534594675,10377.381510195986,10519.571324445735,10719.944567792954,10903.108122142896,11064.417557523408,11151.865836272833,11596.191053113394,11744.570421243841,531.1495098052833,-87,10834.975888940164,True,2025-02-28_springdale
all,historical_model_estimate,2025-02-28,2024-12-04,46520.06858468909,46927.22571070046,47810.06578133693,47998.59957926593,48273.580432623174,48753.84189517128,49209.70545848306,49492.30374021124,49732.78461810686,50543.73114633609,50905.662939878544,1128.0111381376637,-86,48608.442923630966,True,aggregate_independent_posterior_pairing
downtown,historical_model_estimate,2025-02-28,2024-12-04,8207.462875350051,8450.125560617937,8996.264666796667,9105.754658200767,9295.956047050659,9523.492223710764,9776.283658748247,9945.163236734199,10039.145307901394,10511.828858463987,10738.384799086854,622.775593955032,-86,9468.015935925769,True,2025-02-28_downtown
fscoffee,historical_model_estimate,2025-02-28,2024-12-04,13927.227557763648,14073.641648925093,14444.128751147637,14567.45565705634,14728.497243200833,14922.77672744663,15140.816085462471,15280.31839312825,15361.363123974088,15720.365374052322,15897.153963505314,517.8761021413588,-86,15170.982532554912,True,2025-02-28_fscoffee
hurricane,historical_model_estimate,2025-02-28,2024-12-04,11415.8978582236,11562.192723918857,11914.989748140919,12011.174005268545,12152.985482996422,12356.365918043397,12562.045473188626,12738.361260204014,12834.069647409204,13308.826755864477,13468.837612858817,537.1751848756758,-86,11930.50514891789,True,2025-02-28_hurricane
springdale,historical_model_estimate,2025-02-28,2024-12-04,10790.23081906256,11033.056773058033,11466.301310981953,11564.54807369076,11713.664258907096,11915.844885509141,12141.527172630773,12289.621279722855,12378.520344608189,12857.848367338038,12989.835139352588,558.841667510227,-86,12038.939306232396,True,2025-02-28_springdale
all,historical_model_estimate,2025-02-28,2024-12-05,47441.81379839423,47802.12791756001,48740.81432519061,48883.01445374696,49217.329244971654,49638.77039749781,50096.316151848485,50391.122652765254,50605.48600287521,51547.74709225995,51911.66462789968,1122.4072154224648,-85,,False,aggregate_independent_posterior_pairing
downtown,historical_model_estimate,2025-02-28,2024-12-05,9152.716768877635,9313.044346575076,9924.124344332731,10019.625219740275,10254.405377431713,10539.01433679678,10766.096082881186,10940.724705205004,11031.0894858433,11540.678695293493,11795.605667338421,665.6076968907519,-85,,False,2025-02-28_downtown
fscoffee,historical_model_estimate,2025-02-28,2024-12-05,13103.96546855563,13233.963532082003,13620.848849061838,13714.776949780502,13848.807084437853,14033.543682970525,14233.217821572503,14382.237806168134,14479.324351260688,14889.177709043626,15076.285319898006,507.5762008850019,-85,13898.86436750125,True,2025-02-28_fscoffee
hurricane,historical_model_estimate,2025-02-28,2024-12-05,11786.598917060244,11934.32592918448,12267.7875511433,12356.668059084994,12531.859101597642,12721.612745012946,12923.96904914903,13092.92779097466,13172.442673634601,13585.667702987772,13738.170987543246,519.8460515943084,-85,13378.445566123242,True,2025-02-28_hurricane
springdale,historical_model_estimate,2025-02-28,2024-12-05,11318.261578593723,11514.746597062673,11945.346294630319,12024.723573834572,12163.091999522238,12380.794044820645,12597.030849445267,12732.159301616544,12809.27263295786,13270.821706577364,13405.65840136644,535.9656174308806,-85,13005.417206432136,True,2025-02-28_springdale
all,historical_model_estimate,2025-02-28,2024-12-06,47497.511583355845,47971.857325032455,48734.59947930932,48960.09605654338,49265.34939710203,49698.65413794694,50158.580406314664,50486.90140165998,50713.82896773648,51551.901768060336,51917.564739363705,1109.755382585655,-84,,False,aggregate_independent_posterior_pairing
downtown,historical_model_estimate,2025-02-28,2024-12-06,9549.854308689748,9741.073212510508,10215.545149366471,10318.329536823856,10508.585658162949,10720.211641564652,10991.500826178568,11220.985290215407,11338.695016963346,11833.300579479464,12047.396958345395,647.7710569912688,-84,,False,2025-02-28_downtown
fscoffee,historical_model_estimate,2025-02-28,2024-12-06,12220.632286137781,12377.436122229401,12789.241316173753,12864.042708993686,13024.987292166472,13202.775912562247,13373.58792611456,13504.729839782665,13588.390983030102,14043.042383385517,14228.299741731787,505.0482919343725,-84,13188.612065914367,True,2025-02-28_fscoffee
hurricane,historical_model_estimate,2025-02-28,2024-12-06,12455.207239331778,12633.09424124809,13017.145403511373,13105.785112657515,13264.748987551395,13471.720559065532,13671.013763138943,13799.218439563236,13885.648137253891,14251.190343705346,14376.64785633854,507.8196774697524,-84,14288.637330280782,True,2025-02-28_hurricane
springdale,historical_model_estimate,2025-02-28,2024-12-06,11270.746003388811,11441.645965999161,11834.20541776234,11936.288019389493,12103.698484467419,12308.76669465212,12519.174449517717,12673.926633461624,12762.459393566976,13168.442422215056,13279.61399196581,532.8218191480196,-84,12202.959499054148,True,2025-02-28_springdale
all,historical_model_estimate,2025-02-28,2024-12-07,47065.771023981135,47448.70641110285,48439.16397846494,48617.45549057254,48889.643329360624,49273.18321924552,49666.794888843906,49959.90739781839,50088.129870330944,51077.65221898092,51473.80413706179,1080.310783855134,-83,,False,aggregate_independent_posterior_pairing
downtown,historical_model_estimate,2025-02-28,2024-12-07,9326.338438838064,9545.639793340208,10046.774679254624,10165.460043832558,10327.635472486758,10580.002578345164,10804.98475141758,10985.302527163414,11091.041266228334,11612.246657138034,11804.557830816078,640.3052065063011,-83,9822.16604448825,True,2025-02-28_downtown
fscoffee,historical_model_estimate,2025-02-28,2024-12-07,12133.146909202886,12317.348960453513,12792.188845806933,12878.32836939404,13034.963084285697,13244.498346016186,13452.808315933939,13586.40480350276,13642.256224183233,14044.778580339285,14159.551994154024,524.3171696782374,-83,,False,2025-02-28_fscoffee
hurricane,historical_model_estimate,2025-02-28,2024-12-07,13070.045329783876,13271.067635891051,13703.956081257562,13786.907419647054,13925.486769102248,14166.284830523644,14379.926361280483,14532.721636460996,14605.830623553702,14978.105800656685,15148.53203231065,536.7566107440334,-83,13872.507585164743,True,2025-02-28_hurricane
springdale,historical_model_estimate,2025-02-28,2024-12-07,10309.473049347236,10463.94199036545,10856.03639768432,10945.890467889523,11122.607477027886,11327.692509277993,11519.458888182608,11702.741233244386,11783.205790026155,12229.640807789316,12421.572603484132,542.639650551277,-83,11523.271395041302,True,2025-02-28_springdale
all,historical_model_estimate,2025-02-28,2024-12-08,45576.73143668325,45861.55585868095,46793.224386302565,47002.79671326627,47305.895125364186,47759.930652032155,48175.509965691825,48503.2520298359,48725.20856475117,49510.66229541156,49852.756176275216,1121.1887233153334,-82,47315.482076885775,True,aggregate_independent_posterior_pairing
downtown,historical_model_estimate,2025-02-28,2024-12-08,8422.532467161931,8626.789768811552,9087.702268836567,9219.559197358663,9393.922199007606,9631.610152178735,9881.280491366819,10051.714425924589,10163.883128727424,10620.949710676592,10818.34133021252,626.5904407217196,-82,9295.654604328098,True,2025-02-28_downtown
fscoffee,historical_model_estimate,2025-02-28,2024-12-08,12519.025320545037,12659.023055898708,13107.953804347255,13184.648273254355,13339.45424931802,13567.114102147883,13767.190091118313,13928.870417617954,14015.37983758899,14411.210953806003,14567.4541885733,533.5785695574504,-82,14096.756624395684,True,2025-02-28_fscoffee
hurricane,historical_model_estimate,2025-02-28,2024-12-08,12999.01011592393,13174.302075919508,13573.724281862013,13672.714624054272,13834.804046057163,14029.049888530375,14238.424185298318,14402.654970698419,14487.753156159895,14891.654458214476,15076.16276867866,525.8294630553287,-82,13864.715197943198,True,2025-02-28_hurricane
springdale,historical_model_estimate,2025-02-28,2024-12-08,9420.457166069782,9665.841525997794,10070.198885861004,10155.79963441909,10316.267874908357,10512.988517554779,10713.645552248927,10901.920480065677,10998.057695488083,11409.55369356692,11538.923666255287,541.1905168316792,-82,10058.355650218798,True,2025-02-28_springdale
all,historical_model_estimate,2025-02-28,2024-12-09,44526.17353512234,44835.75171014585,45863.8577234871,46096.15015886571,46368.475450432205,46800.510936119455,47170.84506670958,47465.349966626425,47643.11865246932,48513.2814418604,48953.79114288662,1086.7767007396594,-81,45994.84845835042,True,aggregate_independent_posterior_pairing
downtown,historical_model_estimate,2025-02-28,2024-12-09,7463.033856023482,7688.139020032443,8239.575248870513,8351.638895818243,8535.75683350645,8760.670380269361,8996.320713999907,9181.1131746079,9298.022512,9811.171623542245,9996.242953655941,640.7432558596499,-81,8607.413929965976,True,2025-02-28_downtown
fscoffee,historical_model_estimate,2025-02-28,2024-12-09,13491.510502632753,13660.51119105125,14105.480903914618,14209.46468199457,14354.713359793997,14558.656238754653,14743.34346824022,14875.511227317047,14967.023895843924,15332.655333530922,15457.196788349693,511.2273838536908,-81,14282.584606268963,True,2025-02-28_fscoffee
hurricane,historical_model_estimate,2025-02-28,2024-12-09,12168.881446414522,12344.548042966971,12765.273804606339,12877.198684307861,13040.198518300878,13261.40039338926,13494.174059387478,13647.435645248946,13721.648685792024,14145.268381215748,14315.64230491828,550.3758785624664,-81,12852.373329845732,True,2025-02-28_hurricane
springdale,historical_model_estimate,2025-02-28,2024-12-09,9184.729921881486,9296.854085108725,9759.039420900406,9832.727047223014,9975.79352115421,10184.167056935825,10416.067495520427,10580.696487874928,10664.965559289965,11083.25399104898,11237.693445943738,543.3451896373464,-81,10252.476592269746,True,2025-02-28_springdale
all,historical_model_estimate,2025-02-28,2024-12-10,44966.20232136951,45301.272071636595,46127.968061022046,46312.71362619224,46710.39013429657,47112.12415192692,47513.902547022,47877.95215310633,48056.90995604397,49011.824514633416,49385.15805160049,1131.9091140953149,-80,47452.153552420954,True,aggregate_independent_posterior_pairing
downtown,historical_model_estimate,2025-02-28,2024-12-10,7636.065728028874,7856.517870975776,8335.157099491533,8445.464980503659,8624.060612390791,8865.072570732958,9131.243027046108,9314.939218566673,9454.197092491526,9936.365715005551,10068.84421194558,637.6452946534419,-80,9569.331576853436,True,2025-02-28_downtown
fscoffee,historical_model_estimate,2025-02-28,2024-12-10,13993.281677240586,14147.2691260443,14518.844120090554,14615.570774223212,14769.8452014035,14950.145861499102,15175.136671840619,15318.762482039005,15401.84021990056,15796.883895346953,15963.557592705618,508.3933216750979,-80,15093.44507362802,True,2025-02-28_fscoffee
hurricane,historical_model_estimate,2025-02-28,2024-12-10,11404.228341444265,11549.110368925005,11979.183701961781,12071.684015665094,12222.304915949278,12442.998545704206,12658.76338913041,12799.032484618394,12892.871411121272,13316.50937338545,13479.908722339085,541.0328153711727,-80,11735.212693778678,True,2025-02-28_hurricane
springdale,historical_model_estimate,2025-02-28,2024-12-10,9768.905024087706,9918.736989574541,10360.275375293284,10446.598414957774,10616.96886960367,10841.420553473816,11048.5665272884,11191.597326227584,11283.432162137036,11766.878144821707,11864.506838162231,554.7572537808007,-80,11054.164208160824,True,2025-02-28_springdale
all,historical_model_estimate,2025-02-28,2024-12-11,46795.46151522924,47172.63339394503,47990.683608260326,48139.56793007375,48435.27475787995,48879.3944610131,49320.0014747651,49612.87043375637,49771.700818687445,50801.225607051834,51161.176974043796,1093.0323328282664,-79,49578.76129244071,True,aggregate_independent_posterior_pairing
downtown,historical_model_estimate,2025-02-28,2024-12-11,8396.613065268979,8542.730808835435,9029.2345217618,9125.066571118608,9293.4059669261,9512.591578672906,9740.735450305745,9923.75194427514,10027.891342903406,10481.885229238853,10638.38625647391,588.8879749518082,-79,10202.229737266698,True,2025-02-28_downtown
fscoffee,historical_model_estimate,2025-02-28,2024-12-11,13965.57727181898,14122.132841850787,14549.918252218857,14618.236865619874,14741.47291211576,14941.608339137432,15126.332179397275,15273.132009602828,15353.32084232559,15774.505528232488,15936.356345439008,501.0918625867,-79,14944.62654132113,True,2025-02-28_fscoffee
hurricane,historical_model_estimate,2025-02-28,2024-12-11,11357.78860294814,11487.907448293701,11940.452109863889,12026.800496514072,12157.435578282559,12346.80842613362,12556.775466563626,12683.457986252037,12782.745465769016,13262.34304684398,13405.056164528702,518.7218633675088,-79,12261.993703758802,True,2025-02-28_hurricane
springdale,historical_model_estimate,2025-02-28,2024-12-11,11007.573292231727,11189.77819730237,11629.989679024606,11712.075953694271,11875.354301465515,12061.96389113813,12264.067810560568,12406.71530470446,12507.60502109035,12972.89284746452,13075.818212852937,536.2177885946728,-79,12169.911310094083,True,2025-02-28_springdale
all,historical_model_estimate,2025-02-28,2024-12-12,47523.390727780665,48070.0847453716,48980.45472446265,49169.39556168572,49498.059467874176,49944.154009712904,50326.47924116677,50638.07792486548,50816.54127651055,51559.181148984564,51930.32692474911,1099.416320550956,-78,49790.25608303179,True,aggregate_independent_posterior_pairing
downtown,historical_model_estimate,2025-02-28,2024-12-12,9267.371563171775,9527.664825500953,10111.09358025872,10204.07197878121,10373.786220480803,10619.908569943294,10859.595743032329,11055.176259664888,11149.559136132431,11609.239275217791,11731.719351164478,621.66318294182,-78,10969.833857368896,True,2025-02-28_downtown
fscoffee,historical_model_estimate,2025-02-28,2024-12-12,13046.837457422984,13202.610064555114,13574.837973148946,13682.076879433393,13825.513957388985,14027.578453774982,14216.465306163138,14347.9241658706,14441.437684745486,14862.039410822528,15024.768021548532,512.0860383804659,-78,13868.071281650236,True,2025-02-28_fscoffee
hurricane,historical_model_estimate,2025-02-28,2024-12-12,11642.483990004659,11820.527090477417,12296.66440231264,12391.034999838826,12559.772184958512,12778.475966381042,12979.81467274121,13122.364756917563,13237.330319682953,13704.290872058853,13868.607079985191,563.3104491021188,-78,12637.001863309886,True,2025-02-28_hurricane
springdale,historical_model_estimate,2025-02-28,2024-12-12,11452.45672250088,11595.1911306637,12056.160267278237,12149.06561767173,12288.61285252785,12477.031470304253,12693.431248296969,12855.17959077969,12942.031463293066,13353.763197133936,13471.875285340662,530.437505549071,-78,12315.349080702768,True,2025-02-28_springdale
all,historical_model_estimate,2025-02-28,2024-12-13,46552.978948601834,47028.34351322701,47943.08062120314,48108.51936840206,48454.71186586803,48896.56956872406,49310.990210357326,49636.980298789,49831.9713893374,50688.59321689296,51131.70234827412,1153.4176479670357,-77,47881.3221904806,True,aggregate_independent_posterior_pairing
downtown,historical_model_estimate,2025-02-28,2024-12-13,9649.485018380323,9807.070486355278,10365.471447849286,10452.292401598292,10635.867076962762,10904.064479203109,11149.993634726834,11344.936973752507,11455.981366407337,11954.782149508706,12105.79463866792,641.4677242084609,-77,10793.796319873692,True,2025-02-28_downtown
fscoffee,historical_model_estimate,2025-02-28,2024-12-13,12182.909396715087,12366.93278744436,12816.176524322047,12897.672118072314,13036.79663727271,13227.997401434472,13427.567390915072,13588.925245511859,13666.237970728242,14082.219020913777,14256.265087583777,520.7699439211179,-77,13385.303766858871,True,2025-02-28_fscoffee
hurricane,historical_model_estimate,2025-02-28,2024-12-13,12402.860807521907,12533.835687127157,12994.140190397939,13085.435723913084,13242.429919794833,13452.031361645912,13639.872379054586,13813.291781419644,13903.149718059265,14375.363875020592,14528.980398425896,548.162996595022,-77,12990.117721172755,True,2025-02-28_hurricane
springdale,historical_model_estimate,2025-02-28,2024-12-13,10258.29249578018,10412.177301595422,10849.137021668404,10942.065298643385,11067.156144510429,11281.138890561391,11522.76969590075,11666.673438985268,11739.391746688243,12151.59918084203,12415.614793316976,550.4571594847598,-77,10712.104382575282,True,2025-02-28_springdale
all,historical_model_estimate,2025-02-28,2024-12-14,45820.4670753088,46107.007604444414,47314.90863341759,47476.68785524028,47813.91201152868,48237.93737381496,48690.47968820973,48967.72324756637,49146.69434211309,50026.52650118296,50367.512995710524,1162.1343783706354,-76,,False,aggregate_independent_posterior_pairing
downtown,historical_model_estimate,2025-02-28,2024-12-14,9508.884003864354,9687.330812862281,10165.170214340254,10265.318584586312,10459.028417732803,10698.21260797547,10939.829029433717,11114.050117424467,11217.122265665383,11763.893898205744,11948.766641277713,634.8865418752084,-76,11004.07656239522,True,2025-02-28_downtown
fscoffee,historical_model_estimate,2025-02-28,2024-12-14,12162.032048708512,12295.745321947434,12765.895183425986,12844.297393051178,13024.37866710913,13240.405096989129,13433.31636010532,13577.467592145556,13646.190577892878,14049.45037302735,14195.791029699172,525.3382472714187,-76,13490.39898615948,True,2025-02-28_fscoffee
hurricane,historical_model_estimate,2025-02-28,2024-12-14,12871.4477327957,13040.13093595572,13519.373877485912,13601.904887878532,13806.90600333893,14012.92284681243,14198.173686445474,14345.41822319413,14461.04221583549,14852.951818251402,15022.42640875644,554.3656437154501,-76,,False,2025-02-28_hurricane
springdale,historical_model_estimate,2025-02-28,2024-12-14,9134.094926818381,9334.767883578244,9813.659754011218,9916.113411856386,10076.577874269155,10304.46212807351,10549.000503069485,10714.686054664857,10823.577881132414,11297.466559250553,11506.721161285373,595.3193315105574,-76,10103.13830348199,True,2025-02-28_springdale
all,historical_model_estimate,2025-02-28,2024-12-15,44593.40909720939,44907.61215114016,45887.37214172706,46089.8390678267,46419.4924723167,46859.847221845936,47291.61017896257,47572.22825499513,47757.37982631192,48698.118256969865,49129.38081143284,1122.105501330552,-75,45615.343259800386,True,aggregate_independent_posterior_pairing
downtown,historical_model_estimate,2025-02-28,2024-12-15,8616.43489011257,8831.698132291847,9293.82648336984,9388.598951781098,9567.060231070222,9792.159163125802,10021.8642186288,10229.247841970613,10342.147033143065,10840.310914336837,11025.28499397057,619.7875469633377,-75,9315.364755727036,True,2025-02-28_downtown
fscoffee,historical_model_estimate,2025-02-28,2024-12-15,12669.831164489724,12788.32200527046,13220.749000478467,13299.14120205531,13440.121748315487,13652.608499388154,13847.713735308565,13991.513878886699,14095.11682699313,14511.578414696265,14700.466935196731,525.7102507279571,-75,14058.794046622452,True,2025-02-28_fscoffee
hurricane,historical_model_estimate,2025-02-28,2024-12-15,12917.871014228824,13086.81596725543,13513.43195316082,13586.87717945746,13732.316886029552,13915.798654418395,14108.021442333957,14261.967271322053,14350.822287088029,14757.22702663142,14991.996472902043,512.7854952542502,-75,13269.370640132243,True,2025-02-28_hurricane
springdale,historical_model_estimate,2025-02-28,2024-12-15,8401.616459153827,8569.676203678904,8985.144491463485,9062.441236258983,9242.385269173104,9452.943678697284,9695.908102923033,9862.86551640725,9944.75507565221,10385.829145496731,10551.806871741248,567.8401926201882,-75,8971.813817318653,True,2025-02-28_springdale
all,historical_model_estimate,2025-02-28,2024-12-16,43503.5596987934,44100.95436437737,45015.0903661312,45146.97292177051,45489.77026378517,45996.47957377552,46517.21595602897,46896.19995904225,47118.74023534416,48047.96958060501,48498.776746326665,1251.864181099896,-74,48086.285272096604,True,aggregate_independent_posterior_pairing
downtown,historical_model_estimate,2025-02-28,2024-12-16,7619.110653796364,7833.340283505388,8394.526212820065,8484.066276423579,8708.792976714958,8953.287320075338,9225.219554447944,9404.530908963507,9475.75210924508,9973.749622515463,10158.808835108388,643.327529727661,-74,9066.490103567654,True,2025-02-28_downtown
fscoffee,historical_model_estimate,2025-02-28,2024-12-16,13592.489273901685,13720.239300193323,14136.486059178122,14226.895319661024,14388.797924970819,14576.129905465124,14776.854014691622,14916.52934825387,15006.761342623386,15446.606201124749,15644.84119589153,528.5074833726884,-74,15192.744355980773,True,2025-02-28_fscoffee
hurricane,historical_model_estimate,2025-02-28,2024-12-16,12078.000289103884,12273.075329336498,12761.138810108072,12846.645573416992,13052.93900080575,13280.282210868843,13540.258373904895,13735.735934868178,13833.451564295372,14443.29225642345,14638.473796228702,649.2553726687911,-74,14357.413664649632,True,2025-02-28_hurricane
springdale,historical_model_estimate,2025-02-28,2024-12-16,8019.944382300154,8240.254377137411,8716.437832547363,8804.096484130121,8979.699117389617,9193.107206434273,9438.098061293496,9601.699128112064,9689.374672878,10115.044512830085,10287.84298326487,580.71593610778,-74,9469.637147898547,True,2025-02-28_springdale
all,historical_model_estimate,2025-02-28,2024-12-17,44610.504724215665,45010.50972097186,45967.1492305907,46145.96683751661,46442.85665841111,46911.09882829657,47313.68913366791,47666.13577587859,47876.579602713005,48720.3419162279,49038.40655862031,1142.267418384089,-73,44836.353629076824,True,aggregate_independent_posterior_pairing
downtown,historical_model_estimate,2025-02-28,2024-12-17,7880.775205132011,8132.407856483725,8599.820477504882,8699.323744378466,8886.046773658194,9135.560905350885,9399.461310251296,9558.464335476556,9678.90454824642,10207.215619623357,10439.99003093611,643.8406424837169,-73,8158.551933633239,True,2025-02-28_downtown
fscoffee,historical_model_estimate,2025-02-28,2024-12-17,14137.219047792749,14306.423223303604,14694.189438998228,14817.111923390117,14946.932641792191,15128.280798495409,15309.444114889464,15462.359448651217,15548.883445024197,15973.681262875065,16161.121311089317,508.1629898086184,-73,15295.842704340748,True,2025-02-28_fscoffee
hurricane,historical_model_estimate,2025-02-28,2024-12-17,11470.41257969989,11654.69434576965,12136.791332967501,12277.119651069928,12444.088065901036,12707.839272472975,12946.037421986237,13162.447472200445,13255.76308616671,13698.726007470379,13984.806015617749,637.3174252072747,-73,12120.769241306796,True,2025-02-28_hurricane
springdale,historical_model_estimate,2025-02-28,2024-12-17,8784.01293540129,8984.463052304047,9439.741131819876,9549.01897222709,9681.15290046647,9933.858597866802,10112.377342875388,10261.57009799937,10350.511402245416,10776.05229404881,10946.196920279928,553.1046696878061,-73,9261.189749796042,True,2025-02-28_springdale
all,historical_model_estimate,2025-02-28,2024-12-18,47274.28667901213,47676.160036176,48489.13398466847,48673.66050030381,48931.574313282545,49440.378883417914,49886.78595102712,50223.65022163542,50399.12230245342,51261.366830842264,51607.58614569551,1122.3381045278709,-72,49522.648939465034,True,aggregate_independent_posterior_pairing
downtown,historical_model_estimate,2025-02-28,2024-12-18,8492.492662949675,8687.649364835976,9130.255917906165,9237.455600946443,9415.327281648986,9648.110579917746,9888.035155255688,10069.079420207967,10154.781688251973,10637.768864266272,10820.824629235676,596.6702608739521,-72,10032.433573857285,True,2025-02-28_downtown
fscoffee,historical_model_estimate,2025-02-28,2024-12-18,14022.71968458513,14158.549847239805,14577.904453854686,14651.769427151035,14817.470761211007,15048.293816959482,15241.59558143861,15376.868992230036,15438.303353294084,15877.429373973508,16032.94741601515,516.732084537511,-72,15092.052663625296,True,2025-02-28_fscoffee
hurricane,historical_model_estimate,2025-02-28,2024-12-18,11473.391151714324,11603.897552744891,12082.779609328418,12168.87408580498,12357.679012072394,12613.937911492196,12858.939382106615,13062.276249698807,13177.109779486027,13689.355479472935,13887.329116897758,634.4108199041451,-72,12829.627259104736,True,2025-02-28_hurricane
springdale,historical_model_estimate,2025-02-28,2024-12-18,11088.370970162674,11218.159872815666,11632.326316257086,11752.584519199927,11913.497192587094,12138.654068398562,12362.268935613798,12494.1903110875,12593.16579058943,13014.638238017138,13178.106697833857,548.2860141060602,-72,11568.535442877712,True,2025-02-28_springdale
all,historical_model_estimate,2025-02-28,2024-12-19,48090.18022587848,48452.62902062954,49405.943550755226,49587.809190719585,50005.61109746817,50423.74079332041,50890.75028187297,51236.30981773212,51432.82740730468,52559.23720201018,52850.81648231218,1223.762781494818,-71,,False,aggregate_independent_posterior_pairing
downtown,historical_model_estimate,2025-02-28,2024-12-19,9485.55789428455,9638.434548412533,10121.720324493515,10211.475124843611,10369.582333754624,10619.218272756356,10891.410599041035,11089.994005457012,11202.903401353977,11657.290422471278,11848.35376351112,628.4363745089395,-71,9834.456661459611,True,2025-02-28_downtown
fscoffee,historical_model_estimate,2025-02-28,2024-12-19,13082.678640637138,13240.048600103295,13686.780648986296,13769.85709324052,13942.72230114002,14167.692252932173,14381.119772124333,14531.084073435919,14630.441236528934,15050.794653620307,15220.14870776722,554.0499557330853,-71,13251.6339799399,True,2025-02-28_fscoffee
hurricane,historical_model_estimate,2025-02-28,2024-12-19,12006.688734998948,12198.585977775827,12728.381222738491,12819.600171879305,12989.103570656398,13292.889085920784,13549.812050016375,13741.665074332697,13886.383042321871,14377.728044224004,14602.758771136685,666.7475439377527,-71,13710.184965034132,True,2025-02-28_hurricane
springdale,historical_model_estimate,2025-02-28,2024-12-19,11271.936544878427,11459.230241407417,11931.3832121975,12013.00943933371,12155.536882387174,12353.451376745455,12540.351796095252,12691.065850703006,12774.331781630179,13228.749747154137,13373.448226668557,523.9329355999299,-71,,False,2025-02-28_springdale
all,historical_model_estimate,2025-02-28,2024-12-20,48514.33891296716,48883.99466662703,49821.6477780793,49987.73104370925,50277.76200808376,50699.46986279146,51129.42882932221,51453.81454333847,51660.98062141612,52549.62134600307,52804.91768962558,1114.7249597186853,-70,51043.18101072041,True,aggregate_independent_posterior_pairing
downtown,historical_model_estimate,2025-02-28,2024-12-20,9678.533427969116,9878.249361741046,10279.436017189122,10399.357725702765,10563.288809726313,10831.808004194681,11074.70911952793,11281.583838309418,11375.50512949241,11864.234100904248,12006.197419021328,617.2950658535544,-70,10821.964372441198,True,2025-02-28_downtown
fscoffee,historical_model_estimate,2025-02-28,2024-12-20,12224.739713861873,12437.88264402653,12876.329900349949,12987.374529539054,13137.886012282548,13316.026676123045,13523.558252589413,13646.554096708747,13717.064507076157,14156.85091502117,14345.664633214861,522.4188305055056,-70,13163.300733567175,True,2025-02-28_fscoffee
hurricane,historical_model_estimate,2025-02-28,2024-12-20,12972.691553459512,13169.089419461476,13691.24246037628,13785.759458081262,13992.715493320715,14205.86506204548,14419.135302961859,14574.120367932628,14662.12507204113,15099.610124955117,15290.199798656457,584.8421583355265,-70,14550.173785672096,True,2025-02-28_hurricane
springdale,historical_model_estimate,2025-02-28,2024-12-20,11317.951976289283,11497.563436993414,11952.346553412088,12026.699673376213,12167.049183070287,12359.581043738533,12540.445511435586,12727.3361726617,12830.43275461199,13279.595299866423,13500.325815978476,540.7368578646535,-70,12507.742119039936,True,2025-02-28_springdale
all,historical_model_estimate,2025-02-28,2024-12-21,47952.193798814835,48272.880278094024,49231.23943471279,49429.51385460557,49715.932192581495,50155.889153393844,50629.93694251616,50956.39275822151,51160.17190982827,51997.775200693744,52448.51647576684,1140.572655528953,-69,50669.876681548005,True,aggregate_independent_posterior_pairing
downtown,historical_model_estimate,2025-02-28,2024-12-21,9245.087426651457,9522.897235157638,10137.846638549498,10270.699417838438,10448.530894362504,10662.90622800923,10879.333296864972,11056.663257153601,11159.005555757562,11656.72411485145,11833.316001607158,647.2163133823877,-69,10251.0057288794,True,2025-02-28_downtown
fscoffee,historical_model_estimate,2025-02-28,2024-12-21,12226.117103998173,12400.802487568742,12863.232602081453,12950.67536632372,13086.834413045417,13267.396511492494,13465.663156162751,13613.545471356658,13680.709698628056,14113.436443152732,14316.278871859677,515.0996779309951,-69,13594.719032846198,True,2025-02-28_fscoffee
hurricane,historical_model_estimate,2025-02-28,2024-12-21,13584.302601770622,13810.606264692571,14284.681461586504,14381.111094080597,14543.004671884753,14752.552495370199,15016.211392668854,15184.679241790847,15276.97893287303,15734.743511919736,15898.970409185507,586.3475139673823,-69,15466.39893836343,True,2025-02-28_hurricane
springdale,historical_model_estimate,2025-02-28,2024-12-21,10439.096031139474,10580.074800355274,11042.945538158487,11137.664337395698,11296.395275947803,11512.431965864287,11691.575696501119,11844.840715420843,11961.178601100686,12394.915463189525,12560.95840531367,538.2673734212032,-69,11357.752981458972,True,2025-02-28_springdale
all,historical_model_estimate,2025-02-28,2024-12-22,46606.537888880965,47095.17495563703,47829.114519975315,48076.82767846611,48397.93762178126,48804.28793774892,49287.15101839813,49586.88250788408,49750.25833630491,50723.407361676494,51029.51935643862,1119.4905990838088,-68,48779.31403025352,True,aggregate_independent_posterior_pairing
downtown,historical_model_estimate,2025-02-28,2024-12-22,8439.652115385534,8656.882498754889,9212.760289295,9311.202256911318,9485.04920380158,9726.629936550982,9960.335155832972,10137.36831020589,10231.547437232566,10728.07938794421,10907.324424119886,632.252682562853,-68,10681.0378879549,True,2025-02-28_downtown
fscoffee,historical_model_estimate,2025-02-28,2024-12-22,12762.210428057228,12900.672304572383,13316.258341747322,13380.352194088604,13533.12197105277,13731.123749763829,13909.765768279369,14052.95145851596,14135.096879550549,14652.48495239445,14770.614864701467,516.3193808933985,-68,13405.754071059162,True,2025-02-28_fscoffee
hurricane,historical_model_estimate,2025-02-28,2024-12-22,13544.819725116884,13748.712929756355,14302.895237043618,14385.243553026032,14540.460568042527,14771.068964767634,14988.609418765378,15170.371364607825,15268.295766617975,15724.546033329405,15965.763237989615,593.1671412131155,-68,14760.279258474982,True,2025-02-28_hurricane
springdale,historical_model_estimate,2025-02-28,2024-12-22,9553.711220947662,9705.984528506024,10115.155294992728,10209.431257388935,10410.881171742532,10626.300398279714,10815.252586611548,10959.589873058321,11060.123137242468,11493.919011885975,11630.977332413106,548.6095901242011,-68,9932.242812764478,True,2025-02-28_springdale
all,historical_model_estimate,2025-02-28,2024-12-23,45713.669720083846,46105.70922652762,46783.924894895434,46965.76128002018,47352.8292995727,47853.255891749475,48318.87498691101,48718.03330615265,48880.09438179408,49693.02218533107,49943.9516173876,1139.566151439108,-67,46975.21041425534,True,aggregate_independent_posterior_pairing
downtown,historical_model_estimate,2025-02-28,2024-12-23,7769.002216541703,7924.757318417338,8431.26134098087,8538.277844361515,8714.58717247631,8940.952116209188,9179.935316623223,9350.177568354973,9455.792617734744,10000.743358848253,10226.736209252746,624.1373555069479,-67,8112.069193476551,True,2025-02-28_downtown
fscoffee,historical_model_estimate,2025-02-28,2024-12-23,13582.719517252408,13747.117806040495,14159.002096061027,14236.305622545735,14384.0109636449,14583.6711171968,14786.238070813994,14921.418981095048,15016.816534144664,15367.4093393742,15564.197293512141,498.0944457019045,-67,14258.704563286,True,2025-02-28_fscoffee
hurricane,historical_model_estimate,2025-02-28,2024-12-23,12847.57988168849,13037.94926000318,13503.967334465884,13630.885622223806,13787.889229376438,14034.27388126196,14218.004072967457,14374.312733342958,14485.750911092076,15018.977481841845,15154.811749353064,592.6223725550423,-67,13748.987705602856,True,2025-02-28_hurricane
springdale,historical_model_estimate,2025-02-28,2024-12-23,9273.834067993113,9407.959167392677,9855.600898464098,9945.585425093639,10104.921818559573,10304.726748334666,10532.053158432638,10682.511311836086,10768.705996885541,11165.545724129046,11485.70679661373,545.528786561223,-67,10855.448951889932,True,2025-02-28_springdale
all,historical_model_estimate,2025-02-28,2024-12-24,45920.84189962581,46215.44213809752,47092.80148115093,47316.542135449345,47695.073105449,48113.23923117589,48560.95923157076,48860.930764024575,49030.05797746404,50022.55416223247,50336.66278958005,1159.5899740854727,-66,47807.30637157028,True,aggregate_independent_posterior_pairing
downtown,historical_model_estimate,2025-02-28,2024-12-24,7756.053488573651,7938.420841192554,8462.710560761761,8568.401314427818,8776.140039164224,9046.484294902502,9284.174291117373,9469.812888891685,9584.735982346545,10110.816360727109,10249.09303366101,660.9298938535259,-66,7739.10272138567,True,2025-02-28_downtown
fscoffee,historical_model_estimate,2025-02-28,2024-12-24,14086.42937412305,14200.263877022746,14578.434971308809,14676.807466252714,14828.89574494757,14993.86982118385,15199.628158729667,15321.51876279949,15414.953247188738,15817.626686936059,15949.01639565564,499.0603727513445,-66,14627.898015184604,True,2025-02-28_fscoffee
hurricane,historical_model_estimate,2025-02-28,2024-12-24,12004.730786094819,12252.146389615105,12674.945207089719,12768.952068077886,12946.671384276064,13140.021079397484,13404.297798520249,13548.718115060405,13638.378756748922,14055.556607904698,14184.405886433142,562.681373888728,-66,14377.35229301537,True,2025-02-28_hurricane
springdale,historical_model_estimate,2025-02-28,2024-12-24,9757.392612094616,9958.662950548853,10432.4033538996,10548.997496356613,10698.489491494187,10897.323854624163,11145.309803531984,11296.614909274263,11391.73339245328,11828.258134439182,11958.401226629456,564.8629590438785,-66,11062.953341984636,True,2025-02-28_springdale
all,historical_model_estimate,2025-02-28,2024-12-25,47731.52156909779,48158.03295971554,48997.26778897368,49210.38166936046,49546.101093896556,49959.40222295445,50334.972450103174,50625.66134709296,50826.59233524806,51738.54014342283,51985.7536230621,1087.6519250074919,-65,51484.01109570977,True,aggregate_independent_posterior_pairing
downtown,historical_model_estimate,2025-02-28,2024-12-25,8403.493540627353,8599.95567728038,9085.686097008085,9186.064697746348,9376.49063787432,9589.760215996874,9837.48185580017,10020.839143438308,10109.505526791996,10568.749145015663,10709.133233860764,591.5198498439921,-65,10835.034839053766,True,2025-02-28_downtown
fscoffee,historical_model_estimate,2025-02-28,2024-12-25,13884.375856984796,14082.685616082723,14465.567774445011,14561.508569735946,14716.303506182148,14917.529726074996,15125.625747204613,15274.324315763912,15334.61355105271,15747.347274886426,15897.500961894764,513.3573468946571,-65,14680.829414012374,True,2025-02-28_fscoffee
hurricane,historical_model_estimate,2025-02-28,2024-12-25,12128.268556730074,12374.70426890611,12780.64238535871,12868.014809991859,13035.169763403042,13235.978153367252,13463.420798046693,13647.936997851699,13747.837996917671,14130.473718759835,14303.586113840756,552.0985095675559,-65,13494.423078208634,True,2025-02-28_hurricane
springdale,historical_model_estimate,2025-02-28,2024-12-25,11075.375042714519,11261.743597521903,11724.174729579501,11800.566813208608,11965.937658276385,12196.38733129227,12403.501064652759,12589.721037119587,12706.774410821128,13089.472467694748,13220.920056555993,557.9622262403133,-65,12473.723764435,True,2025-02-28_springdale
all,historical_model_estimate,2025-02-28,2024-12-26,48618.778119518,48942.20905716177,49819.405526586,50053.79336533726,50385.266265892606,50844.841124972154,51226.33058660891,51574.08513990862,51779.69215909863,52756.18331852425,53205.40950822608,1141.2294794021489,-64,51395.25278402728,True,aggregate_independent_posterior_pairing
downtown,historical_model_estimate,2025-02-28,2024-12-26,9374.500022679915,9558.508479412298,10066.485869193733,10168.588414799367,10342.825734742182,10552.476052214488,10782.892471679233,10985.16669355294,11092.06327281828,11572.095612237632,11834.848643278945,616.9159262486623,-64,11226.735009997868,True,2025-02-28_downtown
fscoffee,historical_model_estimate,2025-02-28,2024-12-26,12816.093456517478,13022.963099492961,13490.206864178033,13572.947364369415,13716.807372374124,13895.808208322333,14069.200936112788,14227.995118913177,14309.493611635855,14756.76804636809,14908.175189751195,509.84087209216483,-64,14311.09314339025,True,2025-02-28_fscoffee
hurricane,historical_model_estimate,2025-02-28,2024-12-26,12655.871544677677,12793.688969557974,13273.005016898625,13352.719408293515,13484.462256797722,13671.268618235645,13922.070931328684,14096.201187148576,14172.386561253166,14596.129498175995,14814.472782922634,552.0215996637161,-64,14206.689475888654,True,2025-02-28_hurricane
springdale,historical_model_estimate,2025-02-28,2024-12-26,11523.767737816666,11758.469765279271,12184.141548494172,12266.048735459157,12417.121310993478,12630.937926535025,12842.74285673063,13019.25019982208,13107.813945798567,13526.062096477526,13808.430714580933,562.1855393162548,-64,11650.73515475051,True,2025-02-28_springdale
all,historical_model_estimate,2025-02-28,2024-12-27,48240.16760862301,48633.63927928528,49671.832785110644,49833.06960113479,50178.42390621717,50653.855218321834,51056.1652834735,51410.66087506547,51625.46173792959,52569.33841679935,53023.907656314506,1178.3036899740716,-63,50898.84305836298,True,aggregate_independent_posterior_pairing
downtown,historical_model_estimate,2025-02-28,2024-12-27,9663.29244053871,9847.338570332027,10368.281513185972,10442.790724491115,10630.605246613266,10895.135285267417,11120.12111809266,11307.23628430747,11391.14467438048,11922.882077588538,12205.322799329448,640.1779708960848,-63,11074.867729267218,True,2025-02-28_downtown
fscoffee,historical_model_estimate,2025-02-28,2024-12-27,12162.810487765615,12358.962075460382,12791.734274155551,12902.259815507128,13035.172399789486,13213.739506030117,13405.894614087623,13549.319140494033,13656.225949237414,14032.788615666976,14147.177449212673,508.90335662426054,-63,13144.16204300508,True,2025-02-28_fscoffee
hurricane,historical_model_estimate,2025-02-28,2024-12-27,12846.962831218161,13081.71529077139,13599.670569065855,13692.660804024956,13864.808688686873,14127.181761106493,14339.384658678797,14544.589267650304,14683.847794716734,15138.310739096058,15304.527815767224,639.3206773412093,-63,13797.676804104727,True,2025-02-28_hurricane
springdale,historical_model_estimate,2025-02-28,2024-12-27,11345.311964530752,11526.353134741137,11942.782826678344,12031.252623656283,12179.031157935844,12405.04591683311,12607.472187399024,12750.421765870135,12868.227855245177,13322.357195025917,13502.122608502468,549.5018439876557,-63,12882.136481985955,True,2025-02-28_springdale
all,historical_model_estimate,2025-02-28,2024-12-28,47692.18931789505,47922.21110676174,48926.80887446463,49147.14242373345,49478.55669061915,49912.57339678951,50360.73077840142,50694.00428798786,50887.112866213545,51818.71826689231,52176.69552463441,1162.9099174407954,-62,51136.694828856715,True,aggregate_independent_posterior_pairing
downtown,historical_model_estimate,2025-02-28,2024-12-28,9382.636351797973,9721.860639060063,10173.69383634959,10282.541243135212,10473.56370111027,10731.020352506355,10965.627002612151,11108.063342388752,11207.578280545087,11687.961449483717,11872.769342247959,616.3784980612329,-62,11534.42070938507,True,2025-02-28_downtown
fscoffee,historical_model_estimate,2025-02-28,2024-12-28,12223.080369158431,12361.468603547288,12811.137009962,12886.529492894711,13042.689169496301,13223.439202373345,13403.653488963875,13537.86055775958,13650.840502348103,14051.240541888388,14224.18432383964,505.7621743191251,-62,13195.19697389038,True,2025-02-28_fscoffee
hurricane,historical_model_estimate,2025-02-28,2024-12-28,13360.754975091691,13499.41458479246,13944.601722235848,14059.28393432906,14246.408722435515,14494.02616966423,14731.871132334256,14911.039881183442,15017.457318256691,15622.206632008016,15838.147310099072,634.7628278478562,-62,15051.25267256693,True,2025-02-28_hurricane
springdale,historical_model_estimate,2025-02-28,2024-12-28,10396.700771769178,10593.120042140514,11026.887775622768,11125.077969158712,11288.936639948632,11512.515892833391,11724.08391694243,11868.714115309103,11951.200427094063,12332.83572449175,12570.920701875344,558.8623169234646,-62,11355.824473014332,True,2025-02-28_springdale
all,historical_model_estimate,2025-02-28,2024-12-29,46001.42255265135,46225.123294002464,47068.45144618343,47268.7451643783,47652.195786372344,48142.95498238277,48618.175217434495,48886.616747257816,49077.808789517716,50006.29506778824,50378.28221494276,1167.2216558389155,-61,,False,aggregate_independent_posterior_pairing
downtown,historical_model_estimate,2025-02-28,2024-12-29,8718.356131667004,8903.852078603206,9414.359948316423,9502.71062002848,9687.893776208355,9941.194500882382,10191.305447891351,10398.327655989257,10505.716381111459,11019.33420215379,11248.459779518531,646.0946444501631,-61,10623.286754066685,True,2025-02-28_downtown
fscoffee,historical_model_estimate,2025-02-28,2024-12-29,12552.172623231805,12710.609966409322,13169.375913843629,13232.763720280716,13375.789884999624,13562.409623360247,13782.944070260568,13925.795218826537,14015.050094794373,14465.331390349033,14637.978650805446,525.7054450619429,-61,13954.42925853967,True,2025-02-28_fscoffee
hurricane,historical_model_estimate,2025-02-28,2024-12-29,13121.632009914107,13331.2369415749,13808.077934292674,13923.639522313933,14063.657633520712,14280.426940538358,14473.53277025129,14651.435420925443,14769.886363958072,15243.558480493266,15386.263657197964,568.5517288514502,-61,14559.98537723228,True,2025-02-28_hurricane
springdale,historical_model_estimate,2025-02-28,2024-12-29,9255.15764236968,9427.817590875773,9834.545288680869,9951.198563715192,10106.639669432281,10292.451055034671,10469.855499827143,10654.063063374628,10718.476492881682,11193.15436693974,11390.009874788606,534.7598487333836,-61,,False,2025-02-28_springdale
all,historical_model_estimate,2025-02-28,2024-12-30,45290.8441520775,45595.598905104205,46576.940847476275,46804.912634236454,47110.90929429388,47614.15744078241,48091.94148567219,48345.82262447688,48498.735262217786,49332.01354860703,49581.60126051043,1134.193202382265,-60,47679.79984854929,True,aggregate_independent_posterior_pairing
downtown,historical_model_estimate,2025-02-28,2024-12-30,7807.231297093214,8022.608060198571,8603.302882827522,8692.36788515142,8869.022022685655,9101.909990851229,9351.557565837451,9535.008304350444,9635.913117301785,10089.300743835553,10300.37386809697,626.3047861610838,-60,8553.62317636269,True,2025-02-28_downtown
fscoffee,historical_model_estimate,2025-02-28,2024-12-30,13645.53465567355,13759.63339864414,14088.86780958828,14163.718059837582,14350.6673845095,14544.176954899853,14748.019987640067,14910.670277627283,14987.106814169209,15399.742522366658,15593.960105847882,510.4964688772965,-60,15283.391253093958,True,2025-02-28_fscoffee
hurricane,historical_model_estimate,2025-02-28,2024-12-30,12414.069769547119,12660.268802969542,13074.296660462556,13186.761467702416,13347.084542089382,13550.684115737273,13741.20490021549,13874.194929065568,13962.457078584743,14465.50361453612,14676.590318242957,555.9997307067708,-60,13646.1557817494,True,2025-02-28_hurricane
springdale,historical_model_estimate,2025-02-28,2024-12-30,9284.160935797103,9430.030555909856,9868.473838987737,9982.758736146548,10149.764971454382,10371.267597450282,10594.628443012805,10756.517627984935,10842.083202079482,11250.360587816527,11376.52006394613,553.2948031262775,-60,10196.629637343249,True,2025-02-28_springdale
all,historical_model_estimate,2025-02-28,2024-12-31,45848.02629944688,46113.205403566055,46984.26515025107,47203.693028492096,47492.68023932769,47930.526410470775,48366.68938635521,48647.989104622444,48864.29397402229,49946.546335156454,50127.99674647183,1138.5532727777108,-59,,False,aggregate_independent_posterior_pairing
downtown,historical_model_estimate,2025-02-28,2024-12-31,7963.723322329414,8173.630970981713,8642.702224518356,8743.621762583856,8911.321248813234,9183.87807234931,9431.06324463649,9615.558819326952,9683.814758065522,10196.407086801093,10425.789318540244,624.7775331869941,-59,,False,2025-02-28_downtown
fscoffee,historical_model_estimate,2025-02-28,2024-12-31,14081.266775225104,14212.506993614137,14595.813474521916,14698.101334909872,14851.878061010042,15051.05741769888,15264.878938216747,15408.81991832472,15496.494917106764,15885.93934074219,16043.279403682218,512.5956739841118,-59,15117.21384099198,True,2025-02-28_fscoffee
hurricane,historical_model_estimate,2025-02-28,2024-12-31,11743.04999554572,11908.535347835083,12319.61267896973,12400.492684744015,12554.453087521912,12811.478116159193,13008.500941668417,13153.094490224385,13239.46053075758,13708.44985378348,13873.601903000228,547.7515593456023,-59,13383.324637289055,True,2025-02-28_hurricane
springdale,historical_model_estimate,2025-02-28,2024-12-31,9928.207027363651,10059.361349497574,10452.745441021434,10557.02861522881,10700.488906593942,10917.526924684891,11127.114508319484,11302.315945521914,11381.029642305688,11799.741707236635,11938.75527609208,532.3733668222502,-59,11500.767476635832,True,2025-02-28_springdale
all,historical_model_estimate,2025-02-28,2025-01-01,47782.844591085406,48078.980698869425,48941.24826551088,49130.541715914485,49588.62856932731,49939.815745786764,50378.676795918844,50760.5557911898,50951.26944490206,51966.9916123173,52254.376477352234,1158.7521533393156,-58,49766.66694893973,True,aggregate_independent_posterior_pairing
downtown,historical_model_estimate,2025-02-28,2025-01-01,8629.273814662074,8829.375150375483,9360.19586679828,9495.517964400737,9676.816137972262,9940.252719385067,10192.954040710807,10395.503959866963,10516.07628963686,10983.440962996861,11190.105239782786,657.4093136220116,-58,9517.117380181176,True,2025-02-28_downtown
fscoffee,historical_model_estimate,2025-02-28,2025-01-01,14051.201034621543,14193.02414672228,14541.708368052477,14617.72737245862,14764.256385140083,14987.287559496657,15206.683167104144,15346.963103628776,15427.083711037401,15831.660258304206,15975.026612475036,518.7966630906157,-58,15108.155583729022,True,2025-02-28_fscoffee
hurricane,historical_model_estimate,2025-02-28,2025-01-01,11662.727486717216,11855.130905268412,12336.240964103097,12446.187951863294,12596.270061442227,12804.476427434445,13032.668500674183,13195.061259956228,13287.840928492804,13683.585379107804,13852.594203208226,560.0444603409077,-58,13266.748468759692,True,2025-02-28_hurricane
springdale,historical_model_estimate,2025-02-28,2025-01-01,11156.159216410782,11387.091866018114,11787.312466293235,11856.49041736086,12018.555717540272,12223.04685829446,12420.239969893018,12583.989689049096,12675.73523838171,13189.535301839644,13330.287128188387,550.1341821652394,-58,11874.645516269837,True,2025-02-28_springdale
all,historical_model_estimate,2025-02-28,2025-01-02,48366.93792066252,48855.071775043674,49752.16712718465,49949.60071242789,50298.18295306626,50721.68340266522,51154.85911125355,51483.33646892729,51649.26278931611,52438.06084511288,52773.58264467532,1096.0257075995337,-57,49664.786645429755,True,aggregate_independent_posterior_pairing
downtown,historical_model_estimate,2025-02-28,2025-01-02,9475.050562871731,9669.781977801485,10247.70736767126,10375.973007658908,10550.02105871215,10789.97409153431,11025.991488026266,11214.39399176765,11337.862988776882,11801.738776168959,12022.787503798007,651.0132621147909,-57,10969.65778523075,True,2025-02-28_downtown
fscoffee,historical_model_estimate,2025-02-28,2025-01-02,13194.663337582278,13370.131462043559,13700.011502384928,13773.552670091743,13932.28319865884,14113.939935452985,14295.417998212948,14451.603202442584,14552.59304130711,14922.656541074983,15085.292586492262,487.31462731440763,-57,13386.129115945909,True,2025-02-28_fscoffee
hurricane,historical_model_estimate,2025-02-28,2025-01-02,12120.625380038337,12388.157305248173,12804.79459092647,12880.489526224352,13027.700310272357,13226.278030255195,13450.017818174407,13613.155217492602,13712.32332276546,14171.437282057901,14312.49172196035,555.4333875875919,-57,13766.40216709446,True,2025-02-28_hurricane
springdale,historical_model_estimate,2025-02-28,2025-01-02,11387.054509623738,11620.468493271896,12097.668375175106,12177.13084816654,12331.205193383203,12532.784942234808,12760.867069462476,12915.490402742202,13015.66750796243,13462.069663680488,13668.926564349576,562.5322011193703,-57,11542.597577158633,True,2025-02-28_springdale
all,historical_model_estimate,2025-02-28,2025-01-03,48475.41218281304,48889.828225419646,49679.464618427395,49917.64833690048,50290.891960490975,50723.36559270392,51131.8594381641,51483.83944311959,51689.87966233542,52610.41882006993,52942.96920461065,1151.7079462187896,-56,50556.85744589726,True,aggregate_independent_posterior_pairing
downtown,historical_model_estimate,2025-02-28,2025-01-03,9841.648878891825,10053.557049624655,10516.611338247401,10616.147914777386,10809.820274209545,11025.969415659012,11299.68018361001,11486.075229148239,11576.747444195398,12078.478104490943,12271.100479390245,622.2177764173069,-56,10702.934897190446,True,2025-02-28_downtown
fscoffee,historical_model_estimate,2025-02-28,2025-01-03,12218.670495958777,12371.414986785729,12864.37815129261,12946.577775821943,13091.08602265072,13279.551282762406,13512.860979312478,13691.36973286754,13769.725365745348,14138.592054655515,14301.168924384763,535.4416282211644,-56,13826.56271296965,True,2025-02-28_fscoffee
hurricane,historical_model_estimate,2025-02-28,2025-01-03,12880.939214454924,13044.703022131902,13502.519707942185,13596.381686229315,13762.161962650825,13951.161302555414,14182.051487464343,14370.259986405174,14458.195641076862,14882.309499671148,15097.77335937985,560.8399872112236,-56,14483.285540288744,True,2025-02-28_hurricane
springdale,historical_model_estimate,2025-02-28,2025-01-03,11325.598726159056,11498.657670705912,11916.04488517994,12000.947809046424,12164.428779880805,12394.430011413478,12576.65447187866,12740.513281184647,12825.012177044691,13335.647437740932,13442.026297294338,547.743636528245,-56,11544.074295448418,True,2025-02-28_springdale
all,historical_model_estimate,2025-02-28,2025-01-04,47944.847837039175,48278.97238691489,49193.75833389041,49386.55757484812,49713.896116434844,50169.93177981287,50566.92644752955,50920.795744490286,51091.444932931554,52016.93094526589,52340.3958939277,1113.5624686648189,-55,50739.289668332654,True,aggregate_independent_posterior_pairing
downtown,historical_model_estimate,2025-02-28,2025-01-04,9632.740214738009,9808.212631933975,10309.05538262885,10423.41360678271,10626.098612887392,10867.34624676522,11071.887624381197,11266.132464487346,11376.508328470538,11839.520323193205,12028.557849292694,616.8297748050437,-55,11048.018452471491,True,2025-02-28_downtown
fscoffee,historical_model_estimate,2025-02-28,2025-01-04,12298.975107299833,12476.208987389351,12920.808581901523,12989.313617135138,13141.964978413715,13350.096971934814,13516.257986871617,13668.213385837138,13747.366604430083,14153.678104609053,14260.18765873343,500.76761128217294,-55,13505.98565555488,True,2025-02-28_fscoffee
hurricane,historical_model_estimate,2025-02-28,2025-01-04,13520.250205481289,13667.058583004096,14142.438466676915,14244.87141399914,14449.0031140615,14682.738944716231,14873.925559735722,15033.020269566374,15118.167871757547,15667.561956976833,15832.614008842987,587.4510694424785,-55,14359.091117870285,True,2025-02-28_hurricane
springdale,historical_model_estimate,2025-02-28,2025-01-04,10283.326800809402,10475.256861625909,10883.880146974432,10956.719175799435,11118.465702706491,11314.658537156574,11520.740385104458,11656.172870638244,11747.394319954014,12124.703557126384,12331.221341418077,508.6464476725143,-55,11826.194442436,True,2025-02-28_springdale
all,historical_model_estimate,2025-02-28,2025-01-05,46675.65503823055,47018.426062517414,47892.8180142074,48076.70389896593,48392.805077875906,48798.138042748,49252.15544150682,49559.10561545887,49727.80790607133,50616.08974233968,50994.79419872097,1105.856908366896,-54,48824.07768353161,True,aggregate_independent_posterior_pairing
downtown,historical_model_estimate,2025-02-28,2025-01-05,8821.110810847184,9033.504025861794,9490.677614681535,9600.017366928532,9773.504660980208,10006.207570574956,10250.070332948784,10433.695388479904,10531.665070009625,11058.173551805445,11226.277223130963,616.2758152392609,-54,9624.757944111332,True,2025-02-28_downtown
fscoffee,historical_model_estimate,2025-02-28,2025-01-05,12790.813789590224,12916.362904948215,13341.113523151535,13437.531572413143,13580.407937303315,13785.530291968067,13969.332402825992,14129.774725026447,14208.885652184252,14607.598854544118,14764.710734319056,508.6330158924087,-54,13944.259688164728,True,2025-02-28_fscoffee
hurricane,historical_model_estimate,2025-02-28,2025-01-05,13483.983940591042,13631.464544740084,14125.368237844477,14190.026600732966,14359.612041831084,14549.561147079468,14736.13482750873,14891.252150489967,14980.057451871899,15521.08520046487,15659.011970339985,550.2847351492246,-54,15052.160769498934,True,2025-02-28_hurricane
springdale,historical_model_estimate,2025-02-28,2025-01-05,9412.382232319918,9601.799287983593,10041.85778780744,10127.795978849748,10267.718197292766,10450.955505793328,10676.53687066172,10837.0673462302,10924.442203158083,11322.824359788625,11541.486578915785,535.9772434408249,-54,10202.899281756609,True,2025-02-28_springdale
all,historical_model_estimate,2025-02-28,2025-01-06,45477.72174008667,45822.97448058802,46783.237172719455,47049.98045813878,47344.548615177664,47733.16180200303,48149.26082511648,48474.07106287398,48642.126658525725,49623.99043197568,49864.37800004174,1109.6847663183116,-53,48367.2695600044,True,aggregate_independent_posterior_pairing
downtown,historical_model_estimate,2025-02-28,2025-01-06,7845.861526749421,8024.956639106314,8541.91326949819,8643.556864889591,8821.592290790011,9064.204321743378,9288.976464768957,9467.903681078882,9579.121704976547,10083.657285494726,10244.664715950092,620.233394251036,-53,8959.623670318495,True,2025-02-28_downtown
fscoffee,historical_model_estimate,2025-02-28,2025-01-06,13741.863674741062,13881.91773585258,14256.725741229213,14349.786939394786,14471.681418039896,14658.434398468313,14870.217275664096,15008.962731793805,15102.669513200177,15488.348944184716,15641.100458625686,492.64897855109535,-53,14795.205980982882,True,2025-02-28_fscoffee
hurricane,historical_model_estimate,2025-02-28,2025-01-06,12658.410107833226,12828.899780347383,13291.734601201826,13394.320777022975,13575.299759859003,13768.085750259863,13982.012919699384,14133.501363217521,14215.791183471116,14691.27968524591,14828.11665372642,555.9728960962809,-53,13790.65410408841,True,2025-02-28_hurricane
springdale,historical_model_estimate,2025-02-28,2025-01-06,9145.779441769953,9358.811311375193,9780.573989472256,9870.661780174425,10026.44354438404,10261.123789115129,10450.751475009554,10595.808507386355,10701.390652590226,11077.95380194208,11220.745091764333,545.4548787348579,-53,10821.785804614612,True,2025-02-28_springdale
all,historical_model_estimate,2025-02-28,2025-01-07,45904.412873948764,46126.723695744455,47002.14611083909,47207.79248846523,47544.86015779902,47970.88759791905,48425.96001282374,48734.04886596748,48898.95497429786,49831.20846922139,50106.99836461447,1126.9348323740187,-52,,False,aggregate_independent_posterior_pairing
downtown,historical_model_estimate,2025-02-28,2025-01-07,7948.519981704855,8110.02945201251,8658.791406083483,8773.63254315345,8968.171016392527,9229.379715489573,9482.312853561787,9673.071907588192,9771.988372085276,10313.209076332978,10459.585558637116,658.6384442360992,-52,9117.191176300876,True,2025-02-28_downtown
fscoffee,historical_model_estimate,2025-02-28,2025-01-07,14147.982939978285,14289.286308548224,14641.014462596386,14729.800595570425,14898.28053955431,15086.75990970203,15299.331464472007,15445.74876167343,15518.544221682483,15919.018722119114,16108.456013743642,510.13662292309635,-52,15760.997977971258,True,2025-02-28_fscoffee
hurricane,historical_model_estimate,2025-02-28,2025-01-07,11988.307166299257,12130.571002769615,12605.821379425393,12702.772963895779,12843.344480372962,13042.363146871943,13249.457790622244,13429.1606727057,13520.148818447797,13943.358416904268,14113.26464642315,546.4937359929279,-52,13029.438315810525,True,2025-02-28_hurricane
springdale,historical_model_estimate,2025-02-28,2025-01-07,9546.337919778674,9763.95880193759,10163.478002972828,10232.048774934367,10395.24201366275,10596.680771532088,10800.2406510626,10988.102111881755,11069.98158175223,11507.212749560642,11695.567446688065,535.0373580807563,-52,,False,2025-02-28_springdale
all,historical_model_estimate,2025-02-28,2025-01-08,48153.22244237446,48517.08533588712,49275.85546626059,49477.52031116758,49807.1058765983,50201.94452222062,50612.46150546033,50885.85326050751,51081.07773540165,52067.62589873129,52433.87484270928,1090.9788822605035,-51,48949.24150960089,True,aggregate_independent_posterior_pairing
downtown,historical_model_estimate,2025-02-28,2025-01-08,8704.53009291302,8851.779374032927,9376.197807501072,9463.886957848454,9661.806090142227,9894.310701133723,10169.270234978732,10351.755950895275,10451.443625409176,10959.106828558028,11165.860293473383,638.9416879992168,-51,9678.902593379664,True,2025-02-28_downtown
fscoffee,historical_model_estimate,2025-02-28,2025-01-08,14095.383678642831,14244.02953751667,14749.540680881597,14827.76082424942,14977.772185356296,15181.651068590796,15344.689428398686,15479.650202140703,15555.737045381446,15944.276759991073,16133.409407740945,506.9391356950849,-51,14261.48797308553,True,2025-02-28_fscoffee
hurricane,historical_model_estimate,2025-02-28,2025-01-08,12086.44997821709,12184.909241842466,12569.112158419575,12674.90110038462,12813.790323168047,13017.679989632787,13239.369509604418,13417.702183062887,13506.406202035658,13980.611048459916,14145.196438564602,543.7750095754658,-51,13285.670403354785,True,2025-02-28_hurricane
springdale,historical_model_estimate,2025-02-28,2025-01-08,11093.576502219183,11253.026076245429,11646.180901208418,11737.632172869797,11894.753253917233,12091.638999639965,12330.775152511287,12482.19787054421,12561.124263953108,13000.785754603228,13162.222773917565,542.952550292987,-51,11723.180539780911,True,2025-02-28_springdale
all,historical_model_estimate,2025-02-28,2025-01-09,48599.29139664449,49020.0013532901,49904.09895210466,50072.0285245593,50362.43649029335,50743.55301884527,51177.382831793824,51531.99166387339,51700.5650976274,52695.14588194278,52927.7848874265,1113.2644759471093,-50,50115.23453558096,True,aggregate_independent_posterior_pairing
downtown,historical_model_estimate,2025-02-28,2025-01-09,9561.583288290201,9759.675714151965,10244.825421075891,10365.043018867986,10540.42036836209,10823.804745895628,11086.591537171913,11250.377823444467,11330.808021181878,11807.530102899911,12053.422679117793,646.6123998669005,-50,9562.829198823008,True,2025-02-28_downtown
fscoffee,historical_model_estimate,2025-02-28,2025-01-09,13053.42178953817,13183.93731733943,13630.800655158533,13698.631501652084,13883.952083815773,14080.267531458354,14288.714204610871,14428.5700976662,14519.548392847631,14978.773087294176,15159.155035731348,536.8356715590705,-50,14229.05852752169,True,2025-02-28_fscoffee
hurricane,historical_model_estimate,2025-02-28,2025-01-09,12371.722886929098,12552.238702302007,13044.32719587941,13126.140946274349,13299.024664970728,13465.114228087463,13690.742076546765,13846.761395071611,13933.950942006517,14403.330472427102,14586.88331063451,555.8086062357121,-50,13885.326583912622,True,2025-02-28_hurricane
springdale,historical_model_estimate,2025-02-28,2025-01-09,11370.564633323474,11561.864563521134,11951.039889285157,12060.25962224591,12199.770781915657,12435.429293354435,12648.66853064869,12813.591190419924,12888.26113051211,13309.526640841712,13419.972890388579,542.7185630613127,-50,12438.02022532364,True,2025-02-28_springdale
all,historical_model_estimate,2025-02-28,2025-01-10,48623.553949011126,48953.19437396397,49826.67445386265,49998.8826015569,50359.64341505019,50809.15028112814,51166.084183111285,51528.82650757152,51704.69247750183,52695.043239937135,52935.614868430086,1120.4817969251126,-49,51394.56344209828,True,aggregate_independent_posterior_pairing
downtown,historical_model_estimate,2025-02-28,2025-01-10,9680.363199456559,9879.957315817373,10386.886517546107,10497.626251967446,10697.110558344284,10952.721203044948,11182.320148760557,11371.717848163851,11467.787158262312,11942.257474217677,12139.234295446966,639.6804693771987,-49,11185.114917874937,True,2025-02-28_downtown
fscoffee,historical_model_estimate,2025-02-28,2025-01-10,12436.315257083268,12561.220310545941,12942.976775024532,13028.691265330577,13176.591566654313,13362.645293100826,13580.287514073227,13724.924552673157,13816.102829103915,14195.277214437649,14430.527670760306,515.9575732057776,-49,13282.62668960403,True,2025-02-28_fscoffee
hurricane,historical_model_estimate,2025-02-28,2025-01-10,13019.759533989867,13212.373018149065,13727.05144908307,13825.576373318765,13965.595396931289,14220.487315362105,14395.180738859039,14536.911320908863,14613.943134600187,15059.791956917175,15199.863848328963,550.5734662939517,-49,14462.386686577032,True,2025-02-28_hurricane
springdale,historical_model_estimate,2025-02-28,2025-01-10,11236.684335534077,11392.946227021324,11836.068806306252,11927.030205765048,12092.554927377056,12303.041620027667,12501.466688490487,12669.002066494879,12772.195103832826,13184.86328155526,13389.360018028468,547.7233556052535,-49,12464.435148042288,True,2025-02-28_springdale
all,historical_model_estimate,2025-02-28,2025-01-11,48090.41597704974,48402.4224482754,49338.32978739384,49581.98447905108,49968.52068005295,50400.81116435307,50890.60706901438,51264.61684349737,51468.44418335816,52382.9562199168,52742.77293817148,1201.1559438903414,-48,52875.695787981516,True,aggregate_independent_posterior_pairing
downtown,historical_model_estimate,2025-02-28,2025-01-11,9603.137403078337,9776.842161176268,10237.872073091841,10360.966695412455,10540.098322228201,10808.413291999172,11040.048813817157,11251.801121687065,11320.612851030588,11850.008148771783,12059.072584950325,632.0782107692926,-48,11043.20685348192,True,2025-02-28_downtown
fscoffee,historical_model_estimate,2025-02-28,2025-01-11,12414.328633974777,12531.50566208096,12981.788453306926,13079.617552284766,13227.7574738987,13421.801495664575,13611.12601771794,13758.74839613197,13844.384536844176,14219.187486605133,14427.621337741284,519.099711104838,-48,14456.600011879143,True,2025-02-28_fscoffee
hurricane,historical_model_estimate,2025-02-28,2025-01-11,13769.264672645077,13940.509158399536,14316.900477243527,14411.57458670531,14572.978828849627,14783.460182817389,15044.210032561812,15200.875282049052,15269.380949354474,15697.87466166816,15822.448501118628,548.2022950768222,-48,15405.423268906336,True,2025-02-28_hurricane
springdale,historical_model_estimate,2025-02-28,2025-01-11,10260.351100194399,10486.211302081647,10943.067368341055,11039.769995809711,11181.83907757806,11407.687954852721,11631.022255096403,11760.486891541881,11860.123569664518,12332.079438277717,12501.499201394632,564.4921169780495,-48,11970.465653714116,True,2025-02-28_springdale
all,historical_model_estimate,2025-02-28,2025-01-12,46914.49958930917,47298.47419595032,48162.15424424632,48356.15781067653,48660.72745460915,49117.8967666205,49561.91218648471,49872.326063460314,50069.92017721633,51171.907035984106,51519.28700724895,1142.2364214733618,-47,48738.301437216236,True,aggregate_independent_posterior_pairing
downtown,historical_model_estimate,2025-02-28,2025-01-12,8601.301276864833,8809.71538284376,9383.414649496131,9474.523174716587,9685.517390996398,9921.153001225754,10180.097939390074,10351.365337853693,10455.505107356104,11035.9261840926,11249.334171241104,660.8174238632827,-47,9896.469900593927,True,2025-02-28_downtown
fscoffee,historical_model_estimate,2025-02-28,2025-01-12,12893.375001249196,13129.587543210479,13517.142097836615,13598.306633610177,13758.307889995865,13945.865515509646,14144.41767993463,14270.31162530574,14362.817855062362,14821.181391052212,14941.891897645279,515.5763527930782,-47,14690.80176457702,True,2025-02-28_fscoffee
hurricane,historical_model_estimate,2025-02-28,2025-01-12,13703.821115734361,13783.377649619959,14342.268091391155,14417.926912313935,14552.78014985961,14772.949203396405,14980.878234164547,15138.042203472427,15216.273106780269,15638.23119793545,15778.426416079968,536.2066928974943,-47,14278.525061791335,True,2025-02-28_hurricane
springdale,historical_model_estimate,2025-02-28,2025-01-12,9388.29288638808,9598.524728060054,10044.339550369898,10135.381069252719,10281.452883249305,10522.277888038712,10728.40201542656,10857.368401427932,10943.23964031174,11374.82250396298,11518.38378437962,545.3531868948957,-47,9872.504710253956,True,2025-02-28_springdale
all,historical_model_estimate,2025-02-28,2025-01-13,45780.27283912778,46285.00380910387,47205.05515672828,47382.08017640582,47754.28640589077,48150.846957136644,48615.49882293403,48935.75162266595,49145.04864055112,49947.51635616113,50525.45096029379,1149.9135029662784,-46,48633.53719616405,True,aggregate_independent_posterior_pairing
downtown,historical_model_estimate,2025-02-28,2025-01-13,7744.6487490166055,7908.3852699134995,8455.155802264377,8564.759065038974,8731.14446817794,8952.533739689918,9231.771013511527,9391.140793794943,9496.920437458186,10020.596507926426,10230.985958286486,627.5994454263853,-46,9725.246223676166,True,2025-02-28_downtown
fscoffee,historical_model_estimate,2025-02-28,2025-01-13,13912.768173732153,14078.922676371609,14496.874627443214,14550.8610025798,14680.056334798546,14887.70510879914,15109.076255101174,15259.49133060615,15341.590907949949,15795.95220801025,15910.444304733459,528.2134434467382,-46,14725.688798096257,True,2025-02-28_fscoffee
hurricane,historical_model_estimate,2025-02-28,2025-01-13,12837.957197585558,13084.177774160231,13485.460757180836,13584.92428514297,13747.319286619044,13972.21745826826,14200.842334080991,14330.888529417127,14405.299212819267,14806.250340521818,15035.365381621998,543.918120475199,-46,13658.694401973928,True,2025-02-28_hurricane
springdale,historical_model_estimate,2025-02-28,2025-01-13,9269.602140069783,9414.799102016479,9828.274645831467,9930.11315330493,10085.808736115763,10278.424544604946,10515.525779968211,10694.40828790985,10823.2421944249,11314.365821288073,11447.962030374869,569.6442130611474,-46,10523.907772417706,True,2025-02-28_springdale
all,historical_model_estimate,2025-02-28,2025-01-14,46730.942449917704,46906.53733347867,47769.30502337632,47939.94747572727,48258.57157446526,48652.26928226337,49104.158986268354,49482.30950039414,49646.63619533331,50373.33273404958,50700.444248607106,1067.2532593243202,-45,47718.4304696139,True,aggregate_independent_posterior_pairing
downtown,historical_model_estimate,2025-02-28,2025-01-14,8163.131934082324,8294.574302172796,8734.860662265026,8814.415756139813,8996.899818437732,9223.946415692364,9441.081690817638,9631.5655167421,9737.82594380064,10187.691284529503,10404.833518130188,595.9260546255839,-45,8608.73571178104,True,2025-02-28_downtown
fscoffee,historical_model_estimate,2025-02-28,2025-01-14,14272.713235971423,14452.123673644848,14924.558575684689,15011.55577639608,15128.000043305681,15315.140582245249,15539.290974607538,15702.434823061405,15810.155629182278,16241.591870108645,16484.775177342843,534.9047049626355,-45,14778.5872568143,True,2025-02-28_fscoffee
hurricane,historical_model_estimate,2025-02-28,2025-01-14,12110.667855920623,12309.15999695399,12730.838986521936,12846.544935312955,12996.870467864443,13206.008870883219,13403.918009441155,13537.053621590105,13626.248245944063,14026.193798340546,14233.319463853504,535.7261105519673,-45,13626.734474053055,True,2025-02-28_hurricane
springdale,historical_model_estimate,2025-02-28,2025-01-14,9839.928709053675,10004.21605584255,10451.24631483786,10526.22877895488,10692.585577572461,10899.576373071133,11102.570485147495,11283.473476772753,11394.79553978018,11851.221924404785,11960.367960653113,556.133661577825,-45,10704.37302696551,True,2025-02-28_springdale
all,historical_model_estimate,2025-02-28,2025-01-15,48846.10674423115,49216.90697074889,50095.03231674378,50296.616491449924,50652.0251032556,51117.15822888505,51534.77001101081,51907.207291628736,52062.480479248574,52997.47124462788,53357.6015812154,1157.0714418357857,-44,52961.67679358285,True,aggregate_independent_posterior_pairing
downtown,historical_model_estimate,2025-02-28,2025-01-15,8608.22670320716,8862.950138364427,9371.96979619419,9467.132119003189,9649.235945818225,9896.21948059374,10153.539556364985,10331.416309157597,10436.813089092659,10939.900390669758,11170.700020037211,643.6031536076639,-44,10151.399843857676,True,2025-02-28_downtown
fscoffee,historical_model_estimate,2025-02-28,2025-01-15,14221.793235383771,14356.431380980783,14740.248630286818,14835.948281292178,14976.462986520357,15170.100803840854,15362.016419096717,15503.734805039338,15600.451881905317,16053.750117545125,16199.192503959366,510.0701545705086,-44,14603.137736686633,True,2025-02-28_fscoffee
hurricane,historical_model_estimate,2025-02-28,2025-01-15,12064.64185747792,12231.72247100455,12708.937190797616,12784.482144149599,12940.734560757131,13154.30113741896,13359.794918713238,13526.080183292732,13634.00559086922,14062.466030978789,14216.02568134328,555.3124647069179,-44,14454.56082233978,True,2025-02-28_hurricane
springdale,historical_model_estimate,2025-02-28,2025-01-15,11706.000548416887,11893.077169729337,12344.542386616522,12450.500387322956,12620.490949615069,12864.626858747062,13106.842225360455,13296.428742981296,13410.592702448219,13850.588109586412,14036.732725978427,608.3684590977767,-44,13752.578390698756,True,2025-02-28_springdale
all,historical_model_estimate,2025-02-28,2025-01-16,49882.70072855685,50224.55159202368,51079.99886678077,51245.260030779784,51576.53113176701,51991.834789236804,52451.70154113453,52728.35314690888,52967.98704979947,53869.89075438712,54125.68363771986,1104.5803259989846,-43,51627.458072835434,True,aggregate_independent_posterior_pairing
downtown,historical_model_estimate,2025-02-28,2025-01-16,9396.82196356188,9683.33399644813,10228.191205562127,10353.205569610893,10529.63231986627,10767.627456740298,10994.826733052421,11170.506652062708,11268.58418722479,11752.373363559644,11934.643811836315,649.3871312950839,-43,10978.559749218082,True,2025-02-28_downtown
fscoffee,historical_model_estimate,2025-02-28,2025-01-16,13230.492898236313,13387.865139867967,13825.141454765891,13911.461469133043,14047.431895297372,14236.634211035156,14416.870343959787,14562.62186535042,14659.585781325122,15072.438606350428,15212.685459080703,503.3627990484095,-43,13504.97600578395,True,2025-02-28_fscoffee
hurricane,historical_model_estimate,2025-02-28,2025-01-16,12750.427657458587,12865.96496305416,13268.228669294482,13380.873773717738,13542.170202959931,13729.223760887598,13926.537516577062,14073.572988705544,14133.297997870577,14547.481485929799,14742.37179219413,516.1889830631364,-43,12405.84818781989,True,2025-02-28_hurricane
springdale,historical_model_estimate,2025-02-28,2025-01-16,12107.051431958194,12299.613530366903,12792.79239131561,12916.152206657569,13104.519537283035,13324.340499937018,13546.331741987775,13719.17535513048,13815.171081461582,14221.079074528057,14411.296766842928,594.7252046790269,-43,14738.074130013509,True,2025-02-28_springdale
all,historical_model_estimate,2025-02-28,2025-01-17,49961.17842306168,50316.13827031453,51109.9831413932,51368.93418603569,51681.44277099592,52101.91462377897,52527.030431953084,52837.17613233396,52981.006272618404,53839.10016061172,54374.67085461733,1112.0627305672806,-42,51244.634532036565,True,aggregate_independent_posterior_pairing
downtown,historical_model_estimate,2025-02-28,2025-01-17,9834.180965682433,10041.836347278937,10565.641362584744,10670.702204007805,10857.53541562148,11108.68271101392,11333.663395804173,11544.222973457789,11648.012276957523,12165.852337342905,12322.694208910334,634.7166505384273,-42,11600.658547025858,True,2025-02-28_downtown
fscoffee,historical_model_estimate,2025-02-28,2025-01-17,12402.206918644157,12529.70679971485,12942.4639273511,13042.515125748578,13165.95757488948,13391.818334732436,13584.905701364709,13717.223115771754,13793.059887507814,14211.157902132758,14346.494366572695,507.3935354522806,-42,13033.33115572519,True,2025-02-28_fscoffee
hurricane,historical_model_estimate,2025-02-28,2025-01-17,13207.453330314822,13382.950625711097,13810.540828888537,13926.589680495166,14097.396303870517,14305.335851937565,14486.287819060195,14667.40571299229,14757.656172915118,15238.063466007316,15389.851973540332,555.4166194659748,-42,14069.405389353766,True,2025-02-28_hurricane
springdale,historical_model_estimate,2025-02-28,2025-01-17,12072.225100530506,12282.288002959347,12803.762105047947,12891.176461156774,13078.103732148415,13331.54071481538,13554.595755082082,13747.140141445894,13845.625379194247,14239.139350047093,14437.412636221095,604.3677361729189,-42,12541.239439931758,True,2025-02-28_springdale
all,historical_model_estimate,2025-02-28,2025-01-18,49371.297966185266,49828.67572343451,50590.55682984412,50796.80844871319,51100.34513113356,51573.645555051226,52000.85331343954,52325.18533395149,52557.511699758754,53360.32498610696,53623.42554335967,1112.8867590139869,-41,52532.10645396968,True,aggregate_independent_posterior_pairing
downtown,historical_model_estimate,2025-02-28,2025-01-18,9627.06631565735,9843.250860037946,10401.91347659823,10501.81355037372,10698.205407036434,10936.203925450045,11162.348523309302,11328.714671052127,11399.088366295153,11881.280658864864,12122.530223282754,623.1329626039351,-41,11240.600971421758,True,2025-02-28_downtown
fscoffee,historical_model_estimate,2025-02-28,2025-01-18,12407.766276863498,12603.453244679917,12993.98796695958,13061.493131743082,13185.335614670184,13409.959578424852,13620.244791751,13755.485839887519,13832.470374283012,14273.297800600361,14419.86604310356,513.9080742677262,-41,13770.73621921559,True,2025-02-28_fscoffee
hurricane,historical_model_estimate,2025-02-28,2025-01-18,13837.383505403473,13995.24608269411,14429.256356510785,14523.359307093695,14667.251227596787,14867.262714606895,15086.324908252522,15240.250516811462,15320.710954056178,15757.534939054827,15908.048294326734,536.067319394586,-41,15100.434193589968,True,2025-02-28_hurricane
springdale,historical_model_estimate,2025-02-28,2025-01-18,11181.415331461621,11377.419042590567,11869.970460837918,11973.672871736424,12142.239194962318,12394.979166352858,12616.858830938083,12794.884239336756,12883.10110343778,13339.886311365446,13527.309184129575,598.8678274896115,-41,12420.335069742358,True,2025-02-28_springdale
all,historical_model_estimate,2025-02-28,2025-01-19,46943.92110939669,47266.23377364466,48115.47809882938,48313.84695208429,48661.665580508125,49149.747855609545,49544.06015720015,49902.41443093988,50111.68853441589,50987.23369032901,51408.55799038294,1148.2470361650094,-40,,False,aggregate_independent_posterior_pairing
downtown,historical_model_estimate,2025-02-28,2025-01-19,8862.821407260923,9000.398177734854,9509.372321389106,9610.943178854428,9823.353505305588,10082.876597949216,10333.440513988538,10501.651004782447,10612.326156544079,11135.935412621178,11260.221050813154,646.1813152881348,-40,10208.749854049938,True,2025-02-28_downtown
fscoffee,historical_model_estimate,2025-02-28,2025-01-19,12865.78804111679,12992.525431268317,13469.286912749,13571.465152042434,13710.099597879196,13893.649610738179,14080.06427936682,14215.979068564051,14291.039336534921,14663.126511484486,14867.243233389341,508.9305889075604,-40,,False,2025-02-28_fscoffee
hurricane,historical_model_estimate,2025-02-28,2025-01-19,13704.303189966822,13896.58148997848,14351.410572541128,14457.905084004531,14607.436662510623,14784.439921329173,14979.7448947347,15159.21490589084,15244.813174650604,15699.58113840765,15899.723990828528,546.8731834316006,-40,14830.615384658611,True,2025-02-28_hurricane
springdale,historical_model_estimate,2025-02-28,2025-01-19,9251.762709987886,9398.05541084951,9908.401408967171,9997.773535374326,10145.026498888832,10362.052527028052,10593.022710454192,10727.24945729982,10810.158511574824,11255.688309588822,11442.393810282481,557.9217984999814,-40,,False,2025-02-28_springdale
all,historical_model_estimate,2025-02-28,2025-01-20,46114.75151466765,46593.17588591551,47416.290093628726,47580.15966830455,47917.66742752591,48378.265924742314,48839.56214038846,49159.09462071791,49318.05831976482,50317.22226285556,50702.754580240355,1156.1017234239048,-39,47055.4108370208,True,aggregate_independent_posterior_pairing
downtown,historical_model_estimate,2025-02-28,2025-01-20,7907.357112576166,8098.93123519458,8679.515978919446,8798.34852657383,8953.124559308682,9216.961223076065,9480.440793561007,9657.595378042739,9757.715215751756,10222.576637378786,10370.183974080885,643.4276971875662,-39,9064.957050091798,True,2025-02-28_downtown
fscoffee,historical_model_estimate,2025-02-28,2025-01-20,13614.624899560105,13840.742484021866,14281.944345992137,14341.967231755787,14519.075234012455,14720.891744619812,14938.701928236345,15081.647459771317,15187.516678957392,15620.62251102461,15772.784583090122,547.3440411832977,-39,14383.392600857766,True,2025-02-28_fscoffee
hurricane,historical_model_estimate,2025-02-28,2025-01-20,12892.65386565143,13091.449295201242,13562.772361811423,13647.022224264882,13805.491012501714,14034.714420595124,14239.05917471112,14406.353273010003,14493.41318644583,14859.372128817824,15119.356612425154,556.1590273451029,-39,12831.24150025495,True,2025-02-28_hurricane
springdale,historical_model_estimate,2025-02-28,2025-01-20,9341.345138186553,9500.320633341973,9981.631739028011,10084.785340330713,10226.168959915232,10442.214763138385,10655.696587882556,10816.895413366661,10910.735618009756,11419.286015338665,11536.825312694038,559.9246957580995,-39,10775.819685816285,True,2025-02-28_springdale
all,historical_model_estimate,2025-02-28,2025-01-21,46451.4695728632,46825.93445671414,47694.981240388835,47922.451910879,48216.57178631262,48661.34266124184,49134.51866377884,49425.93991707114,49613.748018396014,50466.482726951785,50924.324965578584,1129.3385053199759,-38,,False,aggregate_independent_posterior_pairing
downtown,historical_model_estimate,2025-02-28,2025-01-21,7981.36071944885,8201.52738491224,8725.057303103851,8815.968777162827,8963.691096617396,9226.353277860631,9507.03536841411,9681.228258277537,9785.566726251971,10256.862449518572,10481.50931859958,634.6914995639414,-38,,False,2025-02-28_downtown
fscoffee,historical_model_estimate,2025-02-28,2025-01-21,14115.180582509667,14270.976443012274,14719.193718923163,14822.394952300718,14973.405529490608,15166.91888529842,15352.297742365667,15486.791170218514,15556.965744732483,15956.453007265978,16156.026607857402,514.1694114495028,-38,14511.011851430449,True,2025-02-28_fscoffee
hurricane,historical_model_estimate,2025-02-28,2025-01-21,12141.251697072532,12280.616950508329,12743.45259859342,12843.272887269559,12992.486421923137,13215.945078140216,13421.511333668748,13562.830496353768,13634.074150391252,14010.954724322071,14201.070778907788,540.7418986535828,-38,12833.45478773832,True,2025-02-28_hurricane
springdale,historical_model_estimate,2025-02-28,2025-01-21,9983.979809566328,10186.412180631092,10618.50084646851,10712.807807654604,10853.683290799356,11076.42095503994,11288.9851390797,11472.642379960811,11594.286751192794,12074.358921597499,12203.00835094145,574.3577479570585,-38,12011.659951317391,True,2025-02-28_springdale
all,historical_model_estimate,2025-02-28,2025-01-22,48527.3773127532,48848.40524846784,49617.55895678616,49806.08281772603,50068.04908111261,50478.370376058054,50881.42693041973,51250.03612622649,51434.25848273731,52365.74587788709,52629.94030306898,1071.4620567655527,-37,50825.606591728065,True,aggregate_independent_posterior_pairing
downtown,historical_model_estimate,2025-02-28,2025-01-22,8772.276252544048,8967.314530112466,9519.891274262473,9605.752117975393,9759.158308625134,10014.322270288532,10238.397925803929,10429.12256759289,10541.198846615003,11157.499683774096,11340.516123307372,646.7648362100269,-37,9997.418513248647,True,2025-02-28_downtown
fscoffee,historical_model_estimate,2025-02-28,2025-01-22,13957.614686390503,14130.022598231088,14532.364324589858,14625.011796487814,14779.331013147405,14944.092904009074,15158.278953963454,15294.721735075189,15376.888813927031,15778.251732515804,15952.541343701045,501.6685861913249,-37,14509.88011231717,True,2025-02-28_fscoffee
hurricane,historical_model_estimate,2025-02-28,2025-01-22,12095.208930594481,12306.639509815686,12706.749094946405,12797.825568436618,12971.638317662228,13157.996234668604,13360.899166566138,13516.189144599888,13614.883370800264,14057.966175642188,14180.702206199918,538.5739364735942,-37,13071.107785502269,True,2025-02-28_hurricane
springdale,historical_model_estimate,2025-02-28,2025-01-22,11411.1813005448,11548.455018153778,11935.213500936434,12016.187248734434,12164.439299590425,12379.069509484892,12569.44330416195,12708.854749555203,12813.335921594835,13257.972943373277,13403.039110525964,523.2174437796099,-37,13247.200180659982,True,2025-02-28_springdale
all,historical_model_estimate,2025-02-28,2025-01-23,48989.91035932729,49467.831925015686,50327.21224453985,50514.71877925444,50856.646264034,51263.31777972986,51682.8363676398,52000.6359936807,52192.90510237806,53297.28927748408,53690.07706186071,1143.949499976507,-36,51079.83094355847,True,aggregate_independent_posterior_pairing
downtown,historical_model_estimate,2025-02-28,2025-01-23,9742.77466068946,9899.557360605893,10380.408570789772,10498.794055614717,10719.198269443714,10914.706526805308,11129.900985969261,11327.034162857102,11434.009015350668,11929.468545136533,12171.854863335477,608.4034701958597,-36,10990.055125300983,True,2025-02-28_downtown
fscoffee,historical_model_estimate,2025-02-28,2025-01-23,12910.356222270462,13094.557856549307,13529.259238782266,13595.86763901532,13740.374960214007,13960.325327647355,14135.121572406628,14299.638902394068,14389.531696635335,14833.591444829883,14974.780677696592,521.1603123629529,-36,14097.241280832935,True,2025-02-28_fscoffee
hurricane,historical_model_estimate,2025-02-28,2025-01-23,12480.80478456699,12637.19499519583,13046.378815624823,13135.179531171396,13340.798773220205,13546.631750294358,13739.301968583448,13922.61429924535,13998.23077077526,14428.987964038288,14552.342072548294,547.7378774291572,-36,12246.431702359108,True,2025-02-28_hurricane
springdale,historical_model_estimate,2025-02-28,2025-01-23,11823.780035844673,12008.75427457248,12423.322835400868,12523.15694558565,12679.907274110443,12888.48085950622,13089.977234656853,13237.256164757866,13347.296708343347,13721.604945899253,13882.864517172604,531.4986913570077,-36,13746.10283506544,True,2025-02-28_springdale
all,historical_model_estimate,2025-02-28,2025-01-24,49176.114535417975,49579.27213188307,50459.548289775776,50678.51791619648,50993.69042625622,51461.94403456074,51881.012564433404,52183.42558363715,52356.580023029994,53260.60437236115,53505.56558811933,1127.6765485194053,-35,50903.46777565021,True,aggregate_independent_posterior_pairing
downtown,historical_model_estimate,2025-02-28,2025-01-24,9878.29379351075,10053.444769245927,10667.144126645675,10758.394045788173,10937.665235422926,11164.187715402386,11415.444954540562,11613.060540425191,11720.364871552092,12223.59427101704,12431.821162670998,641.0684247384064,-35,11031.933349537672,True,2025-02-28_downtown
fscoffee,historical_model_estimate,2025-02-28,2025-01-24,12343.827748458261,12480.112169693184,12864.234104886189,12964.093618668809,13086.204337552843,13262.023548894413,13463.287908521881,13614.429918136448,13696.599220059668,14124.938009647243,14288.344169839049,507.633508511716,-35,13350.284840656655,True,2025-02-28_fscoffee
hurricane,historical_model_estimate,2025-02-28,2025-01-24,13186.581057201109,13309.497145330059,13727.659503314797,13810.782848820827,13950.251328943757,14155.250735458685,14380.157558222087,14546.06903975027,14625.54797780776,15037.688762940817,15193.291207279513,532.793348097643,-35,13512.76614415557,True,2025-02-28_hurricane
springdale,historical_model_estimate,2025-02-28,2025-01-24,11703.663071017669,11914.168613285216,12381.646121067142,12451.69773252623,12603.464133775535,12787.537772796833,12988.262309471147,13145.987279629659,13232.687371364525,13676.08169697609,13911.87665928273,539.3869306482355,-35,13008.48344130032,True,2025-02-28_springdale
all,historical_model_estimate,2025-02-28,2025-01-25,48832.42209777092,49221.21816655196,50102.70163529428,50223.90889525163,50564.23431705238,51039.19478983803,51531.57814107388,51893.87954746848,52095.54793759658,53123.157129009625,53438.02671590611,1169.2620520001212,-34,49425.19658852652,True,aggregate_independent_posterior_pairing
downtown,historical_model_estimate,2025-02-28,2025-01-25,9841.361127950515,9970.873903344609,10508.045155029497,10623.296629489292,10821.88480418681,11051.945878219987,11304.329437667731,11467.105682345245,11576.355794289106,12090.563283592912,12227.766223832223,630.663871200807,-34,10000.12415577332,True,2025-02-28_downtown
fscoffee,historical_model_estimate,2025-02-28,2025-01-25,12273.006485862032,12397.828081509562,12899.71033218306,12986.154990625295,13126.215611274783,13332.527682455839,13535.605122218707,13734.874600022224,13822.610069891241,14226.646514523822,14367.553241027965,542.6294618725291,-34,13315.0176280039,True,2025-02-28_fscoffee
hurricane,historical_model_estimate,2025-02-28,2025-01-25,13693.344018137857,13846.876580996666,14295.05459470969,14356.698425338713,14510.37616358365,14719.494301408102,14931.469079247443,15083.538315685326,15164.903114363635,15601.249355821985,15791.28336176032,538.0044850390138,-34,14061.044616661658,True,2025-02-28_hurricane
springdale,historical_model_estimate,2025-02-28,2025-01-25,10944.353917191307,11056.737092730202,11473.359379409567,11572.456162543494,11742.950778628448,11964.906022589232,12189.551958692453,12331.20732010412,12428.408129924726,12915.360653882502,13135.745169416567,563.2184054980621,-34,12049.010188087648,True,2025-02-28_springdale
all,historical_model_estimate,2025-02-28,2025-01-26,47350.74495033431,47629.039405882744,48466.66099035499,48659.61737159895,48927.110336220736,49355.12890367948,49766.3094372042,50075.85184128759,50260.5882949829,51255.76339402397,51581.501359094735,1100.507442895303,-33,,False,aggregate_independent_posterior_pairing
downtown,historical_model_estimate,2025-02-28,2025-01-26,8804.382780338994,8975.522442305579,9510.490924771584,9631.61997758401,9796.039860595261,10033.709626499349,10259.663571881734,10455.406343867195,10548.416588542408,11044.64710795638,11190.975753004923,625.5948825972346,-33,,False,2025-02-28_downtown
fscoffee,historical_model_estimate,2025-02-28,2025-01-26,12731.909659727797,12928.722611079684,13335.137188456833,13413.46211144435,13527.238378033144,13726.646611129698,13921.467050177525,14077.08799868689,14157.993353461414,14631.39030364891,14833.248152157941,516.3702401977382,-33,13270.77981850016,True,2025-02-28_fscoffee
hurricane,historical_model_estimate,2025-02-28,2025-01-26,13609.594874629669,13774.611114444151,14128.081294468215,14230.42714162116,14368.65375700767,14566.12615404878,14781.042706285596,14914.298414130486,15012.37890659244,15446.543197030825,15602.30794882328,511.3556822563536,-33,13683.935134839809,True,2025-02-28_hurricane
springdale,historical_model_estimate,2025-02-28,2025-01-26,9971.490953296623,10123.706582273722,10540.699330506119,10635.632517716078,10785.410689624428,10996.499401152552,11215.889266523121,11394.254332900393,11511.61974463822,11942.641395888899,12131.065599416248,562.9199064910854,-33,12444.212734641544,True,2025-02-28_springdale
all,historical_model_estimate,2025-02-28,2025-01-27,46233.83265659669,46645.51183585615,47507.08946587433,47707.97274065744,48015.56522842358,48379.77995357153,48855.226439036465,49148.33549032682,49327.49352577995,50181.74541893979,50515.480007817176,1087.1262415828196,-32,48164.207707868256,True,aggregate_independent_posterior_pairing
downtown,historical_model_estimate,2025-02-28,2025-01-27,7965.8706885880765,8137.881693841331,8607.880459053282,8709.297719959384,8889.918895632401,9128.489957256093,9415.69830404599,9590.189590942728,9730.285208159205,10150.721495473685,10285.518276698376,626.6076993883232,-32,8533.75141749023,True,2025-02-28_downtown
fscoffee,historical_model_estimate,2025-02-28,2025-01-27,13607.235822981074,13754.90314112913,14129.09118081205,14222.07610905877,14361.262685109328,14552.683153282693,14767.106596046278,14927.118299336911,15010.764296212881,15434.131388985918,15625.912801668446,522.2513680169606,-32,14266.469206231386,True,2025-02-28_fscoffee
hurricane,historical_model_estimate,2025-02-28,2025-01-27,12616.17314425825,12771.35821154554,13181.16075945816,13280.83099283829,13446.034675001441,13643.277249007733,13894.687599119598,14047.353043015179,14135.483639296604,14591.87302880853,14780.542253400556,562.1299460937371,-32,13629.613601594549,True,2025-02-28_hurricane
springdale,historical_model_estimate,2025-02-28,2025-01-27,9942.827580613246,10108.850341163734,10582.0108096264,10670.788722438945,10811.54162483277,11033.849704354285,11229.697055984263,11402.806859618326,11491.559300437115,11921.495947453164,12098.639541902878,551.5268346595232,-32,11734.373482552088,True,2025-02-28_springdale
all,historical_model_estimate,2025-02-28,2025-01-28,46482.15769072688,46834.45805662591,47769.75177502441,47999.27253268234,48306.177637954555,48763.398197577306,49132.728502426806,49444.51970561974,49641.644112365495,50372.545559936276,50691.606505307296,1078.8705858188896,-31,47426.29592009928,True,aggregate_independent_posterior_pairing
downtown,historical_model_estimate,2025-02-28,2025-01-28,7978.517388414948,8167.423630623082,8699.421117729606,8792.744038860821,8962.028741327465,9200.207758000175,9411.99302069612,9582.523459770064,9663.241116294404,10126.975502009649,10265.088021967314,598.171922539972,-31,8788.170307732995,True,2025-02-28_downtown
fscoffee,historical_model_estimate,2025-02-28,2025-01-28,13870.693125542013,14082.285313322913,14517.95868542922,14606.082128417373,14761.470164029959,14936.737966045599,15151.682156888912,15293.12650200072,15374.446641350345,15743.585859733224,15833.163643165342,506.8726012685295,-31,14407.591101149614,True,2025-02-28_fscoffee
hurricane,historical_model_estimate,2025-02-28,2025-01-28,12003.849778022646,12154.47253402423,12503.203442424807,12580.038462959707,12724.956951745131,12930.415936796595,13140.238357361688,13289.48531390511,13355.006394149266,13797.047862571939,14050.767551394121,522.4713289490084,-31,12894.093246024277,True,2025-02-28_hurricane
springdale,historical_model_estimate,2025-02-28,2025-01-28,10620.834429753702,10758.444767769832,11172.168590883579,11267.68538193409,11434.654042523553,11653.582036013451,11860.237642057991,12021.43868031999,12115.77718714313,12553.243165686388,12715.80465543118,549.0514352538679,-31,11336.441265192396,True,2025-02-28_springdale
all,historical_model_estimate,2025-02-28,2025-01-29,48105.86585236608,48491.56956484282,49596.39908059892,49754.12284840147,50067.35040167592,50460.50022537084,50867.5043461952,51199.59358694126,51379.6089349193,52272.546569269725,52685.4378517146,1114.1057031365929,-30,49437.412967166565,True,aggregate_independent_posterior_pairing
downtown,historical_model_estimate,2025-02-28,2025-01-29,8593.744265807562,8820.16930484172,9374.420516592269,9504.175445794957,9644.757354868369,9873.554992056965,10141.773561408656,10315.723930609745,10414.246796450903,10942.990416102437,11117.56972932869,637.8122297677539,-30,9758.88704700309,True,2025-02-28_downtown
fscoffee,historical_model_estimate,2025-02-28,2025-01-29,13617.788531894117,13825.262988271237,14295.589221859524,14408.4586397075,14556.777402403315,14784.804982891044,14978.457078705746,15114.819608061202,15191.049121650298,15540.808258433795,15745.10847026192,533.9630250863545,-30,15097.0272474385,True,2025-02-28_fscoffee
hurricane,historical_model_estimate,2025-02-28,2025-01-29,11877.745182254308,12104.43211050837,12499.481314057068,12579.39023523558,12722.077614479209,12923.046859238115,13163.630086202738,13300.670706933,13401.109106204092,13835.917620034244,14013.394506683047,541.0964085159584,-30,11936.30440257306,True,2025-02-28_hurricane
springdale,historical_model_estimate,2025-02-28,2025-01-29,11835.855421163858,12010.400666291363,12428.96431742784,12518.849765399422,12692.306664041664,12886.443047411778,13110.732156069114,13272.386684298068,13337.228193015057,13768.835577432958,14007.293312586082,549.8526780536281,-30,12645.194270151913,True,2025-02-28_springdale
all,historical_model_estimate,2025-02-28,2025-01-30,48827.24477572493,49282.4849110016,50200.312709147845,50364.9334667522,50689.800442712476,51124.056498019774,51575.07811593037,51849.087103958904,52029.28006878122,53131.03968037298,53471.967401383816,1127.4786621765868,-29,50395.45735531928,True,aggregate_independent_posterior_pairing
downtown,historical_model_estimate,2025-02-28,2025-01-30,9629.635583377265,9732.287948863652,10202.524742120935,10312.613792529075,10513.507918714806,10770.664765722377,10979.948036546408,11178.81203624311,11265.633090832362,11762.456804239813,11972.333159623302,619.7342430036828,-29,9679.784426927115,True,2025-02-28_downtown
fscoffee,historical_model_estimate,2025-02-28,2025-01-30,12846.504908056166,13074.345673953614,13417.351057004938,13510.776084426927,13649.08594468679,13858.757559818314,14063.331128035523,14232.24575833331,14320.00185543892,14754.860977175736,14922.551686437842,535.6569083816106,-29,13771.045990109766,True,2025-02-28_fscoffee
hurricane,historical_model_estimate,2025-02-28,2025-01-30,12205.320583768056,12361.901039121225,12722.633363589055,12828.291217833525,12984.708112668273,13203.444751740728,13410.090796228942,13570.417740934547,13651.843919119767,14068.753109814152,14212.437187561769,528.0180281143745,-29,13223.876403747066,True,2025-02-28_hurricane
springdale,historical_model_estimate,2025-02-28,2025-01-30,12204.891094650173,12389.048307697207,12836.460964429658,12928.683714037801,13081.393218106636,13316.380244596716,13501.428791800763,13678.229315730721,13779.34012910833,14244.7905495334,14466.278555348727,554.9945820747199,-29,13720.750534535337,True,2025-02-28_springdale
all,historical_model_estimate,2025-02-28,2025-01-31,49037.99596355149,49288.23717566021,50229.04287031006,50390.167238368405,50750.24202902165,51191.4188920618,51641.130618565316,51976.54130309829,52166.521209202,53009.97118390946,53415.176828377975,1131.4652877867395,-28,51867.09829109392,True,aggregate_independent_posterior_pairing
downtown,historical_model_estimate,2025-02-28,2025-01-31,9505.914916370199,9789.855031674462,10462.94893577266,10566.753307792307,10716.16643622238,10957.249923300718,11198.091115546946,11382.701551762912,11476.17758624682,11965.698851527715,12127.714102384458,638.6378403644371,-28,10734.621582512216,True,2025-02-28_downtown
fscoffee,historical_model_estimate,2025-02-28,2025-01-31,12161.098814729612,12316.687218300473,12698.796768246542,12804.783756263696,12930.095050732167,13115.075035788726,13324.510360866318,13497.78934757048,13577.665376012532,13944.788173919003,14104.818934824845,513.681213132132,-28,13642.664042802384,True,2025-02-28_fscoffee
hurricane,historical_model_estimate,2025-02-28,2025-01-31,12855.77901210496,13033.593514556873,13475.374875557452,13575.248770507047,13733.243390827956,13948.10886942806,14142.69110062712,14296.700802117639,14380.683401525304,14790.263617855311,14951.37280128071,537.7598029163721,-28,14156.808308583906,True,2025-02-28_hurricane
springdale,historical_model_estimate,2025-02-28,2025-01-31,12123.514936943728,12263.342068207989,12702.617956871092,12798.698503432213,12959.870636919277,13166.27030484478,13385.268743001425,13538.026116915562,13633.63676338841,14057.800309627917,14231.2999571408,545.5012158456866,-28,13333.004357195412,True,2025-02-28_springdale
all,historical_model_estimate,2025-02-28,2025-02-01,48360.47831116281,48732.91117737325,49604.61602673658,49823.95246006735,50158.79395306368,50572.44776234102,50974.67629584219,51285.01794064225,51506.31801804947,52492.92215618339,52747.97135272751,1122.5070882717853,-27,,False,aggregate_independent_posterior_pairing
downtown,historical_model_estimate,2025-02-28,2025-02-01,9418.183299891998,9699.784222666849,10181.978399904065,10266.293275072832,10475.703149880077,10736.8639887079,10993.704339243313,11185.39280601887,11296.103521979237,11780.100227386432,11925.531583441985,652.3308956750207,-27,11000.057910842226,True,2025-02-28_downtown
fscoffee,historical_model_estimate,2025-02-28,2025-02-01,12237.406249836095,12400.675831700855,12803.667010135463,12877.203667011245,13034.78610179385,13280.767349395199,13460.382107599655,13629.050036845165,13708.747032725216,14109.055152748628,14257.028844495877,531.7191966295155,-27,,False,2025-02-28_fscoffee
hurricane,historical_model_estimate,2025-02-28,2025-02-01,13498.955737234455,13607.315319335423,14088.719766203272,14199.029315832731,14363.55206638395,14556.13784104141,14772.524388208858,14916.167940553598,14986.108246253476,15390.266090127221,15533.494778562454,525.1587082789039,-27,13572.46249378591,True,2025-02-28_hurricane
springdale,historical_model_estimate,2025-02-28,2025-02-01,10936.461011189462,11153.562643763791,11583.583825587613,11675.25184790474,11829.552210823704,12046.695637946956,12263.108118801445,12398.10375339718,12472.603254686393,12921.580466267433,13076.79060463223,544.133321280984,-27,,False,2025-02-28_springdale
all,historical_model_estimate,2025-02-28,2025-02-02,47053.15522816592,47444.55730494647,48225.04586440875,48416.06572413775,48718.018470458046,49200.67140173355,49709.56326829254,49989.12768910904,50213.892933379866,51150.796619981425,51481.62673648938,1155.789942451272,-26,,False,aggregate_independent_posterior_pairing
downtown,historical_model_estimate,2025-02-28,2025-02-02,8620.597232620721,8796.246750943092,9276.409516563337,9405.134403589896,9589.587339424108,9829.30667183924,10091.419699384367,10244.400023386843,10363.54077377956,10870.897244506152,11067.978374748516,634.4213169653261,-26,,False,2025-02-28_downtown
fscoffee,historical_model_estimate,2025-02-28,2025-02-02,12528.902647154115,12744.401023603796,13172.186787487457,13245.194970045683,13375.755443365586,13593.139091564452,13771.188365668997,13950.605758358939,14036.105455465784,14469.80516772639,14593.823732328372,519.970091053052,-26,12908.59555167991,True,2025-02-28_fscoffee
hurricane,historical_model_estimate,2025-02-28,2025-02-02,13270.684758780573,13500.864148224815,13914.846019210614,13996.636442781935,14170.165990595204,14373.810522912338,14596.85540893233,14759.762376677993,14884.786863187132,15318.729733171573,15474.677063421685,559.6831609823258,-26,14636.82667468773,True,2025-02-28_hurricane
springdale,historical_model_estimate,2025-02-28,2025-02-02,10325.628108963921,10497.207476122621,10954.140459794104,11020.936791690965,11173.8490715995,11417.190343390239,11613.219215442703,11776.785781706712,11870.80709867147,12384.579022621296,12513.91290827182,563.108357319825,-26,11477.487816178278,True,2025-02-28_springdale
all,historical_model_estimate,2025-02-28,2025-02-03,45924.13821805607,46435.02407224191,47269.27012701498,47516.11440622987,47822.31032395448,48249.03685883428,48645.81296545782,48999.28784446226,49169.30734730671,50058.98284709508,50409.15568632259,1106.8221581538346,-25,46446.47933054491,True,aggregate_independent_posterior_pairing
downtown,historical_model_estimate,2025-02-28,2025-02-03,7799.00831218421,7961.369703761977,8445.608486372772,8546.514054843052,8753.411972357138,8963.878940950704,9185.806074946333,9360.626204905955,9478.269899722143,9956.004282208074,10164.965723609346,611.4198907905793,-25,9209.650693289004,True,2025-02-28_downtown
fscoffee,historical_model_estimate,2025-02-28,2025-02-03,13519.368799585915,13624.961330908081,14035.21147312723,14119.61058472941,14255.978985261236,14440.662255369854,14642.673650460543,14783.517581389857,14882.30260912677,15269.97248357872,15453.286955023368,502.17698391579006,-25,13032.07807367661,True,2025-02-28_fscoffee
hurricane,historical_model_estimate,2025-02-28,2025-02-03,12560.929796168459,12776.395236169637,13103.742546347527,13210.73871053592,13350.636839339128,13548.764902531278,13742.310902290454,13907.93299301222,14004.304946504011,14454.51761188818,14591.946871020078,535.8542614596508,-25,13313.36276800496,True,2025-02-28_hurricane
springdale,historical_model_estimate,2025-02-28,2025-02-03,10085.476014164906,10248.024277287213,10773.954803445838,10868.099023662726,11059.272720782832,11272.575892304067,11486.677075980317,11633.902027775297,11734.992022707476,12190.981178316342,12345.005734818036,576.4858118777557,-25,10891.387795574336,True,2025-02-28_springdale
all,historical_model_estimate,2025-02-28,2025-02-04,46076.95070870679,46452.28543856872,47516.995888576224,47685.6683486251,47993.158561567885,48401.118802932,48815.268226663815,49086.21637055607,49276.561506536,50078.90351332882,50492.148276000466,1095.0347178453292,-24,49510.83116905249,True,aggregate_independent_posterior_pairing
downtown,historical_model_estimate,2025-02-28,2025-02-04,7782.25330852795,8014.2375506231665,8526.278719794336,8614.413459864776,8780.678770003167,9044.816795789491,9291.963766795034,9457.671768298476,9556.457856784245,10080.358467607746,10272.864700918823,635.6957123414455,-24,8701.977297832276,True,2025-02-28_downtown
fscoffee,historical_model_estimate,2025-02-28,2025-02-04,13635.772055539157,13843.262583346135,14200.84548661671,14299.729102479847,14469.94420750027,14673.919041951516,14861.075222422736,15005.19413150438,15118.401495192044,15480.727801667234,15646.963600899007,518.4364019852462,-24,15117.438563218257,True,2025-02-28_fscoffee
hurricane,historical_model_estimate,2025-02-28,2025-02-04,11759.494934269094,11947.402338471766,12390.721199401245,12483.561019170756,12669.250148721081,12862.574152040237,13033.31894023709,13188.87673529311,13281.413182576207,13751.269568426993,13909.480691907353,542.5892678662385,-24,12968.23049335198,True,2025-02-28_hurricane
springdale,historical_model_estimate,2025-02-28,2025-02-04,10707.60790039048,10866.632561786146,11349.33001444376,11447.490025132913,11633.44647716542,11826.266645394526,11998.166040551414,12168.289916950638,12275.959263828057,12772.70361144396,12967.608926661951,563.8797826738096,-24,12723.184814649974,True,2025-02-28_springdale
all,historical_model_estimate,2025-02-28,2025-02-05,48120.01778775597,48542.115063254074,49361.3367819943,49591.55613751275,49916.50096528569,50303.115628935855,50769.304596716465,51139.86218095613,51368.75221042889,52271.211054808795,52638.80828415918,1163.0173069932723,-23,50161.33623790482,True,aggregate_independent_posterior_pairing
downtown,historical_model_estimate,2025-02-28,2025-02-05,8640.568914777326,8850.031160627515,9275.861918027242,9394.363905663478,9584.736772087015,9811.202298100507,10047.292436577101,10268.602788222062,10363.030191455187,10797.138737590747,11013.898324161573,620.4120302244761,-23,9339.37664896136,True,2025-02-28_downtown
fscoffee,historical_model_estimate,2025-02-28,2025-02-05,13609.758607005175,13754.469654731673,14166.138239591197,14250.504090534738,14368.035742911568,14576.001791963918,14736.365413476464,14952.801299163788,15053.987440530545,15484.72407426801,15572.79936699019,521.2010476445178,-23,14271.492747401291,True,2025-02-28_fscoffee
hurricane,historical_model_estimate,2025-02-28,2025-02-05,11863.284056833527,12009.25183468384,12381.528747210843,12480.473333148144,12634.678358299589,12834.986774256311,13037.757462296244,13216.097885089457,13325.913919874369,13749.355050737315,13909.314293670775,537.2890275539964,-23,13087.01892198672,True,2025-02-28_hurricane
springdale,historical_model_estimate,2025-02-28,2025-02-05,12050.622620831706,12199.197563962996,12601.435964580192,12709.211351317213,12895.49316622518,13111.69192061184,13312.14487130734,13481.285537523425,13606.431220477256,13958.56115623366,14161.535600040786,560.3776305279895,-23,13463.447919555443,True,2025-02-28_springdale
all,historical_model_estimate,2025-02-28,2025-02-06,48787.236386338605,49170.157088190645,50046.64425782954,50180.08546502258,50567.376629449915,51038.2793041314,51451.11716500225,51752.82338252962,51963.40187770288,52931.82561384856,53380.59053755317,1154.0426186431885,-22,51061.5036438307,True,aggregate_independent_posterior_pairing
downtown,historical_model_estimate,2025-02-28,2025-02-06,9273.46873986579,9481.372461717874,9999.61958261001,10102.46203525834,10310.376351106694,10550.667738154778,10820.620824434673,10982.874086481712,11103.349175317993,11562.547686776586,11742.573828050685,649.4481708803095,-22,10952.704528261504,True,2025-02-28_downtown
fscoffee,historical_model_estimate,2025-02-28,2025-02-06,12721.735260568292,12868.027480494964,13210.571343071208,13320.81762491642,13465.646402869223,13660.129745336573,13870.463961531997,13998.44257252717,14083.101789753771,14539.172679000327,14729.536124551383,518.0840644577671,-22,13487.704666289876,True,2025-02-28_fscoffee
hurricane,historical_model_estimate,2025-02-28,2025-02-06,12143.399465615805,12290.201502737156,12723.605686141622,12811.172939392125,12962.18334642045,13199.292295528854,13417.530969901209,13550.258089505336,13641.882601976953,14127.374646703818,14285.348218228957,556.2104994877183,-22,12810.140057884297,True,2025-02-28_hurricane
springdale,historical_model_estimate,2025-02-28,2025-02-06,12544.175793755048,12703.188217379979,13126.382005146124,13231.78225480353,13402.614353699506,13624.969528625601,13845.155681524313,14004.707059532517,14099.21685669821,14485.83526709699,14694.772514563703,554.6488581445719,-22,13810.954391395024,True,2025-02-28_springdale
all,historical_model_estimate,2025-02-28,2025-02-07,48954.04703968673,49345.29803866802,50286.44288141919,50467.526876341166,50770.24191144283,51254.597496166636,51756.82633408632,52022.02164321684,52231.41473273564,53110.72081292771,53435.581923030804,1154.9571912722358,-21,,False,aggregate_independent_posterior_pairing
downtown,historical_model_estimate,2025-02-28,2025-02-07,9776.534139677195,10025.507826985471,10419.705682359789,10529.010734151772,10702.951112153985,10914.031745101103,11170.986655659448,11331.083342760205,11417.45927848518,11993.072557464831,12183.85046944146,615.2673804802942,-21,11030.519507436227,True,2025-02-28_downtown
fscoffee,historical_model_estimate,2025-02-28,2025-02-07,11942.712472438907,12125.296858587057,12481.385671855445,12570.956028444942,12738.002621764097,12951.290894104164,13124.172960262833,13267.146394323625,13364.705543502258,13781.268094893401,13977.90817345022,522.9192240119028,-21,,False,2025-02-28_fscoffee
hurricane,historical_model_estimate,2025-02-28,2025-02-07,12767.565788650236,13048.04944986825,13482.284350067746,13559.318855336742,13709.049989968587,13891.926867946207,14105.401201429551,14273.156475430591,14364.648240980818,14851.84168680931,14982.058876110286,536.7840406434558,-21,13760.064792238483,True,2025-02-28_hurricane
springdale,historical_model_estimate,2025-02-28,2025-02-07,12404.069601869269,12540.876407465452,13001.955294938236,13098.849738927565,13261.792503461358,13460.341618469276,13690.322152580702,13831.561822212985,13926.539219184842,14350.893956052576,14559.212055272052,551.9613279135633,-21,13207.11911459626,True,2025-02-28_springdale
all,historical_model_estimate,2025-02-28,2025-02-08,48421.46888731133,48678.96705156125,49654.717698407905,49820.130355920934,50160.167147041604,50554.72113068486,50981.82654252914,51307.70993338296,51531.12632937577,52426.9185828384,52798.42345691047,1138.6314771308635,-20,50777.4597222158,True,aggregate_independent_posterior_pairing
downtown,historical_model_estimate,2025-02-28,2025-02-08,9382.15982195939,9582.54342539319,10125.998361097163,10230.96788854627,10427.258480001678,10662.197878252638,10910.888604264988,11077.343753988509,11241.907693144707,11764.469315463215,11991.922239868498,658.4783891358933,-20,10528.721422074554,True,2025-02-28_downtown
fscoffee,historical_model_estimate,2025-02-28,2025-02-08,11905.600308667386,12056.370096955827,12463.990044850898,12551.132383020265,12711.417086556497,12913.21369421361,13114.080998849831,13264.859950903838,13357.939934855462,13754.339015375983,13852.52429701033,515.2606737176419,-20,13134.813109882292,True,2025-02-28_fscoffee
hurricane,historical_model_estimate,2025-02-28,2025-02-08,13398.768491916277,13550.166402930712,13970.251923891341,14081.04836481081,14241.565688817009,14450.343883554018,14633.864061679496,14777.09068548556,14862.309547873398,15277.180756832775,15414.231433771221,533.6053245457825,-20,13991.5077177272,True,2025-02-28_hurricane
springdale,historical_model_estimate,2025-02-28,2025-02-08,11499.899516017706,11690.212889954546,12075.144283969701,12177.368680489113,12337.788868247013,12556.596344054342,12744.82966014913,12906.183952059571,13025.004928251865,13446.073066456756,13622.039167651996,548.0530041247378,-20,13122.417472531752,True,2025-02-28_springdale
all,historical_model_estimate,2025-02-28,2025-02-09,46681.41725826251,46977.363561911225,47901.58698854788,48075.29944616976,48432.669169275585,48880.393788573056,49283.26661256696,49649.052094357256,49840.546630022385,50694.964069011265,51015.63979998064,1135.2051040815159,-19,,False,aggregate_independent_posterior_pairing
downtown,historical_model_estimate,2025-02-28,2025-02-09,8687.213210746711,8855.550792753003,9317.563854146056,9410.150208984564,9579.027378357188,9832.589209233836,10087.237176622592,10284.844091436833,10394.482371189206,10815.559882556285,11001.394856586408,600.165068965037,-19,9766.834976523813,True,2025-02-28_downtown
fscoffee,historical_model_estimate,2025-02-28,2025-02-09,12160.68261531749,12358.59800124429,12829.888839321622,12927.722796457992,13059.130883194568,13251.430944414238,13440.66862914263,13597.50876006685,13693.394920196024,14071.240503578387,14235.263276776475,519.6485375959779,-19,14285.723080984266,True,2025-02-28_fscoffee
hurricane,historical_model_estimate,2025-02-28,2025-02-09,13277.261343761575,13448.16943601785,13841.144333508902,13927.5921403558,14067.837498793057,14273.178003181114,14484.034940161844,14663.391112136695,14763.625166277652,15165.29383994962,15300.049336838558,530.4554602480088,-19,14134.569521351805,True,2025-02-28_hurricane
springdale,historical_model_estimate,2025-02-28,2025-02-09,10459.60186070429,10578.522262775174,10995.380721041669,11083.556473551767,11233.308478873432,11477.149434841142,11684.328839578235,11874.322047712898,11979.980810026524,12440.899163980588,12586.445234293256,571.7387214285626,-19,,False,2025-02-28_springdale
all,historical_model_estimate,2025-02-28,2025-02-10,46010.960534358615,46370.33630173905,47203.692768704546,47422.6367077686,47739.87664169433,48156.82729050187,48570.13946204572,48909.841846181065,49088.86199874483,50013.62056033139,50427.29856801473,1123.3268493692124,-18,49073.033767637084,True,aggregate_independent_posterior_pairing
downtown,historical_model_estimate,2025-02-28,2025-02-10,7638.690808107974,7860.783692642082,8393.040746935263,8498.207658366207,8672.499530085028,8934.032284669327,9170.43359015669,9378.327707266135,9483.356604613258,10019.427247146486,10248.094746214778,662.4941804790711,-18,8678.73678422332,True,2025-02-28_downtown
fscoffee,historical_model_estimate,2025-02-28,2025-02-10,13268.253309153039,13420.767829312374,13768.507464773287,13846.148282069282,14025.518692692676,14226.950834520023,14445.684113169002,14610.153014339256,14676.953941612923,15076.210710402176,15257.849235159023,516.9819581349625,-18,14711.379607763689,True,2025-02-28_fscoffee
hurricane,historical_model_estimate,2025-02-28,2025-02-10,12440.303323893813,12607.998057343595,13054.591624108867,13149.902840619407,13272.134515680582,13498.102962690391,13717.216832555285,13836.756350056203,13946.711399988753,14372.84202662258,14526.732690363677,525.9056704645001,-18,13407.637780559398,True,2025-02-28_hurricane
springdale,historical_model_estimate,2025-02-28,2025-02-10,10358.695076106007,10560.958444208201,11034.944690464796,11120.309073649343,11297.778719687129,11507.238933873534,11721.91285836625,11890.913691048094,11982.215879728174,12426.455628727352,12609.204688428617,558.5062692352335,-18,12275.279595090677,True,2025-02-28_springdale
all,historical_model_estimate,2025-02-28,2025-02-11,46398.60864075739,46778.25201496547,47666.95918945868,47852.09899696908,48165.18109689783,48587.21607779602,48999.28916427393,49326.9307329813,49476.89226396509,50360.048531368564,50754.16438776121,1090.7209758222518,-17,48463.235220686685,True,aggregate_independent_posterior_pairing
downtown,historical_model_estimate,2025-02-28,2025-02-11,7733.840559895472,7941.172691218624,8403.365659742278,8526.231586394784,8692.807058790848,8927.866394547917,9130.168598826895,9317.042393442507,9409.351412567146,9962.122307027968,10128.508936426351,617.4656385020419,-17,9372.903625775012,True,2025-02-28_downtown
fscoffee,historical_model_estimate,2025-02-28,2025-02-11,13749.618043451943,13878.853613398978,14296.765176311415,14373.109064346365,14544.627769782668,14750.34403591538,14959.590266835128,15121.399061154127,15213.681902515164,15607.16029929891,15743.02689936131,530.6153189174747,-17,15136.442444625967,True,2025-02-28_fscoffee
hurricane,historical_model_estimate,2025-02-28,2025-02-11,11694.179714595064,11834.400240400535,12298.715404060935,12383.300686824236,12560.23597849565,12749.56522712344,12920.435620181253,13088.953403903284,13182.334941072892,13579.77102684728,13708.608109547898,520.5615476741576,-17,12418.817429754965,True,2025-02-28_hurricane
springdale,historical_model_estimate,2025-02-28,2025-02-11,11122.630342803772,11257.644540817273,11674.412027581408,11772.867389406032,11939.753651030212,12171.139853090732,12402.151926673214,12548.659675843608,12649.414661593792,13078.376048569871,13282.75804554573,562.5842153558968,-17,11535.071720530746,True,2025-02-28_springdale
all,historical_model_estimate,2025-02-28,2025-02-12,48239.376365076365,48535.27144840762,49489.031938350854,49673.7178163866,49988.593093925214,50480.47876788037,50926.98983257135,51265.50499053408,51455.648993012626,52488.283482889674,52751.70174213002,1172.2508701827194,-16,50318.05173435011,True,aggregate_independent_posterior_pairing
downtown,historical_model_estimate,2025-02-28,2025-02-12,8375.86622419634,8654.429063052834,9153.40451540866,9276.72499377352,9446.354697492543,9727.501395101403,9973.69992178673,10157.913107647651,10260.666087951926,10781.944305641406,11192.541711910484,684.998354317326,-16,9555.804289356616,True,2025-02-28_downtown
fscoffee,historical_model_estimate,2025-02-28,2025-02-12,13762.978169746331,13900.67263281912,14338.43509241829,14394.409548061232,14531.367773566331,14717.312799256484,14933.137756504844,15075.35329879903,15143.228285686779,15550.910989025127,15753.812520061594,504.4987401815794,-16,14335.985903683732,True,2025-02-28_fscoffee
hurricane,historical_model_estimate,2025-02-28,2025-02-12,11745.26416256183,11861.404337424554,12303.27333531472,12381.112163950544,12542.04740201889,12737.895488206033,12954.441593806907,13091.305499996863,13210.364862357712,13648.332116513064,13820.213945969228,541.2377918363558,-16,12769.898299290791,True,2025-02-28_hurricane
springdale,historical_model_estimate,2025-02-28,2025-02-12,12176.59717245146,12352.078194235097,12824.045611841884,12919.465476870595,13080.499069003465,13273.629604499936,13483.817510348472,13652.073000175344,13775.816212568283,14198.542556935554,14384.325263325101,558.8203404249548,-16,13656.363242018972,True,2025-02-28_springdale
all,historical_model_estimate,2025-02-28,2025-02-13,44808.99014606733,45279.759981521944,46392.07404913784,46667.605233378075,47167.34364112121,47619.99421633962,48154.414204403954,48424.599603431125,48633.91117492901,49706.60618257994,50149.017526256604,1363.022574317317,-15,47352.75129505745,True,aggregate_independent_posterior_pairing
downtown,historical_model_estimate,2025-02-28,2025-02-13,8194.214042286616,8376.983690591218,8937.346317775795,9054.812690049108,9225.625801209206,9482.564626684518,9763.951358042823,10010.55244205947,10103.99892903616,10635.207961919083,10869.736431210864,688.615724090071,-15,9317.942143725651,True,2025-02-28_downtown
fscoffee,historical_model_estimate,2025-02-28,2025-02-13,11673.773303372223,11853.260962659711,12497.937494758542,12621.648604136679,12965.488659218923,13294.68719696386,13638.042375360259,13840.789745746722,13959.709964175463,14494.418200878066,14675.8657163446,802.7269567239996,-15,13308.830507076114,True,2025-02-28_fscoffee
hurricane,historical_model_estimate,2025-02-28,2025-02-13,10827.850230426006,10994.155861983674,11474.468804611444,11579.532089156433,11783.91076847385,11966.201130304817,12214.87512984481,12390.29018881518,12487.955708536965,13003.277067411047,13146.50405536522,597.6890095846057,-15,11786.219282850325,True,2025-02-28_hurricane
springdale,historical_model_estimate,2025-02-28,2025-02-13,11660.800283565372,11860.055172500493,12353.812788368454,12454.451668389054,12638.509993290567,12869.87491450716,13090.445064503594,13246.047494252174,13346.585157639336,13792.439482877282,13946.913555565425,591.1051938357184,-15,12939.759361405362,True,2025-02-28_springdale
all,historical_model_estimate,2025-02-28,2025-02-14,44341.22272619349,44688.816770464386,45537.43201675186,45768.897838744946,46113.731477777896,46659.53217677507,47197.78713943495,47587.34988032721,47794.700802718144,48774.39700671849,49103.73517023978,1266.122425041681,-14,46535.41787687494,True,aggregate_independent_posterior_pairing
downtown,historical_model_estimate,2025-02-28,2025-02-14,8495.545293534973,8691.27078812563,9155.885168910987,9287.674613876728,9478.029022904908,9690.608990218789,9929.735448034067,10170.532477585746,10270.536786938801,10772.658510537227,11050.114028287098,660.9895776143168,-14,10395.330630489285,True,2025-02-28_downtown
fscoffee,historical_model_estimate,2025-02-28,2025-02-14,10347.525536823412,10580.873304925924,11090.221532004773,11212.748036238067,11371.899009191246,11612.026370859629,11859.261984320652,12051.293980917366,12147.735319286243,12621.254202930742,12834.933686208411,630.907944921153,-14,11334.988688004116,True,2025-02-28_fscoffee
hurricane,historical_model_estimate,2025-02-28,2025-02-14,11518.803865173908,11711.301151531432,12246.610806665305,12337.431389830612,12512.286234645682,12706.089098352637,12940.450063896815,13113.043045777975,13212.541809326067,13632.627092308123,13803.743813577921,577.8081234574081,-14,12824.250080214508,True,2025-02-28_hurricane
springdale,historical_model_estimate,2025-02-28,2025-02-14,11515.204638598498,11717.300184428943,12173.839475834671,12276.645321375703,12448.220941953852,12661.900367871862,12863.657399230986,13053.422887576968,13150.082226176844,13570.701122562514,13746.294190316043,570.2794328028817,-14,11980.848478167034,True,2025-02-28_springdale
all,historical_model_estimate,2025-02-28,2025-02-15,43986.3853085805,44395.738316194016,45247.42284078567,45463.69083088311,45836.941892691284,46319.47396372858,46776.85284358779,47099.042935605845,47314.73455755349,48180.18906921036,48486.22942963264,1192.001739253609,-13,44464.48057657461,True,aggregate_independent_posterior_pairing
downtown,historical_model_estimate,2025-02-28,2025-02-15,8347.877653721283,8510.59678329875,9014.926889878618,9141.05846506951,9322.356299902627,9559.528575997458,9851.259087400322,10011.046850421186,10138.125571720793,10709.805870860138,10910.361111543338,658.3957494044039,-13,9079.955128246616,True,2025-02-28_downtown
fscoffee,historical_model_estimate,2025-02-28,2025-02-15,10369.911017541806,10607.031028151345,11133.465729641373,11239.653702794169,11395.561530239405,11637.807383547717,11872.535202759653,12031.261214273245,12134.028225176105,12612.278674418436,12757.028662003355,612.1102320107532,-13,11323.419013956627,True,2025-02-28_fscoffee
hurricane,historical_model_estimate,2025-02-28,2025-02-15,12170.960714483763,12390.318288625012,12840.022630624542,12934.824611943051,13100.63543913703,13301.354786873457,13528.294192174157,13669.618581755309,13748.433704865422,14209.127596029412,14332.219235804272,551.4127883184534,-13,12494.2424880793,True,2025-02-28_hurricane
springdale,historical_model_estimate,2025-02-28,2025-02-15,10699.123360789356,10885.048674108077,11316.261622539714,11389.679483077372,11566.83774745503,11799.816074644195,11999.28629563127,12138.244446209163,12219.438506597271,12731.859573571284,12875.278368472866,559.0194736040403,-13,11566.863946292066,True,2025-02-28_springdale
all,historical_model_estimate,2025-02-28,2025-02-16,42201.95736336557,42559.87299607548,43508.53467258757,43725.79213701646,44040.70125987308,44544.89730778425,44994.5071400697,45247.141598394,45481.4903848184,46539.70877433152,46971.511173750514,1194.314356843846,-12,43056.38738528675,True,aggregate_independent_posterior_pairing
downtown,historical_model_estimate,2025-02-28,2025-02-16,7390.154765037869,7512.49124785528,8040.603020093866,8175.202209250789,8371.36540182186,8624.895307499279,8856.991822668799,9062.824532467896,9182.812389674844,9771.94492795863,9937.428959210627,669.883686411135,-12,8001.43841269949,True,2025-02-28_downtown
fscoffee,historical_model_estimate,2025-02-28,2025-02-16,10837.16469656437,11034.553434827963,11511.33967221559,11600.959083270758,11760.307982218248,11976.885706212752,12194.098352208654,12354.657432863401,12452.563850603692,12905.715693931012,13021.419696179943,568.8282048308515,-12,11463.32614346173,True,2025-02-28_fscoffee
hurricane,historical_model_estimate,2025-02-28,2025-02-16,12056.007068909568,12258.96366840824,12611.631837319539,12711.613124653932,12874.86272693936,13103.146618692655,13321.252206209057,13478.97972459511,13558.14633178908,14070.293495986678,14262.506022420108,557.9243341379782,-12,12474.282028431244,True,2025-02-28_hurricane
springdale,historical_model_estimate,2025-02-28,2025-02-16,9706.922975644722,9900.361580501334,10359.78462690068,10449.975695403731,10611.207009103764,10855.190196248574,11039.591539164247,11219.32169048152,11311.671246257625,11762.785115138513,11868.394474097771,568.3621665215732,-12,11117.34080069428,True,2025-02-28_springdale
all,historical_model_estimate,2025-02-28,2025-02-17,41427.730528431755,41861.05474667179,42859.34773982781,43114.264643752016,43581.571840898505,44157.39279797391,44659.2484759855,45023.482184410976,45264.05974841314,46553.13473877874,47152.62144391601,1427.6390672054067,-11,43009.120949847864,True,aggregate_independent_posterior_pairing
downtown,historical_model_estimate,2025-02-28,2025-02-17,6361.821946016872,6637.732687564924,7148.438626357107,7253.166334258976,7452.270293755177,7706.6662576255585,7969.541252198323,8152.2670830685765,8272.885526815096,8748.882064786334,8976.334694353021,669.9413462090996,-11,6694.309598622806,True,2025-02-28_downtown
fscoffee,historical_model_estimate,2025-02-28,2025-02-17,11685.035381519569,11874.449455362092,12382.28149889913,12506.50351353623,12721.966232583767,12948.550442943293,13229.199189546192,13494.263198422566,13696.263009183014,14529.645474299068,14722.6402778027,789.314751573455,-11,13154.39123293985,True,2025-02-28_fscoffee
hurricane,historical_model_estimate,2025-02-28,2025-02-17,11327.674670880873,11514.99602453716,12026.115041444196,12154.579711313814,12328.578388983056,12647.284854294681,13018.07943925362,13264.7257062681,13390.152621930863,13969.513881680421,14143.33812187253,759.3468293128393,-11,12460.95010056746,True,2025-02-28_hurricane
springdale,historical_model_estimate,2025-02-28,2025-02-17,9630.815928337868,9801.41893648898,10203.335992400242,10297.258551659144,10467.17487915748,10684.255626081209,10921.983425766008,11092.572557019455,11155.800817618207,11575.900730757348,11814.35366464283,561.8002467244024,-11,10699.470017717753,True,2025-02-28_springdale
all,historical_model_estimate,2025-02-28,2025-02-18,42974.13214140444,43493.98917026287,44473.67109477084,44711.353829966116,45031.0639265254,45549.79521244848,46058.63431909376,46361.10603049743,46589.15060255651,47565.049187342476,48070.62596164182,1270.7623727216514,-10,45264.31482367325,True,aggregate_independent_posterior_pairing
downtown,historical_model_estimate,2025-02-28,2025-02-18,6407.399562693312,6615.307983891869,7185.493382341766,7275.881182870045,7462.192136645098,7669.952497300089,7928.566375447014,8102.125305954976,8191.385763264056,8816.088993917094,8962.419480989478,646.670787383699,-10,7881.625747360883,True,2025-02-28_downtown
fscoffee,historical_model_estimate,2025-02-28,2025-02-18,13332.95566699295,13594.300955151617,14123.009691820136,14224.758288299532,14412.55710868043,14625.849064636226,14826.101947911566,14979.710276083748,15080.712253907926,15518.31812458113,15669.101693361215,597.2407813298134,-10,14234.991955542091,True,2025-02-28_fscoffee
hurricane,historical_model_estimate,2025-02-28,2025-02-18,10543.461849862117,10763.112480616446,11302.213059403612,11396.623442517759,11614.045078024716,11948.525662595708,12300.794423617343,12508.605817223211,12637.38847528141,13172.424825524517,13326.719047428443,746.9544254615573,-10,11669.617130610348,True,2025-02-28_hurricane
springdale,historical_model_estimate,2025-02-28,2025-02-18,10218.865514498802,10431.131473084608,10846.822464243261,10922.939683755485,11073.832618865854,11337.035073408691,11534.916904553465,11711.456544119432,11782.17198849558,12175.97939104784,12372.223772593612,547.4948896418267,-10,11478.079990159928,True,2025-02-28_springdale
all,historical_model_estimate,2025-02-28,2025-02-19,45850.13091389489,46207.67318219301,47098.55007859342,47317.437759583554,47629.069775106,48074.09308724279,48482.77613986887,48782.91131301767,48982.942838497875,49894.3979899913,50299.34235730479,1117.023890725858,-9,45766.779416767866,True,aggregate_independent_posterior_pairing
downtown,historical_model_estimate,2025-02-28,2025-02-19,7224.647329805829,7460.077360738772,7924.653110971324,8028.64155856488,8205.044380522708,8459.671641969582,8684.671917324218,8878.236393992365,8989.894053756483,9487.04962399189,9600.341136519635,625.6269411826854,-9,7409.003694753781,True,2025-02-28_downtown
fscoffee,historical_model_estimate,2025-02-28,2025-02-19,13433.671538416771,13602.069506387745,14032.409587978296,14123.673360980309,14255.245828953271,14433.311840678918,14626.647337510056,14808.13539563453,14916.303113194843,15300.318761731736,15441.64741237091,526.2115667115627,-9,14158.236961645282,True,2025-02-28_fscoffee
hurricane,historical_model_estimate,2025-02-28,2025-02-19,11439.92535524373,11611.180689083365,12129.752936517585,12217.024794524397,12350.167187748426,12532.464268694986,12741.631418680061,12913.617640459566,13019.166050950334,13439.587550351911,13624.188985964856,551.6810657040329,-9,12163.526948306344,True,2025-02-28_hurricane
springdale,historical_model_estimate,2025-02-28,2025-02-19,11504.471520177694,11677.653321860658,12111.615998760037,12214.919274538195,12381.525447467922,12590.791377650296,12795.218560357263,12973.55857153577,13065.497496321279,13484.409534858256,13658.866062199399,552.5004214397827,-9,12036.011812062465,True,2025-02-28_springdale
all,historical_model_estimate,2025-02-28,2025-02-20,47632.17615361766,47984.14149413535,48844.09906984974,49019.729494708576,49386.33762236141,49897.46665041525,50294.45018164168,50673.138867394315,50901.27734650831,51837.73906890976,52224.38760152024,1186.0617302622531,-8,50490.83695474645,True,aggregate_independent_posterior_pairing
downtown,historical_model_estimate,2025-02-28,2025-02-20,9114.939338809396,9277.893805861908,9816.155523328227,9933.601322604873,10123.894062497036,10382.370146241024,10659.319714940062,10885.231141971892,10991.51380766602,11515.167156584443,11733.883594957162,695.5957052009452,-8,10230.183649091876,True,2025-02-28_downtown
fscoffee,historical_model_estimate,2025-02-28,2025-02-20,12535.21153523574,12710.675751126879,13144.44812932637,13247.240106629903,13418.975114901034,13645.842063484224,13883.341054451066,14036.561202312174,14123.185481361612,14636.067297859116,14816.139844452817,581.3760283555273,-8,13625.988115932916,True,2025-02-28_fscoffee
hurricane,historical_model_estimate,2025-02-28,2025-02-20,11786.579866489003,11910.897842473762,12357.194192013296,12450.487317554715,12609.068691932447,12851.552401942245,13057.745344631097,13206.883511052882,13309.706106012209,13825.538438232128,14082.962966063038,589.2828222457215,-8,14292.85541955038,True,2025-02-28_hurricane
springdale,historical_model_estimate,2025-02-28,2025-02-20,11919.38876138338,12104.060191602322,12482.215412057538,12599.893814103167,12749.819378575772,12991.362621677725,13194.581337827834,13370.538245423619,13463.78269568319,13853.586281466818,14039.945391081093,565.9006673100188,-8,12341.809770171283,True,2025-02-28_springdale
all,historical_model_estimate,2025-02-28,2025-02-21,48538.730543387486,48961.10782911309,50007.17555280441,50182.66138805568,50479.56175920451,50987.05501120465,51425.92087203941,51749.926605207016,52019.13414524366,53046.33231647053,53416.214006939124,1226.7527072347395,-7,52165.36509263792,True,aggregate_independent_posterior_pairing
downtown,historical_model_estimate,2025-02-28,2025-02-21,10251.608017433286,10417.713550083978,10940.079699363872,11070.47821588849,11284.476338322012,11602.465868516516,11891.390679474905,12056.42718915301,12171.267333325366,12672.046366989414,12990.072082186856,700.3741501260076,-7,11811.356471274,True,2025-02-28_downtown
fscoffee,historical_model_estimate,2025-02-28,2025-02-21,11789.835142982216,11969.981472687801,12524.12191057184,12619.47354697884,12764.835165850845,12992.916110192933,13198.422240207925,13376.5736036187,13463.633899514047,13996.22947321758,14192.19079228523,594.8389694588241,-7,13535.096019834213,True,2025-02-28_fscoffee
hurricane,historical_model_estimate,2025-02-28,2025-02-21,12561.577499476285,12767.34870252815,13237.408911506289,13317.51962807332,13473.594459974383,13683.120290282986,13899.41612903985,14043.138732425523,14132.972966409756,14540.750918583102,14749.352272423475,554.9107716415656,-7,14472.159791405536,True,2025-02-28_hurricane
springdale,historical_model_estimate,2025-02-28,2025-02-21,11560.66942953938,11761.906305769204,12273.8747332964,12342.889416581751,12525.444603051432,12729.768167696355,12941.964703805936,13102.6389029634,13193.615980814786,13620.94987775911,13764.252840025054,569.2588293453608,-7,12346.752810124166,True,2025-02-28_springdale
all,historical_model_estimate,2025-02-28,2025-02-22,48219.047853208416,48734.57935510176,49488.41618140346,49693.966178954564,50037.228925053896,50462.70240934643,50980.84302135235,51315.58190709128,51503.7532848505,52363.3832142215,52666.643050125625,1159.6832302546547,-6,49461.077715598134,True,aggregate_independent_posterior_pairing
downtown,historical_model_estimate,2025-02-28,2025-02-22,10013.984518982623,10218.53988392528,10792.295967287744,10900.156518959748,11074.04967171199,11332.87759219072,11592.852759920861,11782.07437196189,11869.338378054028,12376.37555204931,12544.686923472955,650.4245304086063,-6,11368.195445394118,True,2025-02-28_downtown
fscoffee,historical_model_estimate,2025-02-28,2025-02-22,11929.691944507378,12154.98836014463,12578.04626647192,12644.430173213632,12824.489648400238,13061.361401044802,13297.052351943841,13449.990233797871,13533.979887118312,14044.121965265273,14205.19536326807,577.5737840110863,-6,13120.172715468656,True,2025-02-28_fscoffee
hurricane,historical_model_estimate,2025-02-28,2025-02-22,13159.544335803845,13366.865213798457,13768.264196084601,13859.710957504223,14018.359058312311,14259.606166357917,14468.159939447394,14629.64458287421,14740.8862855561,15198.376083423955,15342.001579940921,560.193116539553,-6,13361.0784838737,True,2025-02-28_hurricane
springdale,historical_model_estimate,2025-02-28,2025-02-22,10894.863317512056,11051.664456401266,11386.31236393323,11470.292857150758,11612.530272418733,11817.06929531454,12046.631632870625,12228.11601955307,12319.351902647351,12762.51700880731,12973.17638471258,537.5293608721521,-6,11611.631070861657,True,2025-02-28_springdale
all,historical_model_estimate,2025-02-28,2025-02-23,46678.45609115978,47067.37528877335,47937.71797768143,48132.713140920576,48532.05146099676,48973.30754880272,49366.52822925583,49684.20014886813,49849.29506745162,50748.36389100092,50980.69202016435,1139.4058375110333,-5,,False,aggregate_independent_posterior_pairing
downtown,historical_model_estimate,2025-02-28,2025-02-23,9088.871651860423,9284.012425453297,9840.81452825676,9973.122646378697,10175.637937868389,10414.487841119379,10666.89524248389,10842.39566529998,10948.233516276932,11471.351183799927,11738.55993881785,659.2097958675907,-5,9963.510576248364,True,2025-02-28_downtown
fscoffee,historical_model_estimate,2025-02-28,2025-02-23,12402.548586656247,12563.152673809434,12996.557485426205,13090.880811989362,13240.057304915204,13446.234153502757,13676.429399188146,13818.845072406939,13900.07102519825,14354.201993701894,14534.093029150345,538.2458858502221,-5,14330.522365484148,True,2025-02-28_fscoffee
hurricane,historical_model_estimate,2025-02-28,2025-02-23,13102.56516881972,13249.606669942794,13629.34248483271,13745.187209777952,13876.579082091457,14117.146678270594,14316.939851714867,14479.355983624198,14575.359589465623,14968.918962110387,15118.458357728941,537.5057379158732,-5,,False,2025-02-28_hurricane
springdale,historical_model_estimate,2025-02-28,2025-02-23,9929.975174293491,10085.46567045943,10501.923258156852,10592.040752730243,10735.756713597779,10954.370306727056,11194.238081228828,11356.508238167438,11438.581189685898,11830.05904744596,11949.297429963588,536.604018639224,-5,11066.893778519216,True,2025-02-28_springdale
all,historical_model_estimate,2025-02-28,2025-02-24,45746.209658677406,46101.8831997874,46969.044107082926,47181.229495740765,47527.26877488818,47939.28560501356,48374.95959805299,48725.351254204565,48943.58293916912,49808.728258502204,50106.61473290597,1122.0236161764817,-4,48422.55082512029,True,aggregate_independent_posterior_pairing
downtown,historical_model_estimate,2025-02-28,2025-02-24,8214.687228318393,8456.389280336749,8954.702721385926,9069.47479532258,9221.65941369872,9449.991052902787,9711.578560378835,9910.993666555616,10036.6744586879,10573.490188763612,10737.608397164795,649.3968295224594,-4,10144.54064058074,True,2025-02-28_downtown
fscoffee,historical_model_estimate,2025-02-28,2025-02-24,13373.45297055507,13534.02727299354,13959.83041269309,14034.175522928153,14184.188410315188,14398.820657033359,14586.841991986657,14736.376557538078,14840.156654671187,15281.164933357551,15503.486606785278,534.5803795527968,-4,14993.59955922321,True,2025-02-28_fscoffee
hurricane,historical_model_estimate,2025-02-28,2025-02-24,12214.087029916072,12385.370813996004,12808.903568677553,12919.347306422274,13072.280336519607,13272.952283984108,13479.769941853692,13645.962719908362,13731.987074485301,14167.426710915783,14333.955639613827,546.931962656961,-4,12776.808782910572,True,2025-02-28_hurricane
springdale,historical_model_estimate,2025-02-28,2025-02-24,9732.582353836977,9896.04302049006,10339.506557803292,10411.381501502696,10608.760598066954,10820.462843571519,11018.881985875878,11148.508776447106,11234.374874645351,11678.72597669012,11864.748017027703,535.2316133810144,-4,10507.601842405767,True,2025-02-28_springdale
all,historical_model_estimate,2025-02-28,2025-02-25,46876.597266447585,47232.51237849613,48187.018482734304,48379.05646088417,48716.02945445487,49165.71674250367,49653.13277288059,49953.49698657826,50124.62272362478,50948.22379074027,51259.93619748407,1160.4177437482292,-3,,False,aggregate_independent_posterior_pairing
downtown,historical_model_estimate,2025-02-28,2025-02-25,8112.094761770565,8399.997423915269,8989.815523189714,9118.817537439416,9337.42777389253,9587.333745621258,9841.37439136612,10035.654333357894,10148.570755321323,10692.375368126268,10906.805320140276,699.0195488488808,-3,9400.989657287037,True,2025-02-28_downtown
fscoffee,historical_model_estimate,2025-02-28,2025-02-25,13833.606941374217,13996.383270699496,14428.15275741611,14522.071661159396,14690.950569043944,14915.33860752148,15096.97586118045,15295.982756638583,15369.542824294607,15830.893563465077,16007.540964455407,557.6617849605489,-3,14128.31463052882,True,2025-02-28_fscoffee
hurricane,historical_model_estimate,2025-02-28,2025-02-25,11432.101919643863,11638.16724753574,12074.761506525809,12151.26303706612,12288.182763332297,12502.801471723005,12714.722472327296,12883.580416166586,12944.977282792117,13367.669768787142,13565.786523690022,535.6254015054234,-3,,False,2025-02-28_hurricane
springdale,historical_model_estimate,2025-02-28,2025-02-25,11121.93696686301,11300.666718948221,11714.416668101509,11803.500808249108,11961.214511942439,12179.619933655515,12371.676792634304,12531.773512044287,12622.67138852554,13112.967989103376,13235.023803942622,546.3489975697215,-3,11627.77367924202,True,2025-02-28_springdale
all,historical_model_estimate,2025-02-28,2025-02-26,48290.78912562012,48763.46250936848,49742.15343169475,49906.7240724439,50271.99878294454,50741.70850623748,51160.69246334592,51510.78632419903,51660.301544643815,52617.62738971614,53025.684937263366,1179.747227381076,-2,49362.85249156265,True,aggregate_independent_posterior_pairing
downtown,historical_model_estimate,2025-02-28,2025-02-26,8570.44260967405,8933.304844037146,9553.756701320855,9706.220420231602,9923.992203999049,10186.193153060765,10497.234771497358,10669.85151644491,10754.936034288125,11338.513442590678,11481.24774645592,720.2839116163905,-2,9728.77060882965,True,2025-02-28_downtown
fscoffee,historical_model_estimate,2025-02-28,2025-02-26,13640.79005883391,13825.890222246797,14247.920314189727,14354.57446864144,14517.972708490452,14706.66883282928,14875.510870102531,15037.946308900227,15106.213709694017,15546.974918729215,15688.56637825982,523.6676373484478,-2,14755.128409901788,True,2025-02-28_fscoffee
hurricane,historical_model_estimate,2025-02-28,2025-02-26,11443.384813359558,11571.419595461832,11994.406547226554,12075.938547749705,12222.409524802182,12434.945019019877,12635.991619786404,12824.020310266906,12902.19056696847,13330.73092522847,13506.005268405135,535.186594005014,-2,12141.205658623756,True,2025-02-28_hurricane
springdale,historical_model_estimate,2025-02-28,2025-02-26,12345.970248137142,12461.959153535397,12938.962623392266,13026.608768595952,13176.773212345439,13383.984060493085,13613.72271494928,13775.110917877228,13891.24847282297,14328.09041957045,14506.144025280046,575.446746534114,-2,12737.74781420745,True,2025-02-28_springdale
all,historical_model_estimate,2025-02-28,2025-02-27,48420.80877508309,48699.85743142319,49576.437679435636,49773.0523983964,50098.43238632766,50553.860961753,50945.29320864607,51242.065962851804,51433.964584828755,52314.09160757944,52624.192013393345,1111.755040286439,-1,50143.87748541842,True,aggregate_independent_posterior_pairing
downtown,historical_model_estimate,2025-02-28,2025-02-27,9012.533370272653,9214.725070729603,9749.026610368166,9836.097309569293,10019.443412555613,10256.58463455551,10471.983935352815,10648.466178141214,10784.678083510222,11292.453828860256,11573.261911393864,626.4579177963338,-1,10346.510958967698,True,2025-02-28_downtown
fscoffee,historical_model_estimate,2025-02-28,2025-02-27,12789.727474428173,12980.722897740643,13358.186376099231,13450.202177828518,13604.001779794962,13792.788698157077,13985.887332010143,14120.37993847483,14217.134560261182,14615.997003881126,14737.906762193592,509.72704124172714,-1,13824.406101406472,True,2025-02-28_fscoffee
hurricane,historical_model_estimate,2025-02-28,2025-02-27,11721.13275703358,11906.91402360179,12330.306608250508,12423.387830122649,12569.870026000262,12763.533290920353,12973.02267624599,13137.647665583327,13202.62909161656,13666.69192166034,13883.701160017365,532.9430888948025,-1,13215.45444148419,True,2025-02-28_hurricane
springdale,historical_model_estimate,2025-02-28,2025-02-27,12715.743983381999,12858.872911738477,13265.686344009471,13355.692693538667,13487.437308489314,13686.027053124842,13894.587773541285,14048.395138606236,14126.116807361659,14558.394300196353,14760.203924051893,539.8574672907583,-1,12757.50598356006,True,2025-02-28_springdale
all,historical_model_estimate,2025-02-28,2025-02-28,48560.673504887025,48894.913065285036,49691.81745598316,49850.88772319342,50212.05327206346,50685.84089952322,51123.52908629882,51452.2782343044,51654.43864688177,52516.06067110803,52995.425182479,1138.4651978249863,0,50708.28546549358,True,aggregate_independent_posterior_pairing
downtown,historical_model_estimate,2025-02-28,2025-02-28,9263.321248826118,9498.96336513367,9989.629340747442,10118.041093736485,10327.255528246349,10558.1448962178,10839.133276732893,11024.503027730694,11156.058805852297,11602.159197571333,11799.92315306218,656.3587793415811,0,10482.997240065755,True,2025-02-28_downtown
fscoffee,historical_model_estimate,2025-02-28,2025-02-28,12078.47556886713,12202.850701667998,12631.912629143151,12709.643865071845,12847.585653991084,13066.981393506878,13260.708058377952,13430.970262691346,13502.29885220981,13952.476431831794,14111.170281925934,533.8691024956404,0,13781.310918251404,True,2025-02-28_fscoffee
hurricane,historical_model_estimate,2025-02-28,2025-02-28,12500.184179854876,12681.232927864025,13097.539061913922,13190.967958165487,13336.747861053176,13571.88263585171,13775.445348310528,13937.149042424777,14053.008360845904,14480.180369224814,14647.456418886626,557.9534444405953,0,13434.998556603729,True,2025-02-28_hurricane
springdale,historical_model_estimate,2025-02-28,2025-02-28,12441.472821890178,12602.05436343699,13015.510330224351,13107.949466232973,13275.001968222332,13466.627566548752,13681.025750840885,13823.60956848072,13919.797852045953,14429.523805451796,14579.272202178927,548.5759586327256,0,13008.978750572696,True,2025-02-28_springdale
all,recent_performance,2025-01-31,2025-02-15,48795.35409318509,49207.16699997619,50154.80754127493,50414.49434616795,50823.22266289192,51359.05773273202,51868.60279297696,52249.38149878529,52495.78467453093,53519.22301147391,53821.49997566259,1318.9132432282017,15,44464.48057657461,True,aggregate_independent_posterior_pairing
downtown,recent_performance,2025-01-31,2025-02-15,9336.10616034279,9574.810340823917,10143.733577269662,10233.2176420716,10438.760489101931,10707.195902605286,10965.169636771268,11179.819631776505,11290.379751541863,11876.770906192902,12053.092234476017,710.5082620539836,15,9079.955128246616,True,2025-01-31_downtown
fscoffee,recent_performance,2025-01-31,2025-02-15,11944.134545832967,12144.859235095806,12629.728975800108,12723.898378218913,12936.78502817001,13189.696944908053,13393.673972966657,13566.336773333074,13663.418648857509,14109.71137987589,14291.487426069505,618.1732946341479,15,11323.419013956627,True,2025-01-31_fscoffee
hurricane,recent_performance,2025-01-31,2025-02-15,13959.14207395735,14125.983927115985,14606.700717189113,14733.273481557957,14911.300082800917,15150.313419192684,15419.300788075247,15576.56923018083,15695.953343547466,16185.71075498511,16419.146586485804,646.8850840398428,15,12494.2424880793,True,2025-01-31_hurricane
springdale,recent_performance,2025-01-31,2025-02-15,11150.957884332978,11258.831518746088,11727.511267573458,11845.09076138501,12039.915503574757,12303.119176905937,12569.183402365774,12766.260714950055,12895.257275261114,13431.137449939037,13694.278530681338,671.45607619103,15,11566.863946292066,True,2025-01-31_springdale
all,recent_performance,2025-01-31,2025-02-16,47322.930464904515,47765.60746910151,48757.62833612757,48943.82431942825,49336.23043433082,49835.98417030589,50253.75711358682,50655.280363222904,50895.815313933555,52151.459770833375,52508.560825647444,1323.0408898598266,16,43056.38738528675,True,aggregate_independent_posterior_pairing
downtown,recent_performance,2025-01-31,2025-02-16,8681.523274867328,8833.692886722381,9264.584040950162,9402.423486768601,9634.938611380698,9894.44618579541,10165.029906997392,10408.036567081479,10507.285597974917,11061.274432367925,11297.67982399506,699.7726007664908,16,8001.43841269949,True,2025-01-31_downtown
fscoffee,recent_performance,2025-01-31,2025-02-16,12354.613617855644,12495.95692440852,12980.053117943726,13101.25271578993,13274.246972626013,13526.279437372925,13725.872482983474,13917.320765286373,14016.471753711223,14470.64097689436,14680.474890479294,601.3110757193267,16,11463.32614346173,True,2025-01-31_fscoffee
hurricane,recent_performance,2025-01-31,2025-02-16,13771.93242500254,13975.369300070573,14470.850529132815,14572.093810485852,14778.815233602034,15024.750993441692,15299.745478340452,15485.274057246546,15591.012025685066,16082.978468767082,16221.978500607953,646.9417024286834,16,12474.282028431244,True,2025-01-31_hurricane
springdale,recent_performance,2025-01-31,2025-02-16,10046.5932516505,10211.889832995048,10832.574173152876,10936.596825210101,11122.951281774194,11365.768279153359,11632.438737905182,11855.210269713643,11960.755944842253,12522.344404561121,12787.22341805429,694.8038255143183,16,11117.34080069428,True,2025-01-31_springdale
all,recent_performance,2025-01-31,2025-02-17,46487.5831386398,46804.549386680555,47778.32396958535,48001.16040484239,48374.5472697746,48936.53810359333,49416.62238107355,49842.866293844476,50019.87028483768,51048.41410062304,51436.612982153,1300.0157373493064,17,43009.120949847864,True,aggregate_independent_posterior_pairing
downtown,recent_performance,2025-01-31,2025-02-17,7586.258028707171,7822.998485057045,8403.624593474808,8537.568097993671,8757.504378449306,9005.82579083502,9273.109300287306,9452.686102195137,9570.757832627603,10074.913506012324,10209.08580863341,687.964619526303,17,6694.309598622806,True,2025-01-31_downtown
fscoffee,recent_performance,2025-01-31,2025-02-17,13208.630572224385,13358.300898912583,13849.486442929317,13968.094871683134,14150.33948420372,14380.074700044428,14624.83617174719,14784.254279633875,14897.464230810621,15399.432434320854,15600.353323003035,616.0756986678826,17,13154.39123293985,True,2025-01-31_fscoffee
hurricane,recent_performance,2025-01-31,2025-02-17,13115.146115247842,13306.650192310633,13735.609219991973,13822.829208542069,14000.263807670515,14253.513658777181,14502.828407409703,14692.444240721465,14824.689004385318,15319.164259666864,15517.255667875203,628.0340503367473,17,12460.95010056746,True,2025-01-31_hurricane
springdale,recent_performance,2025-01-31,2025-02-17,9927.405515526478,10092.918048050768,10692.878903678578,10808.921203917847,10982.356892585358,11265.807902883455,11520.316892891477,11753.912527737253,11861.928718164792,12477.726777475762,12662.529499612392,705.2182480787826,17,10699.470017717753,True,2025-01-31_springdale
all,recent_performance,2025-01-31,2025-02-18,46664.02410786073,47146.65908758218,48161.26097277378,48349.21920868039,48703.07335415023,49192.39916208392,49785.72377929595,50208.30467914289,50443.05973371279,51399.01252070925,51721.40199655751,1312.8502416610258,18,45264.31482367325,True,aggregate_independent_posterior_pairing
downtown,recent_performance,2025-01-31,2025-02-18,7651.623087853234,7884.498185006095,8397.056551404163,8523.816120924437,8758.13782332457,9002.204379332703,9313.643955549205,9542.280236932937,9624.475147299272,10212.273588417987,10495.295240974461,726.3563669166967,18,7881.625747360883,True,2025-01-31_downtown
fscoffee,recent_performance,2025-01-31,2025-02-18,13628.207591163718,13810.724255323645,14297.854671648169,14395.172546230926,14558.892171334399,14773.836416479026,15006.369697103084,15194.871560651005,15305.742151651853,15783.142056186207,16025.401414495245,612.2287648250649,18,14234.991955542091,True,2025-01-31_fscoffee
hurricane,recent_performance,2025-01-31,2025-02-18,12429.5567016553,12549.598452220282,13021.094146924963,13126.703632837063,13323.45969711718,13551.638925942269,13819.782318987103,14023.324641824462,14129.325863120546,14714.644690707304,14810.936858282988,639.5686960655595,18,11669.617130610348,True,2025-01-31_hurricane
springdale,recent_performance,2025-01-31,2025-02-18,10577.040859846287,10772.095713004843,11318.343198068305,11433.648305867677,11639.019231546601,11845.603724063712,12059.413815807395,12288.568190215878,12411.710360081988,12981.24803310246,13270.767081948112,675.4041898937181,18,11478.079990159928,True,2025-01-31_springdale
all,recent_performance,2025-01-31,2025-02-19,48422.80365407028,48991.02516304468,50049.33340259711,50246.602830474476,50620.02232474819,51167.91015297147,51652.36164425705,52066.060510484655,52228.45285237059,53422.05167787807,53805.46682142181,1349.1739078171843,19,45766.779416767866,True,aggregate_independent_posterior_pairing
downtown,recent_performance,2025-01-31,2025-02-19,8446.578215301739,8641.532849534038,9174.865929381398,9294.218404203175,9487.705175171322,9807.319347878649,10098.316522215453,10289.34219156067,10384.007555091805,10938.32715521759,11117.80655180952,705.1586624158442,19,7409.003694753781,True,2025-01-31_downtown
fscoffee,recent_performance,2025-01-31,2025-02-19,13471.170894106786,13679.659487079172,14167.401561189534,14286.792612372294,14460.486690427033,14734.68653907449,14968.654488794065,15146.14158393506,15244.349066804898,15712.53550789586,15912.812581747794,643.153671156136,19,14158.236961645282,True,2025-01-31_fscoffee
hurricane,recent_performance,2025-01-31,2025-02-19,12292.333225971852,12525.427979386272,12993.874299145475,13086.671116532258,13252.333640776855,13520.927802480404,13771.76647216684,13994.641266388277,14104.893150071253,14616.947002769448,14854.57561617869,648.5956185822224,19,12163.526948306344,True,2025-01-31_hurricane
springdale,recent_performance,2025-01-31,2025-02-19,11834.805744292455,11952.998999832496,12523.54882159966,12637.836321201052,12854.19948250071,13121.505381358154,13376.489170528259,13569.275381282614,13709.896224834942,14382.3230532773,14581.53640714103,711.7955334998774,19,12036.011812062465,True,2025-01-31_springdale
all,recent_performance,2025-01-31,2025-02-20,49061.63605396832,49604.049590318704,50741.51865796647,50958.96662152664,51308.194548280146,51810.20434280147,52394.406328333345,52834.184175761446,53021.02859112511,54024.89678405637,54590.49998258333,1362.901339121061,20,50490.83695474645,True,aggregate_independent_posterior_pairing
downtown,recent_performance,2025-01-31,2025-02-20,9359.563234694608,9529.016918433297,10129.828298953655,10228.867773663365,10396.444335894106,10713.471138437664,10986.06936397173,11203.759612601603,11309.156560588744,11921.361970331078,12117.993470951476,727.1537472445137,20,10230.183649091876,True,2025-01-31_downtown
fscoffee,recent_performance,2025-01-31,2025-02-20,12498.926852629642,12684.578327295463,13200.130160368692,13327.107168173829,13509.947199481821,13776.469443235503,14035.835161733405,14236.777716971348,14346.734174365522,14879.354514555183,15018.440867236108,664.7960936806862,20,13625.988115932916,True,2025-01-31_fscoffee
hurricane,recent_performance,2025-01-31,2025-02-20,12666.18074263545,12852.611132057425,13317.419979453844,13411.566715432851,13609.97274392878,13853.024831628398,14072.495305306858,14265.92792688325,14376.675344425481,14956.88919891177,15176.965137943906,645.5645279961591,20,14292.85541955038,True,2025-01-31_hurricane
springdale,recent_performance,2025-01-31,2025-02-20,12098.728932562837,12357.667846946737,12953.556130211418,13060.345096160261,13258.630722843027,13467.695403808015,13745.384673063843,13951.915841695183,14072.786289678563,14745.465693375296,15085.165093498963,712.8557671622444,20,12341.809770171283,True,2025-01-31_springdale
all,recent_performance,2025-01-31,2025-02-21,49231.48928987166,49646.536186197016,50728.89973666161,50969.832522953955,51414.296526568854,52013.51221976876,52493.89348094398,52892.4747062452,53185.71432816153,54206.15678323601,54490.27461004698,1379.8685393473916,21,52165.36509263792,True,aggregate_independent_posterior_pairing
downtown,recent_performance,2025-01-31,2025-02-21,9365.393164485014,9661.749218492008,10284.206754988456,10407.166108945079,10647.3818830012,10913.682930527617,11184.697019314046,11385.521926196114,11550.001880438025,12125.469419981046,12354.912215490103,740.0487654031903,21,11811.356471274,True,2025-01-31_downtown
fscoffee,recent_performance,2025-01-31,2025-02-21,11773.140207713403,12006.096492835328,12525.25348326202,12648.515005618478,12824.749415915907,13083.41732395599,13354.082526634475,13498.7302604919,13628.994798199668,14169.031827816034,14389.577058533478,663.3842406082722,21,13535.096019834213,True,2025-01-31_fscoffee
hurricane,recent_performance,2025-01-31,2025-02-21,13290.46888847376,13547.05208011375,14053.672418212343,14126.915085036675,14330.13642841807,14617.330465007413,14907.559761937126,15092.34688042988,15202.113828332042,15713.692670263847,15967.23677296523,688.0977008734646,21,14472.159791405536,True,2025-01-31_hurricane
springdale,recent_performance,2025-01-31,2025-02-21,11944.367186656229,12196.139749317232,12740.056795085757,12839.128872517194,13056.043147058059,13323.75970509341,13556.409662235988,13794.334481723747,13927.350439142743,14582.033610453054,14851.352964866854,713.8507941263382,21,12346.752810124166,True,2025-01-31_springdale
all,recent_performance,2025-01-31,2025-02-22,48863.22627491702,49247.18480405097,50301.26067038212,50517.0419174883,50888.090219140366,51441.93946817659,52028.132963771124,52485.701292608275,52726.76652541626,53851.239835348555,54285.91052981131,1415.8982529085022,22,49461.077715598134,True,aggregate_independent_posterior_pairing
downtown,recent_performance,2025-01-31,2025-02-22,9341.274721407119,9561.279664423997,10156.02908696912,10255.078835483306,10433.55345711245,10735.692770498164,11013.437727938577,11228.382668208988,11346.225339303535,11958.604373821425,12190.558071593761,734.6893486087106,22,11368.195445394118,True,2025-01-31_downtown
fscoffee,recent_performance,2025-01-31,2025-02-22,11770.10059319816,12012.210392157858,12567.182936806548,12677.4407454123,12856.620063644175,13082.743821401888,13361.42450205673,13554.79526861898,13654.646990779991,14153.253655471533,14385.040619496785,660.257309416093,22,13120.172715468656,True,2025-01-31_fscoffee
hurricane,recent_performance,2025-01-31,2025-02-22,13999.321591138576,14150.77550639256,14689.99093429691,14774.771567529111,14962.174139858105,15226.389874626819,15475.958645780172,15681.243848823164,15784.311992741043,16346.216400225478,16487.88857763357,662.6918848937769,22,13361.0784838737,True,2025-01-31_hurricane
springdale,recent_performance,2025-01-31,2025-02-22,11095.057159262507,11291.854811928004,11781.59287451606,11879.406885284829,12078.36532862259,12361.682038498902,12696.303030903573,12915.509225145182,13059.024282936547,13689.60009973491,14091.210412433878,762.5151387846736,22,11611.631070861657,True,2025-01-31_springdale
all,recent_performance,2025-01-31,2025-02-23,47185.06602812393,47656.8407585421,48913.76402987711,49123.9827430528,49511.515349363006,49962.00120811722,50527.600676500806,50860.69344056102,51103.293788387295,52341.50494509947,52591.89813064223,1379.9860674769604,23,,False,aggregate_independent_posterior_pairing
downtown,recent_performance,2025-01-31,2025-02-23,8461.930396487036,8726.942631035656,9271.717737899411,9379.903620659803,9576.660493193735,9849.90230365219,10166.662199703003,10344.178399483213,10464.406614785586,11045.389391762117,11227.97924779706,715.323005502545,23,9963.510576248364,True,2025-01-31_downtown
fscoffee,recent_performance,2025-01-31,2025-02-23,12112.610850076591,12356.773051630327,12966.438995707977,13069.378395987485,13253.090580197973,13488.324742299865,13757.97429700282,13959.184710431944,14082.632644884276,14573.171688720624,14761.378614071009,668.5277554682866,23,14330.522365484148,True,2025-01-31_fscoffee
hurricane,recent_performance,2025-01-31,2025-02-23,13763.647204913104,13960.875622770212,14533.346738261469,14652.28197097209,14797.783314378517,15076.461884890887,15379.232389629673,15581.366708621339,15679.226563936278,16143.75290987804,16331.536512607925,667.5759678443832,23,,False,2025-01-31_hurricane
springdale,recent_performance,2025-01-31,2025-02-23,10191.120577659476,10401.974032243726,10869.270657820276,10994.089597353686,11206.29684484013,11524.713994441505,11819.76121674753,12041.705771963389,12176.447359258307,12846.408124591468,13102.379242807649,749.5627221184582,23,11066.893778519216,True,2025-01-31_springdale
all,recent_performance,2025-01-31,2025-02-24,46024.52057681803,46580.91824053835,47811.00807679537,48112.848033935355,48474.93759693066,49074.225680989664,49626.95277900889,50049.967229409194,50292.27370791776,51326.45490216156,51721.611392905696,1459.12394670408,24,48422.55082512029,True,aggregate_independent_posterior_pairing
downtown,recent_performance,2025-01-31,2025-02-24,7542.6656820253465,7800.013803005916,8399.409492948016,8525.898325080574,8724.821768538048,8945.35845764651,9235.079405446431,9414.398946343917,9547.354705084113,10020.699638713251,10244.020931655574,688.9569744632319,24,10144.54064058074,True,2025-01-31_downtown
fscoffee,recent_performance,2025-01-31,2025-02-24,13048.792784359526,13199.82527345078,13732.918052445453,13875.76560095062,14079.883017981632,14333.123153918797,14603.471707435818,14800.679958382321,14912.877960396201,15455.565512898082,15618.30078273919,677.8972679509789,24,14993.59955922321,True,2025-01-31_fscoffee
hurricane,recent_performance,2025-01-31,2025-02-24,12949.851897151559,13210.205891890831,13758.76760667517,13888.144154930522,14077.937166282378,14328.495454773509,14633.28991328061,14821.87255295094,14945.557297091715,15570.054493160766,15788.081945695569,715.4030074484895,24,12776.808782910572,True,2025-01-31_hurricane
springdale,recent_performance,2025-01-31,2025-02-24,10076.952136714071,10239.305993528103,10790.753212581943,10888.2756566676,11109.261987790176,11375.700692346998,11648.981469834122,11876.73936427859,12014.703753602878,12714.765897073703,12946.026434838537,742.2248102464134,24,10507.601842405767,True,2025-01-31_springdale
all,recent_performance,2025-01-31,2025-02-25,46763.05276116113,47080.02155843921,48076.48600491765,48334.37278280904,48721.8828762778,49410.11089239178,49942.004610858516,50425.20553627224,50661.99081013427,51850.080537025024,52208.23233233548,1462.7968088481011,25,,False,aggregate_independent_posterior_pairing
downtown,recent_performance,2025-01-31,2025-02-25,7563.991411672322,7777.629111229665,8352.554819177936,8503.409759194896,8726.145936674146,8985.918829347836,9294.675843654495,9472.819443237175,9607.46448581858,10185.803546179279,10509.269299650327,748.2149742669295,25,9400.989657287037,True,2025-01-31_downtown
fscoffee,recent_performance,2025-01-31,2025-02-25,13328.482667934884,13522.54957512461,14145.53901608225,14252.481249973496,14443.335891610433,14702.685585553958,14996.569007197428,15221.262613907276,15376.511121756399,15942.492669996182,16232.898899445328,725.9216120599995,25,14128.31463052882,True,2025-01-31_fscoffee
hurricane,recent_performance,2025-01-31,2025-02-25,12373.13945298202,12555.08530318013,13098.399106389628,13200.669885479001,13378.66227047169,13633.313169083489,13908.905077396803,14088.371603201569,14212.615454843512,14711.211318846392,14940.53224739331,669.1211173307792,25,,False,2025-01-31_hurricane
springdale,recent_performance,2025-01-31,2025-02-25,10645.648808657003,10810.224667576704,11377.139950931378,11480.061180755889,11689.053663308228,12006.647058271075,12331.615730473022,12540.660413821763,12686.756547794837,13235.430917902726,13492.692478483787,759.1831383593815,25,11627.77367924202,True,2025-01-31_springdale
all,recent_performance,2025-01-31,2025-02-26,48205.01890093215,48826.21588187857,50038.3468843182,50278.893183332875,50699.99703302783,51291.7528678392,51812.99334085509,52244.71707562217,52477.22881267591,53680.19562082683,54226.03976609559,1493.7483332326865,26,49362.85249156265,True,aggregate_independent_posterior_pairing
downtown,recent_performance,2025-01-31,2025-02-26,8216.045084241528,8510.665236903003,9156.908613290458,9293.232884109111,9483.98453131683,9773.829933089146,10072.01483606759,10272.692386316712,10397.290886998273,11017.164066699414,11266.164560185249,757.0437189119937,26,9728.77060882965,True,2025-01-31_downtown
fscoffee,recent_performance,2025-01-31,2025-02-26,13250.684573074741,13499.307334669184,14066.152115531948,14216.442955057842,14388.485354112354,14691.13736920307,14962.336089476858,15140.69683119866,15233.883592363543,15787.377487334414,16057.100482577562,700.5692794726575,26,14755.128409901788,True,2025-01-31_fscoffee
hurricane,recent_performance,2025-01-31,2025-02-26,12274.085719820445,12447.734042708891,12961.220368922184,13094.715131806086,13339.918525362878,13637.256275383726,13882.72204374051,14079.79098017979,14210.77123718792,14806.082511503986,15038.737343629782,720.8455104340994,26,12141.205658623756,True,2025-01-31_hurricane
springdale,recent_performance,2025-01-31,2025-02-26,11889.419874425334,12094.862305943465,12549.535504656631,12685.113564614334,12888.989544230453,13194.684805028865,13475.62297982657,13677.436755207986,13807.442249646374,14497.05785590452,14820.383939408353,748.0738916560083,26,12737.74781420745,True,2025-01-31_springdale
all,recent_performance,2025-01-31,2025-02-27,48904.22758327923,49381.32381605036,50853.86270778732,51130.04750196826,51445.58333524405,52011.72399183487,52578.79282253625,53033.857932380444,53272.67619272415,54465.34186614354,55068.979621404935,1508.2071966916465,27,50143.87748541842,True,aggregate_independent_posterior_pairing
downtown,recent_performance,2025-01-31,2025-02-27,9118.366660213615,9319.139258513032,10013.089533741617,10147.550099151511,10383.89321867392,10623.534182897256,10917.937636734636,11091.774553716501,11220.265811544748,11874.552111861285,12136.400393941956,751.041004458942,27,10346.510958967698,True,2025-01-31_downtown
fscoffee,recent_performance,2025-01-31,2025-02-27,12269.232456541991,12533.559055312102,13158.578490648633,13291.315259226452,13493.949118284992,13710.044513901383,13974.30483636247,14185.236014604387,14290.387174860112,14794.060629353691,15010.856810205692,690.9248957061448,27,13824.406101406472,True,2025-01-31_fscoffee
hurricane,recent_performance,2025-01-31,2025-02-27,12491.708656619907,12755.704870627658,13329.524159775401,13459.321919016415,13696.755571954063,13988.326274224935,14237.113295227657,14454.562416020108,14599.072377934719,15231.445586017784,15486.417756743063,753.467726085235,27,13215.45444148419,True,2025-01-31_hurricane
springdale,recent_performance,2025-01-31,2025-02-27,12195.059303369004,12504.669495328766,12994.078985634582,13120.949287444266,13374.523176232153,13664.09621266497,14011.484955809483,14211.714314613248,14330.495027133882,15116.302008333165,15339.192355161837,802.4169181104446,27,12757.50598356006,True,2025-01-31_springdale
all,recent_performance,2025-01-31,2025-02-28,49298.8487644602,49670.99616413419,50847.045395581925,51088.195810820274,51493.76615748483,52104.15714277424,52729.03512621709,53140.04881593731,53356.31820364098,54498.26029652051,54924.17917769083,1478.8048117460835,28,50708.28546549358,True,aggregate_independent_posterior_pairing
downtown,recent_performance,2025-01-31,2025-02-28,9404.75695984764,9734.344477291892,10322.704775428936,10441.666200641128,10670.570762514195,10951.350875534343,11235.318959135508,11456.09293561316,11576.19938303667,12151.38546864351,12369.901746891659,755.6152096174577,28,10482.997240065755,True,2025-01-31_downtown
fscoffee,recent_performance,2025-01-31,2025-02-28,11588.930192174279,11810.938974876299,12425.073562831538,12548.466334160436,12745.86761478554,13033.39278624583,13304.165440119024,13517.983201443898,13619.36969476635,14251.602576854144,14469.75636949287,734.4057374699419,28,13781.310918251404,True,2025-01-31_fscoffee
hurricane,recent_performance,2025-01-31,2025-02-28,13199.447202266612,13495.266158215632,14061.801634671556,14183.172421547606,14435.93610722211,14703.403154256608,14985.104203993948,15173.059358307024,15244.58759078652,15864.682586787894,16151.013484146122,730.0770652974286,28,13434.998556603729,True,2025-01-31_hurricane
springdale,recent_performance,2025-01-31,2025-02-28,11983.347435944477,12215.745007518592,12806.746589991135,12935.270389926969,13188.462879028533,13448.36198953342,13711.350417926162,13925.228904082498,14060.49869940571,14760.274128952817,14989.12152992996,764.0222498737588,28,13008.978750572696,True,2025-01-31_springdale
